timestamp,x,y,z,a,b,c
1581310273.928169155,-0.000103764,0.00047577,-8.15966e-15,-nan,-nan,-nan
1581310273.935029273,-0.000127158,0.000479538,-7.04939e-15,-nan,-nan,-nan
1581310273.941347296,-0.000136262,0.000429536,-5.07359e-15,-nan,-nan,-nan
1581310273.947858900,-0.000148796,0.000500054,-6.46066e-15,-nan,-nan,-nan
1581310273.954137839,-0.000116703,0.000408578,-5.57009e-15,-nan,-nan,-nan
1581310273.961370704,-0.000167797,0.000464117,-4.38636e-15,-nan,-nan,-nan
1581310273.968123091,-0.000147677,0.000360652,-2.51511e-15,-nan,-nan,-nan
1581310273.978157453,-0.000134084,0.000359585,-3.24114e-15,-nan,-nan,-nan
1581310274.017409042,-0.000379567,0.000897095,-1.89621e-15,-nan,-nan,-nan
1581310274.062148876,0.00347935,-0.00302395,-1.21907e-14,-nan,-nan,-nan
1581310274.069034078,0.00922872,-0.00954481,-5.24647e-14,-nan,-nan,-nan
1581310274.075360030,0.0106987,-0.0113535,-5.66187e-14,-nan,-nan,-nan
1581310274.082039077,0.0109259,-0.0118334,-5.41738e-14,-nan,-nan,-nan
1581310274.088301075,0.0129728,-0.0140961,-6.82295e-14,-nan,-nan,-nan
1581310274.095279283,0.0120207,-0.0131717,-5.77772e-14,-nan,-nan,-nan
1581310274.101431982,0.0151604,-0.017093,-7.60984e-14,-nan,-nan,-nan
1581310274.108177440,0.0145993,-0.0165924,-7.15667e-14,-nan,-nan,-nan
1581310274.115082111,0.0145845,-0.016608,-6.24518e-14,-nan,-nan,-nan
1581310274.121179643,0.0133031,-0.0152757,-4.9783e-14,-nan,-nan,-nan
1581310274.128237825,0.0146988,-0.0174306,-4.33321e-14,-nan,-nan,-nan
1581310274.171529679,0.0132945,-0.0156342,-3.67263e-14,-nan,-nan,-nan
1581310274.177970232,0.0123257,-0.0133936,-5.69918e-14,-nan,-nan,-nan
1581310274.184093708,0.0116768,-0.0125004,-6.43553e-14,-nan,-nan,-nan
1581310274.190286576,0.0123438,-0.0132925,-7.60334e-14,-nan,-nan,-nan
1581310274.196936479,0.0137386,-0.0145842,-8.47626e-14,-nan,-nan,-nan
1581310274.203011854,0.0103825,-0.0108453,-6.03813e-14,-nan,-nan,-nan
1581310274.209283683,0.0108068,-0.0111734,-6.68343e-14,-nan,-nan,-nan
1581310274.215427119,0.0133657,-0.013701,-9.00675e-14,-nan,-nan,-nan
1581310274.222092450,0.0100919,-0.0105595,-5.79281e-14,-nan,-nan,-nan
1581310274.228121633,0.0110142,-0.0117495,-5.40802e-14,-nan,-nan,-nan
1581310274.234271356,0.0105119,-0.0116556,-3.49824e-14,-nan,-nan,-nan
1581310274.241320517,0.0108656,-0.0123081,-2.82034e-14,-nan,-nan,-nan
1581310274.285986610,0.0110555,-0.0126981,-2.53906e-14,-nan,-nan,-nan
1581310274.292374630,0.011667,-0.013151,-3.63087e-14,-nan,-nan,-nan
1581310274.299049430,0.0107931,-0.0118801,-4.26804e-14,-nan,-nan,-nan
1581310274.305444677,0.0118168,-0.01284,-5.37159e-14,-nan,-nan,-nan
1581310274.312139066,0.0111029,-0.0120084,-5.4003e-14,-nan,-nan,-nan
1581310274.318911499,0.0118775,-0.0126185,-6.38075e-14,-nan,-nan,-nan
1581310274.325219734,0.0107851,-0.0114627,-5.37235e-14,-nan,-nan,-nan
1581310274.331919277,0.0118671,-0.0127265,-6.09532e-14,-nan,-nan,-nan
1581310274.338307777,0.0104532,-0.0114687,-4.84744e-14,-nan,-nan,-nan
1581310274.344981011,0.0129002,-0.0141522,-5.64695e-14,-nan,-nan,-nan
1581310274.351414579,0.0116409,-0.0124255,-5.8015e-14,-nan,-nan,-nan
1581310274.429627747,0.00588582,-0.00643886,-2.5774e-14,-nan,-nan,-nan
1581310274.436303792,0.0765654,-0.0773209,-5.75453e-13,-nan,-nan,-nan
1581310274.443073139,0.0112036,-0.0125615,-4.29097e-14,-nan,-nan,-nan
1581310274.449302851,0.0111638,-0.0125796,-3.00502e-14,-nan,-nan,-nan
1581310274.455897270,0.0106976,-0.0120898,-3.06814e-14,-nan,-nan,-nan
1581310274.464340630,0.0120133,-0.013812,-3.662e-14,-nan,-nan,-nan
1581310274.471109759,0.0106568,-0.0121605,-2.93881e-14,-nan,-nan,-nan
1581310274.477920399,0.0115504,-0.0132775,-3.11822e-14,-nan,-nan,-nan
1581310274.484311456,0.011545,-0.0133834,-2.32282e-14,-nan,-nan,-nan
1581310274.490998914,0.0106607,-0.0122832,-2.43774e-14,-nan,-nan,-nan
1581310274.497302090,0.0118308,-0.0139802,-1.79934e-14,-nan,-nan,-nan
1581310274.503935249,0.0107026,-0.0125141,-1.79895e-14,-nan,-nan,-nan
1581310274.547823500,0.0118283,-0.0119078,-8.8671e-14,-nan,-nan,-nan
1581310274.554144959,0.0114062,-0.0114572,-8.75304e-14,-nan,-nan,-nan
1581310274.561874394,0.0117902,-0.0127742,-5.7282e-14,-nan,-nan,-nan
1581310274.568260869,0.0120892,-0.0137302,-4.16808e-14,-nan,-nan,-nan
1581310274.575057685,0.010547,-0.0120948,-2.71838e-14,-nan,-nan,-nan
1581310274.582351808,0.0119541,-0.0141458,-1.8281e-14,-nan,-nan,-nan
1581310274.589113691,0.0110218,-0.0132593,-1.20694e-14,-nan,-nan,-nan
1581310274.595408206,0.0111659,-0.013453,-5.06025e-15,-nan,-nan,-nan
1581310274.602086332,0.010423,-0.0123347,-1.14867e-14,-nan,-nan,-nan
1581310274.608303428,0.0120854,-0.0137106,-3.93056e-14,-nan,-nan,-nan
1581310274.615062973,0.0114117,-0.0124389,-5.70297e-14,-nan,-nan,-nan
1581310274.621240325,0.0115927,-0.0119844,-7.97337e-14,-nan,-nan,-nan
1581310274.632043768,0.0124844,-0.0123508,-1.0636e-13,-nan,-nan,-nan
1581310274.638370676,0.0131147,-0.0126044,-1.27124e-13,-nan,-nan,-nan
1581310274.645047981,0.0120453,-0.011464,-1.18862e-13,-nan,-nan,-nan
1581310274.651402503,0.0131473,-0.0129042,-1.18607e-13,-nan,-nan,-nan
1581310274.659086851,0.0113242,-0.0116583,-7.85513e-14,-nan,-nan,-nan
1581310274.665909455,0.0118139,-0.0129555,-5.40112e-14,-nan,-nan,-nan
1581310274.672251741,0.0122016,-0.0141958,-3.4316e-14,-nan,-nan,-nan
1581310274.678925087,0.0114875,-0.013465,-2.95939e-14,-nan,-nan,-nan
1581310274.719418988,0.0116042,-0.0135726,-2.71393e-14,-nan,-nan,-nan
1581310274.726224043,0.0109928,-0.0121543,-4.76747e-14,-nan,-nan,-nan
1581310274.732286987,0.0137652,-0.0141756,-1.03244e-13,-nan,-nan,-nan
1581310274.776252885,0.0122914,-0.0124307,-1.01821e-13,-nan,-nan,-nan
1581310274.783017920,0.0124081,-0.0138324,-5.9103e-14,-nan,-nan,-nan
1581310274.789257306,0.0127798,-0.0144691,-4.55461e-14,-nan,-nan,-nan
1581310274.796083386,0.0105828,-0.0120684,-3.9235e-14,-nan,-nan,-nan
1581310274.802292675,0.0134702,-0.0157259,-3.96814e-14,-nan,-nan,-nan
1581310274.808950508,0.0104629,-0.0122489,-2.55083e-14,-nan,-nan,-nan
1581310274.815384198,0.0113252,-0.013324,-1.94418e-14,-nan,-nan,-nan
1581310274.822098001,0.0108028,-0.0128496,-1.88138e-14,-nan,-nan,-nan
1581310274.828287196,0.0131885,-0.015565,-2.93787e-14,-nan,-nan,-nan
1581310274.835132669,0.010408,-0.0119471,-3.3251e-14,-nan,-nan,-nan
1581310274.841452086,0.0123366,-0.0131844,-7.43186e-14,-nan,-nan,-nan
1581310274.890410402,0.0122575,-0.0122782,-1.02854e-13,-nan,-nan,-nan
1581310274.937289726,0.0115433,-0.0134184,-3.13558e-14,-nan,-nan,-nan
1581310274.944039086,0.0116161,-0.0136936,-2.65761e-14,-nan,-nan,-nan
1581310274.950363937,0.0126328,-0.0141353,-5.68317e-14,-nan,-nan,-nan
1581310274.957086758,0.0115412,-0.0122001,-7.45929e-14,-nan,-nan,-nan
1581310274.964392144,0.0125191,-0.0126217,-9.9799e-14,-nan,-nan,-nan
1581310274.971047578,0.0114161,-0.011342,-9.6741e-14,-nan,-nan,-nan
1581310274.977411529,0.0132186,-0.0130584,-1.23849e-13,-nan,-nan,-nan
1581310274.984040028,0.0120622,-0.0119413,-1.06854e-13,-nan,-nan,-nan
1581310274.990866740,0.0127924,-0.01267,-1.13174e-13,-nan,-nan,-nan
1581310274.997180331,0.0119863,-0.0117848,-1.09998e-13,-nan,-nan,-nan
1581310275.003388653,0.0122866,-0.0129197,-8.00321e-14,-nan,-nan,-nan
1581310275.061468138,0.00438601,-0.00508247,-1.29089e-14,-nan,-nan,-nan
1581310275.064951430,0.057449,-0.064997,-1.9471e-13,-nan,-nan,-nan
1581310275.071341197,0.0119917,-0.0118381,-1.01188e-13,-nan,-nan,-nan
1581310275.077894166,0.0117907,-0.0117858,-1.00041e-13,-nan,-nan,-nan
1581310275.084432437,0.0123938,-0.0121575,-1.11383e-13,-nan,-nan,-nan
1581310275.091356258,0.0111756,-0.0103479,-1.16046e-13,-nan,-nan,-nan
1581310275.098171717,0.0120026,-0.0111401,-1.26448e-13,-nan,-nan,-nan
1581310275.104423565,0.0124782,-0.0124802,-1.04754e-13,-nan,-nan,-nan
1581310275.111127060,0.0114455,-0.0125451,-6.18956e-14,-nan,-nan,-nan
1581310275.117987238,0.0119111,-0.0135526,-4.49275e-14,-nan,-nan,-nan
1581310275.124303928,0.011785,-0.0134116,-4.03313e-14,-nan,-nan,-nan
1581310275.168958662,0.0114136,-0.0132608,-3.21195e-14,-nan,-nan,-nan
1581310275.215126690,0.0123473,-0.0125904,-1.0115e-13,-nan,-nan,-nan
1581310275.221165643,0.0118951,-0.0122669,-9.4099e-14,-nan,-nan,-nan
1581310275.227412777,0.0127922,-0.013831,-7.76764e-14,-nan,-nan,-nan
1581310275.234117709,0.0118752,-0.0134524,-5.43937e-14,-nan,-nan,-nan
1581310275.240359734,0.0123613,-0.0143496,-4.07449e-14,-nan,-nan,-nan
1581310275.247331787,0.0114571,-0.0133984,-3.04718e-14,-nan,-nan,-nan
1581310275.254113766,0.0111235,-0.0131228,-2.85591e-14,-nan,-nan,-nan
1581310275.261914419,0.0123583,-0.0149152,-2.66862e-14,-nan,-nan,-nan
1581310275.268163862,0.0114123,-0.0136153,-2.62202e-14,-nan,-nan,-nan
1581310275.274384769,0.0118098,-0.013734,-3.0554e-14,-nan,-nan,-nan
1581310275.281106507,0.0108896,-0.0117967,-6.01843e-14,-nan,-nan,-nan
1581310275.329528585,0.00177878,-0.00184776,-1.34269e-14,-nan,-nan,-nan
1581310275.336316662,0.0931656,-0.0947416,-7.74995e-13,-nan,-nan,-nan
1581310275.342376593,0.0121847,-0.0139339,-4.67781e-14,-nan,-nan,-nan
1581310275.349061139,0.0109777,-0.0126955,-3.60639e-14,-nan,-nan,-nan
1581310275.355273604,0.0135472,-0.0160795,-3.479e-14,-nan,-nan,-nan
1581310275.362151913,0.010425,-0.0123807,-2.53195e-14,-nan,-nan,-nan
1581310275.368303947,0.0125404,-0.0149185,-2.94034e-14,-nan,-nan,-nan
1581310275.375153480,0.010492,-0.012217,-2.72198e-14,-nan,-nan,-nan
1581310275.381471420,0.0118833,-0.0137679,-3.74177e-14,-nan,-nan,-nan
1581310275.388134698,0.0116097,-0.013571,-3.65248e-14,-nan,-nan,-nan
1581310275.395077883,0.012307,-0.0135943,-6.66031e-14,-nan,-nan,-nan
1581310275.402335824,0.0107656,-0.0112542,-7.35511e-14,-nan,-nan,-nan
1581310275.449521001,0.0122655,-0.0124425,-1.02436e-13,-nan,-nan,-nan
1581310275.456974227,0.0139776,-0.0155155,-7.3895e-14,-nan,-nan,-nan
1581310275.464336386,0.0122383,-0.0143837,-3.76472e-14,-nan,-nan,-nan
1581310275.471206584,0.0106006,-0.0125343,-2.49082e-14,-nan,-nan,-nan
1581310275.477899057,0.0119332,-0.0142313,-2.36744e-14,-nan,-nan,-nan
1581310275.484205189,0.0115938,-0.0138915,-2.85501e-14,-nan,-nan,-nan
1581310275.490501100,0.0120616,-0.0141426,-3.57424e-14,-nan,-nan,-nan
1581310275.497165819,0.0110775,-0.012914,-3.18434e-14,-nan,-nan,-nan
1581310275.504059281,0.0118101,-0.0129308,-6.27949e-14,-nan,-nan,-nan
1581310275.510265950,0.0137797,-0.0145755,-9.59622e-14,-nan,-nan,-nan
1581310275.517116425,0.0109561,-0.0113509,-8.3763e-14,-nan,-nan,-nan
1581310275.562333069,0.0123252,-0.012664,-9.94556e-14,-nan,-nan,-nan
1581310275.612289595,0.0118973,-0.0139972,-3.56505e-14,-nan,-nan,-nan
1581310275.618361321,0.0128237,-0.0138601,-8.13441e-14,-nan,-nan,-nan
1581310275.625104530,0.0114099,-0.0116711,-9.1957e-14,-nan,-nan,-nan
1581310275.631439857,0.0129305,-0.0131409,-1.11743e-13,-nan,-nan,-nan
1581310275.638169424,0.0125233,-0.0129644,-1.05374e-13,-nan,-nan,-nan
1581310275.644418409,0.0137184,-0.0140843,-1.20361e-13,-nan,-nan,-nan
1581310275.651151880,0.0120402,-0.0119692,-1.14894e-13,-nan,-nan,-nan
1581310275.657432751,0.0128308,-0.012698,-1.2027e-13,-nan,-nan,-nan
1581310275.665218273,0.0138138,-0.0145139,-1.08546e-13,-nan,-nan,-nan
1581310275.671474068,0.0115867,-0.0133903,-5.17645e-14,-nan,-nan,-nan
1581310275.678143294,0.0114592,-0.013428,-3.62385e-14,-nan,-nan,-nan
1581310275.731600850,0.0116439,-0.0134328,-4.39419e-14,-nan,-nan,-nan
1581310275.738085672,0.0143293,-0.0149002,-1.16616e-13,-nan,-nan,-nan
1581310275.744412267,0.0129412,-0.0131203,-1.11787e-13,-nan,-nan,-nan
1581310275.751050115,0.0118365,-0.0115331,-1.1605e-13,-nan,-nan,-nan
1581310275.757466973,0.0131505,-0.0128697,-1.3337e-13,-nan,-nan,-nan
1581310275.765247607,0.012336,-0.0123248,-1.16167e-13,-nan,-nan,-nan
1581310275.771475856,0.0129931,-0.0137534,-9.43628e-14,-nan,-nan,-nan
1581310275.778184199,0.0113981,-0.0128995,-5.27418e-14,-nan,-nan,-nan
1581310275.784381509,0.0124322,-0.0145729,-3.9677e-14,-nan,-nan,-nan
1581310275.791219933,0.0111273,-0.0132797,-2.9593e-14,-nan,-nan,-nan
1581310275.797328648,0.0128444,-0.0150797,-4.49184e-14,-nan,-nan,-nan
1581310275.804102779,0.0111997,-0.0131132,-3.65456e-14,-nan,-nan,-nan
1581310275.864327897,0.012024,-0.013383,-6.31604e-14,-nan,-nan,-nan
1581310275.870977995,0.0129464,-0.0129811,-1.17779e-13,-nan,-nan,-nan
1581310275.877244999,0.0138804,-0.0138923,-1.29359e-13,-nan,-nan,-nan
1581310275.884012526,0.0113701,-0.0116933,-9.57202e-14,-nan,-nan,-nan
1581310275.890411392,0.0129111,-0.0138405,-9.10392e-14,-nan,-nan,-nan
1581310275.897155532,0.0121052,-0.0137208,-6.12132e-14,-nan,-nan,-nan
1581310275.904015660,0.0120377,-0.0138382,-5.01657e-14,-nan,-nan,-nan
1581310275.910261317,0.0109491,-0.0125387,-4.14871e-14,-nan,-nan,-nan
1581310275.916566897,0.0128823,-0.0150087,-4.89163e-14,-nan,-nan,-nan
1581310275.923213109,0.0116419,-0.0138111,-3.63772e-14,-nan,-nan,-nan
1581310275.929415442,0.0126394,-0.0150557,-3.41835e-14,-nan,-nan,-nan
1581310275.992237425,0.00109292,-0.00130454,-2.30712e-15,-nan,-nan,-nan
1581310275.999078952,0.106062,-0.11167,-7.84711e-13,-nan,-nan,-nan
1581310276.005418468,0.0109451,-0.0117201,-6.86327e-14,-nan,-nan,-nan
1581310276.012148731,0.0116328,-0.0134511,-4.11647e-14,-nan,-nan,-nan
1581310276.018426224,0.0123478,-0.0147007,-3.55873e-14,-nan,-nan,-nan
1581310276.025097718,0.0114227,-0.0135862,-3.41963e-14,-nan,-nan,-nan
1581310276.031492534,0.0120792,-0.0139493,-4.82028e-14,-nan,-nan,-nan
1581310276.038104881,0.0107438,-0.0124278,-3.74074e-14,-nan,-nan,-nan
1581310276.044501771,0.0120027,-0.0140785,-3.83976e-14,-nan,-nan,-nan
1581310276.051136263,0.0111987,-0.0134343,-2.59298e-14,-nan,-nan,-nan
1581310276.057399528,0.0126655,-0.0154106,-2.81408e-14,-nan,-nan,-nan
1581310276.065485008,0.0111767,-0.01322,-2.94505e-14,-nan,-nan,-nan
1581310276.128008258,0.0122659,-0.0128281,-9.54462e-14,-nan,-nan,-nan
1581310276.135095048,0.0120836,-0.0136479,-6.29795e-14,-nan,-nan,-nan
1581310276.141813489,0.0122866,-0.0145039,-3.995e-14,-nan,-nan,-nan
1581310276.148073896,0.0115724,-0.0136925,-3.67418e-14,-nan,-nan,-nan
1581310276.154493100,0.0120979,-0.0144872,-3.01555e-14,-nan,-nan,-nan
1581310276.162477726,0.0116055,-0.0139413,-2.72093e-14,-nan,-nan,-nan
1581310276.169041717,0.0108297,-0.0129831,-2.26356e-14,-nan,-nan,-nan
1581310276.175448194,0.0122281,-0.0148422,-2.55624e-14,-nan,-nan,-nan
1581310276.181975944,0.011797,-0.0141822,-3.28198e-14,-nan,-nan,-nan
1581310276.188377661,0.0132429,-0.0149056,-6.6731e-14,-nan,-nan,-nan
1581310276.195077038,0.0107219,-0.0115448,-7.04514e-14,-nan,-nan,-nan
1581310276.201364422,0.0140174,-0.0148886,-1.05896e-13,-nan,-nan,-nan
1581310276.253614981,0.0125772,-0.0133652,-9.60165e-14,-nan,-nan,-nan
1581310276.261246791,0.0111293,-0.0130243,-3.85939e-14,-nan,-nan,-nan
1581310276.299340951,0.0120792,-0.0144789,-3.53739e-14,-nan,-nan,-nan
1581310276.305894143,0.0139312,-0.0165724,-4.58203e-14,-nan,-nan,-nan
1581310276.312242587,0.0112324,-0.0126666,-6.00945e-14,-nan,-nan,-nan
1581310276.318530175,0.0135879,-0.0146111,-9.33234e-14,-nan,-nan,-nan
1581310276.325259224,0.0107133,-0.011312,-7.94639e-14,-nan,-nan,-nan
1581310276.331423348,0.0119595,-0.0125501,-9.45079e-14,-nan,-nan,-nan
1581310276.338135468,0.0134119,-0.014261,-1.0357e-13,-nan,-nan,-nan
1581310276.344419275,0.0145226,-0.0154523,-1.13198e-13,-nan,-nan,-nan
1581310276.351018486,0.0120018,-0.0127618,-8.89563e-14,-nan,-nan,-nan
1581310276.398702991,0.00278608,-0.00291127,-2.17405e-14,-nan,-nan,-nan
1581310276.405427727,0.0497936,-0.0569963,-2.39833e-13,-nan,-nan,-nan
1581310276.412150188,0.011355,-0.0138281,-2.38931e-14,-nan,-nan,-nan
1581310276.418505876,0.0120565,-0.0146643,-2.68901e-14,-nan,-nan,-nan
1581310276.425319711,0.0113162,-0.0136451,-2.87253e-14,-nan,-nan,-nan
1581310276.431530143,0.012387,-0.015035,-2.93661e-14,-nan,-nan,-nan
1581310276.438198125,0.0114725,-0.0131666,-5.24841e-14,-nan,-nan,-nan
1581310276.445006660,0.0131788,-0.0141777,-9.69913e-14,-nan,-nan,-nan
1581310276.451307195,0.0142392,-0.0147512,-1.21895e-13,-nan,-nan,-nan
1581310276.459039387,0.0114032,-0.0117199,-1.00342e-13,-nan,-nan,-nan
1581310276.465499841,0.0134489,-0.0137755,-1.24195e-13,-nan,-nan,-nan
1581310276.505338375,0.0124187,-0.0138263,-7.48583e-14,-nan,-nan,-nan
1581310276.548181104,0.0120575,-0.0143393,-3.93934e-14,-nan,-nan,-nan
1581310276.554579393,0.0126702,-0.0150901,-4.21681e-14,-nan,-nan,-nan
1581310276.562446465,0.0124599,-0.0148745,-4.15456e-14,-nan,-nan,-nan
1581310276.569249757,0.0117294,-0.0132156,-6.45483e-14,-nan,-nan,-nan
1581310276.576151931,0.01243,-0.013254,-9.15618e-14,-nan,-nan,-nan
1581310276.582398632,0.0110978,-0.0114752,-9.47575e-14,-nan,-nan,-nan
1581310276.589130793,0.0145035,-0.0151994,-1.25086e-13,-nan,-nan,-nan
1581310276.595903808,0.0136125,-0.0141498,-1.19469e-13,-nan,-nan,-nan
1581310276.602133955,0.0123623,-0.01268,-1.09322e-13,-nan,-nan,-nan
1581310276.608506309,0.0131965,-0.0138954,-1.07408e-13,-nan,-nan,-nan
1581310276.615292111,0.0117616,-0.0130054,-7.5397e-14,-nan,-nan,-nan
1581310276.691348722,0.00642493,-0.00759184,-2.35939e-14,-nan,-nan,-nan
1581310276.697504850,0.0768933,-0.0906119,-2.95851e-13,-nan,-nan,-nan
1581310276.704232030,0.0117851,-0.0125725,-8.83904e-14,-nan,-nan,-nan
1581310276.710422353,0.0135225,-0.0144991,-1.01989e-13,-nan,-nan,-nan
1581310276.717196507,0.012077,-0.0128264,-9.54192e-14,-nan,-nan,-nan
1581310276.724096804,0.0133198,-0.0137555,-1.18878e-13,-nan,-nan,-nan
1581310276.730339347,0.0124771,-0.0128224,-1.1434e-13,-nan,-nan,-nan
1581310276.736517649,0.0136673,-0.0144951,-1.11086e-13,-nan,-nan,-nan
1581310276.743265967,0.0115935,-0.0131792,-6.01365e-14,-nan,-nan,-nan
1581310276.750071733,0.0125989,-0.0149486,-4.55445e-14,-nan,-nan,-nan
1581310276.756231479,0.0120483,-0.014596,-3.66084e-14,-nan,-nan,-nan
1581310276.763515216,0.0124654,-0.015073,-3.43519e-14,-nan,-nan,-nan
1581310276.806420393,0.0122243,-0.0147887,-3.60325e-14,-nan,-nan,-nan
1581310276.813275071,0.0117918,-0.0137136,-5.90908e-14,-nan,-nan,-nan
1581310276.819572513,0.0136991,-0.0154611,-8.58557e-14,-nan,-nan,-nan
1581310276.826240031,0.0125369,-0.0138033,-8.95917e-14,-nan,-nan,-nan
1581310276.833174854,0.013213,-0.0143237,-1.00709e-13,-nan,-nan,-nan
1581310276.839427857,0.0146016,-0.0159504,-1.09564e-13,-nan,-nan,-nan
1581310276.846223161,0.011512,-0.0124817,-8.75612e-14,-nan,-nan,-nan
1581310276.886373782,0.0131637,-0.0147831,-8.23124e-14,-nan,-nan,-nan
1581310276.893247101,0.0107442,-0.0130694,-2.8903e-14,-nan,-nan,-nan
1581310276.899430139,0.012938,-0.0157133,-3.12448e-14,-nan,-nan,-nan
1581310276.906101139,0.0106213,-0.0127733,-3.26112e-14,-nan,-nan,-nan
1581310276.915674545,0.00980426,-0.0119663,-3.18953e-14,-nan,-nan,-nan
1581310276.954575293,0.0126051,-0.0147489,-5.11032e-14,-nan,-nan,-nan
1581310276.962102589,0.013452,-0.0147348,-8.9421e-14,-nan,-nan,-nan
1581310276.968416159,0.0128889,-0.0137668,-9.57609e-14,-nan,-nan,-nan
1581310276.975139228,0.01179,-0.0124866,-9.17127e-14,-nan,-nan,-nan
1581310276.981467096,0.0136053,-0.0143578,-1.13399e-13,-nan,-nan,-nan
1581310276.988100573,0.0124234,-0.0129529,-1.06631e-13,-nan,-nan,-nan
1581310277.027277840,0.00214674,-0.00228368,-1.60673e-14,-nan,-nan,-nan
1581310277.033444347,0.0755006,-0.0903606,-2.47339e-13,-nan,-nan,-nan
1581310277.040128110,0.0125956,-0.0151004,-3.9134e-14,-nan,-nan,-nan
1581310277.046225055,0.0122121,-0.0146681,-4.17108e-14,-nan,-nan,-nan
1581310277.052442946,0.0118248,-0.0143704,-3.30426e-14,-nan,-nan,-nan
1581310277.096389564,0.0122076,-0.0142834,-5.22003e-14,-nan,-nan,-nan
1581310277.103305493,0.0132579,-0.0146606,-9.06159e-14,-nan,-nan,-nan
1581310277.109374799,0.0149346,-0.0166698,-9.99366e-14,-nan,-nan,-nan
1581310277.116099381,0.0116252,-0.0126995,-8.3975e-14,-nan,-nan,-nan
1581310277.122339093,0.0119381,-0.0127065,-9.34174e-14,-nan,-nan,-nan
1581310277.129163611,0.0131172,-0.0139157,-1.0606e-13,-nan,-nan,-nan
1581310277.136452782,0.014361,-0.0154917,-1.08306e-13,-nan,-nan,-nan
1581310277.143146888,0.0112399,-0.0132023,-4.98652e-14,-nan,-nan,-nan
1581310277.149488148,0.0124294,-0.015063,-3.46104e-14,-nan,-nan,-nan
1581310277.156150594,0.011639,-0.0141339,-3.30588e-14,-nan,-nan,-nan
1581310277.163910744,0.0128114,-0.0154986,-4.34157e-14,-nan,-nan,-nan
1581310277.170465682,0.0127246,-0.0154075,-4.22445e-14,-nan,-nan,-nan
1581310277.214186179,0.0122673,-0.0149801,-3.50382e-14,-nan,-nan,-nan
1581310277.220408094,0.0139213,-0.0159952,-7.31075e-14,-nan,-nan,-nan
1581310277.226567660,0.0112798,-0.0127521,-6.53494e-14,-nan,-nan,-nan
1581310277.233377490,0.0143509,-0.0163264,-8.63153e-14,-nan,-nan,-nan
1581310277.283486297,0.0129476,-0.014233,-9.33886e-14,-nan,-nan,-nan
1581310277.290194089,0.0113337,-0.0137494,-3.19772e-14,-nan,-nan,-nan
1581310277.296433626,0.0127674,-0.015726,-3.09309e-14,-nan,-nan,-nan
1581310277.303229456,0.0123315,-0.0154203,-2.74017e-14,-nan,-nan,-nan
1581310277.309350356,0.0119988,-0.0149521,-2.76192e-14,-nan,-nan,-nan
1581310277.316112209,0.0121126,-0.0149122,-2.53992e-14,-nan,-nan,-nan
1581310277.322311570,0.0128758,-0.0155466,-3.46679e-14,-nan,-nan,-nan
1581310277.366432795,0.0116638,-0.0139979,-3.88884e-14,-nan,-nan,-nan
1581310277.374199783,0.0125518,-0.01418,-7.14821e-14,-nan,-nan,-nan
1581310277.380402648,0.0128398,-0.0145336,-7.12524e-14,-nan,-nan,-nan
1581310277.387102483,0.0113403,-0.0129,-5.93872e-14,-nan,-nan,-nan
1581310277.393423036,0.0126228,-0.0145349,-6.27736e-14,-nan,-nan,-nan
1581310277.400068883,0.0117244,-0.0134173,-6.23322e-14,-nan,-nan,-nan
1581310277.406549575,0.0124024,-0.0137931,-7.58378e-14,-nan,-nan,-nan
1581310277.413209813,0.0121333,-0.0133907,-8.38215e-14,-nan,-nan,-nan
1581310277.419449827,0.0140543,-0.0155772,-9.27633e-14,-nan,-nan,-nan
1581310277.426240294,0.0109579,-0.0120269,-7.52997e-14,-nan,-nan,-nan
1581310277.432410784,0.0144236,-0.0160898,-9.33724e-14,-nan,-nan,-nan
1581310277.439219617,0.0110842,-0.012317,-7.23879e-14,-nan,-nan,-nan
1581310277.482257839,0.0120804,-0.014586,-3.90152e-14,-nan,-nan,-nan
1581310277.489046596,0.0124443,-0.0155267,-2.34801e-14,-nan,-nan,-nan
1581310277.495299916,0.0117171,-0.0147604,-2.0206e-14,-nan,-nan,-nan
1581310277.534533494,0.0126307,-0.0148165,-5.89292e-14,-nan,-nan,-nan
1581310277.541304226,0.0128548,-0.0145803,-7.50342e-14,-nan,-nan,-nan
1581310277.547388480,0.0121419,-0.0135269,-7.65984e-14,-nan,-nan,-nan
1581310277.553997237,0.0139606,-0.0153944,-9.38556e-14,-nan,-nan,-nan
1581310277.561180201,0.0122529,-0.0135652,-8.69911e-14,-nan,-nan,-nan
1581310277.567575996,0.0147821,-0.0161227,-1.16922e-13,-nan,-nan,-nan
1581310277.574159208,0.0117642,-0.0129416,-8.35674e-14,-nan,-nan,-nan
1581310277.580467465,0.0117742,-0.0137955,-5.42784e-14,-nan,-nan,-nan
1581310277.591286492,0.0121351,-0.0148088,-3.51857e-14,-nan,-nan,-nan
1581310277.597513218,0.0133066,-0.0165171,-3.63817e-14,-nan,-nan,-nan
1581310277.604213997,0.0117582,-0.014494,-3.01699e-14,-nan,-nan,-nan
1581310277.642511833,0.00222121,-0.00272567,-6.38053e-15,-nan,-nan,-nan
1581310277.649097131,0.0775562,-0.0958532,-2.06116e-13,-nan,-nan,-nan
1581310277.655294208,0.0109474,-0.0137334,-2.11529e-14,-nan,-nan,-nan
1581310277.663126462,0.0127395,-0.0152617,-4.92725e-14,-nan,-nan,-nan
1581310277.669346642,0.0128107,-0.0147214,-7.5724e-14,-nan,-nan,-nan
1581310277.675568760,0.014384,-0.0163563,-8.6085e-14,-nan,-nan,-nan
1581310277.682025444,0.0122438,-0.0139397,-7.15759e-14,-nan,-nan,-nan
1581310277.688202083,0.0115222,-0.0132736,-6.14878e-14,-nan,-nan,-nan
1581310277.694421851,0.0125248,-0.0143663,-7.28926e-14,-nan,-nan,-nan
1581310277.737523891,0.0128811,-0.0147286,-7.63138e-14,-nan,-nan,-nan
1581310277.744253929,0.0128598,-0.0148787,-6.63091e-14,-nan,-nan,-nan
1581310277.750512326,0.0125884,-0.0153341,-3.81103e-14,-nan,-nan,-nan
1581310277.757299348,0.0118708,-0.0146747,-3.19279e-14,-nan,-nan,-nan
1581310277.764572077,0.0130046,-0.0160888,-3.67733e-14,-nan,-nan,-nan
1581310277.771306255,0.011883,-0.0145448,-3.93768e-14,-nan,-nan,-nan
1581310277.777605209,0.0133258,-0.0162799,-4.58195e-14,-nan,-nan,-nan
1581310277.784196158,0.0118801,-0.014531,-3.50284e-14,-nan,-nan,-nan
1581310277.790607317,0.0131229,-0.0162409,-3.49981e-14,-nan,-nan,-nan
1581310277.797304702,0.0121838,-0.0151428,-3.16223e-14,-nan,-nan,-nan
1581310277.803446755,0.0137029,-0.017132,-2.79308e-14,-nan,-nan,-nan
1581310277.880115626,0.00654364,-0.00784745,-2.56276e-14,-nan,-nan,-nan
1581310277.886413499,0.0881641,-0.0996341,-5.74241e-13,-nan,-nan,-nan
1581310277.893258926,0.0113214,-0.0142326,-2.41545e-14,-nan,-nan,-nan
1581310277.899466107,0.0137463,-0.01738,-2.10477e-14,-nan,-nan,-nan
1581310277.906190127,0.0107141,-0.0133968,-2.16707e-14,-nan,-nan,-nan
1581310277.912420926,0.0125808,-0.0155004,-3.32915e-14,-nan,-nan,-nan
1581310277.919394110,0.0118361,-0.0144414,-4.09709e-14,-nan,-nan,-nan
1581310277.926050829,0.0135256,-0.0164836,-4.98937e-14,-nan,-nan,-nan
1581310277.932289859,0.0124297,-0.0151879,-4.39652e-14,-nan,-nan,-nan
1581310277.938559396,0.013107,-0.0159174,-4.82009e-14,-nan,-nan,-nan
1581310277.945366279,0.0116071,-0.0139042,-4.44042e-14,-nan,-nan,-nan
1581310277.952032538,0.012433,-0.0150987,-4.02285e-14,-nan,-nan,-nan
1581310277.994464725,0.0126267,-0.0156628,-3.62949e-14,-nan,-nan,-nan
1581310278.001227131,0.0127205,-0.015799,-3.17445e-14,-nan,-nan,-nan
1581310278.007495988,0.0127865,-0.0150189,-5.90172e-14,-nan,-nan,-nan
1581310278.014358029,0.0117665,-0.0136641,-6.20847e-14,-nan,-nan,-nan
1581310278.020573685,0.0139602,-0.0161722,-8.04403e-14,-nan,-nan,-nan
1581310278.027268526,0.0129485,-0.0149383,-7.91183e-14,-nan,-nan,-nan
1581310278.034120302,0.0140864,-0.0161413,-9.13111e-14,-nan,-nan,-nan
1581310278.073689966,0.00233661,-0.0026643,-1.48814e-14,-nan,-nan,-nan
1581310278.080503195,0.0743858,-0.0888194,-3.35292e-13,-nan,-nan,-nan
1581310278.087394424,0.0121752,-0.0154062,-2.70517e-14,-nan,-nan,-nan
1581310278.094266353,0.0127143,-0.0160771,-2.71668e-14,-nan,-nan,-nan
1581310278.137384622,0.0020582,-0.00259734,-4.44003e-15,-nan,-nan,-nan
1581310278.144355441,0.0778151,-0.0976424,-1.96252e-13,-nan,-nan,-nan
1581310278.150503713,0.0144913,-0.0177982,-5.79e-14,-nan,-nan,-nan
1581310278.157264437,0.0128344,-0.0149109,-7.40717e-14,-nan,-nan,-nan
1581310278.164631314,0.0132037,-0.0150276,-7.96821e-14,-nan,-nan,-nan
1581310278.171519814,0.0123939,-0.0144025,-6.81029e-14,-nan,-nan,-nan
1581310278.178175123,0.0135623,-0.015957,-7.07153e-14,-nan,-nan,-nan
1581310278.217249431,0.00240282,-0.00284347,-1.24499e-14,-nan,-nan,-nan
1581310278.223474940,0.0820846,-0.0956897,-4.52814e-13,-nan,-nan,-nan
1581310278.229549048,0.0144822,-0.0182369,-3.54009e-14,-nan,-nan,-nan
1581310278.236095367,0.0122978,-0.0155724,-2.56914e-14,-nan,-nan,-nan
1581310278.242491419,0.0115453,-0.0146732,-2.46894e-14,-nan,-nan,-nan
1581310278.252602053,0.0135538,-0.0171163,-3.42401e-14,-nan,-nan,-nan
1581310278.261406015,0.01053,-0.0132104,-2.68226e-14,-nan,-nan,-nan
1581310278.268190486,0.0141893,-0.0175477,-3.87096e-14,-nan,-nan,-nan
1581310278.274489916,0.0127529,-0.0158427,-3.47882e-14,-nan,-nan,-nan
1581310278.281149223,0.0126455,-0.0158908,-3.39155e-14,-nan,-nan,-nan
1581310278.287449617,0.0136674,-0.0171317,-3.73327e-14,-nan,-nan,-nan
1581310278.294127374,0.0121386,-0.0151089,-3.45438e-14,-nan,-nan,-nan
1581310278.342477812,0.0018396,-0.00228829,-5.52537e-15,-nan,-nan,-nan
1581310278.348652145,0.0992023,-0.122152,-3.2675e-13,-nan,-nan,-nan
1581310278.355380139,0.0114245,-0.0136105,-5.14168e-14,-nan,-nan,-nan
1581310278.362196013,0.0125259,-0.0147255,-5.82641e-14,-nan,-nan,-nan
1581310278.404762219,0.00175323,-0.00204614,-8.72311e-15,-nan,-nan,-nan
1581310278.411516282,0.0828654,-0.0966611,-4.41875e-13,-nan,-nan,-nan
1581310278.417987038,0.0134853,-0.0160954,-6.46498e-14,-nan,-nan,-nan
1581310278.424258022,0.0121148,-0.014959,-3.85539e-14,-nan,-nan,-nan
1581310278.430622122,0.0126622,-0.016087,-2.01366e-14,-nan,-nan,-nan
1581310278.437328067,0.0116779,-0.0146775,-2.53867e-14,-nan,-nan,-nan
1581310278.444022011,0.0132685,-0.0166259,-3.39978e-14,-nan,-nan,-nan
1581310278.450232582,0.0120032,-0.0151009,-2.79273e-14,-nan,-nan,-nan
1581310278.490613970,0.0126694,-0.0160272,-2.57099e-14,-nan,-nan,-nan
1581310278.497253835,0.0111245,-0.014299,-1.57849e-14,-nan,-nan,-nan
1581310278.503417746,0.0123758,-0.016072,-1.78153e-14,-nan,-nan,-nan
1581310278.509569854,0.0149892,-0.0191698,-3.34444e-14,-nan,-nan,-nan
1581310278.553673112,0.0129707,-0.0153092,-6.78498e-14,-nan,-nan,-nan
1581310278.561579239,0.0137881,-0.0160101,-7.91116e-14,-nan,-nan,-nan
1581310278.568474740,0.0116094,-0.0132331,-7.7159e-14,-nan,-nan,-nan
1581310278.575217762,0.013919,-0.0162867,-8.3899e-14,-nan,-nan,-nan
1581310278.581481247,0.0139056,-0.0171052,-5.0113e-14,-nan,-nan,-nan
1581310278.588145304,0.0120818,-0.0152248,-2.83209e-14,-nan,-nan,-nan
1581310278.595417293,0.0116899,-0.0149029,-1.76744e-14,-nan,-nan,-nan
1581310278.602230310,0.0128521,-0.0164756,-2.02461e-14,-nan,-nan,-nan
1581310278.608438031,0.0144179,-0.0184028,-3.00364e-14,-nan,-nan,-nan
1581310278.615207902,0.011512,-0.01468,-2.37248e-14,-nan,-nan,-nan
1581310278.621459619,0.0122228,-0.0154202,-2.79595e-14,-nan,-nan,-nan
1581310278.631266509,0.0128148,-0.0159556,-3.37305e-14,-nan,-nan,-nan
1581310278.670665173,0.0128461,-0.0158834,-4.23427e-14,-nan,-nan,-nan
1581310278.677160043,0.0122826,-0.0152556,-3.80842e-14,-nan,-nan,-nan
1581310278.683473143,0.0137103,-0.0172129,-3.81603e-14,-nan,-nan,-nan
1581310278.690099490,0.0123148,-0.0155761,-3.07178e-14,-nan,-nan,-nan
1581310278.696453942,0.0140209,-0.0179214,-2.83789e-14,-nan,-nan,-nan
1581310278.703421203,0.0109772,-0.014109,-1.59468e-14,-nan,-nan,-nan
1581310278.709545472,0.0132673,-0.0171349,-1.80449e-14,-nan,-nan,-nan
1581310278.716176308,0.0122142,-0.0157752,-1.67038e-14,-nan,-nan,-nan
1581310278.722560443,0.0128897,-0.0166422,-1.79043e-14,-nan,-nan,-nan
1581310278.729121224,0.0121439,-0.0152694,-2.95273e-14,-nan,-nan,-nan
1581310278.735566399,0.0132524,-0.0161108,-5.33169e-14,-nan,-nan,-nan
1581310278.780486496,0.0132042,-0.015691,-6.73926e-14,-nan,-nan,-nan
1581310278.787105898,0.0136899,-0.0158206,-8.43989e-14,-nan,-nan,-nan
1581310278.793563928,0.0137948,-0.016254,-7.73068e-14,-nan,-nan,-nan
1581310278.800326921,0.0126407,-0.0157395,-4.27538e-14,-nan,-nan,-nan
1581310278.807186777,0.0135463,-0.0175042,-2.39109e-14,-nan,-nan,-nan
1581310278.813486214,0.0119045,-0.0156455,-5.4153e-15,-nan,-nan,-nan
1581310278.820129174,0.0122455,-0.0162734,4.09476e-15,-nan,-nan,-nan
1581310278.867259600,0.0127416,-0.0165088,-1.86907e-14,-nan,-nan,-nan
1581310278.873644128,0.0137398,-0.0167455,-5.41798e-14,-nan,-nan,-nan
1581310278.880374612,0.0125711,-0.0153209,-5.05542e-14,-nan,-nan,-nan
1581310278.886606852,0.0133586,-0.0161941,-5.50065e-14,-nan,-nan,-nan
1581310278.896494371,0.011826,-0.0143389,-4.67528e-14,-nan,-nan,-nan
1581310278.936513916,0.0129835,-0.0164578,-3.0762e-14,-nan,-nan,-nan
1581310278.943287357,0.0129821,-0.015969,-5.26765e-14,-nan,-nan,-nan
1581310278.949518676,0.0134329,-0.0164075,-5.22496e-14,-nan,-nan,-nan
1581310278.956199578,0.0121776,-0.0150937,-3.85083e-14,-nan,-nan,-nan
1581310278.963653138,0.0134484,-0.0168691,-4.27136e-14,-nan,-nan,-nan
1581310278.970470851,0.0129403,-0.0162556,-4.38003e-14,-nan,-nan,-nan
1581310279.009539992,0.0133306,-0.0162115,-5.80557e-14,-nan,-nan,-nan
1581310279.015649407,0.015205,-0.0179106,-8.37978e-14,-nan,-nan,-nan
1581310279.022241927,0.0122549,-0.0143511,-7.35436e-14,-nan,-nan,-nan
1581310279.028339456,0.013519,-0.0159186,-7.93514e-14,-nan,-nan,-nan
1581310279.035186158,0.0135543,-0.0168599,-4.70918e-14,-nan,-nan,-nan
1581310279.045470980,0.012131,-0.0157607,-1.62243e-14,-nan,-nan,-nan
1581310279.052215907,0.0132285,-0.0174743,-1.01718e-14,-nan,-nan,-nan
1581310279.059647253,0.011445,-0.0150289,-1.27578e-14,-nan,-nan,-nan
1581310279.066469724,0.0144482,-0.0188177,-2.37878e-14,-nan,-nan,-nan
1581310279.073209733,0.0134904,-0.0174633,-2.46081e-14,-nan,-nan,-nan
1581310279.079573677,0.013505,-0.017556,-2.13092e-14,-nan,-nan,-nan
1581310279.086270256,0.0123818,-0.0161171,-1.9846e-14,-nan,-nan,-nan
1581310279.125835202,0.0131438,-0.0168746,-2.83038e-14,-nan,-nan,-nan
1581310279.132304742,0.0142424,-0.01837,-3.09307e-14,-nan,-nan,-nan
1581310279.139197514,0.0130668,-0.0168124,-2.51403e-14,-nan,-nan,-nan
1581310279.145576041,0.0137076,-0.0176619,-2.10245e-14,-nan,-nan,-nan
1581310279.152261138,0.0114282,-0.0143101,-3.16045e-14,-nan,-nan,-nan
1581310279.163377583,0.0131259,-0.0161114,-5.41201e-14,-nan,-nan,-nan
1581310279.170193581,0.01426,-0.0174934,-5.98809e-14,-nan,-nan,-nan
1581310279.176589261,0.013544,-0.016846,-4.58671e-14,-nan,-nan,-nan
1581310279.183388158,0.0118602,-0.0147635,-3.73293e-14,-nan,-nan,-nan
1581310279.189716529,0.0135388,-0.0169492,-4.14701e-14,-nan,-nan,-nan
1581310279.196354747,0.0132355,-0.0167927,-3.9109e-14,-nan,-nan,-nan
1581310279.202623439,0.0137879,-0.0175723,-3.34001e-14,-nan,-nan,-nan
1581310279.209418891,0.0126128,-0.0160493,-3.06255e-14,-nan,-nan,-nan
1581310279.215631262,0.0131808,-0.0167442,-3.08993e-14,-nan,-nan,-nan
1581310279.222368627,0.0121288,-0.015407,-3.03876e-14,-nan,-nan,-nan
1581310279.228596759,0.0144975,-0.0184092,-4.35106e-14,-nan,-nan,-nan
1581310279.238458565,0.0128444,-0.01609,-4.20035e-14,-nan,-nan,-nan
1581310279.245321164,0.0137729,-0.0170008,-5.27831e-14,-nan,-nan,-nan
1581310279.251517820,0.0138461,-0.0169179,-6.0189e-14,-nan,-nan,-nan
1581310279.291631491,0.0132179,-0.0161579,-5.4593e-14,-nan,-nan,-nan
1581310279.298470040,0.0127721,-0.0158582,-4.7733e-14,-nan,-nan,-nan
1581310279.304595788,0.0141789,-0.0183274,-2.80163e-14,-nan,-nan,-nan
1581310279.311395455,0.0120117,-0.0158736,-1.06433e-14,-nan,-nan,-nan
1581310279.317680852,0.0130761,-0.0173415,-7.09381e-15,-nan,-nan,-nan
1581310279.324366584,0.0121854,-0.0161792,-5.21451e-15,-nan,-nan,-nan
1581310279.330599552,0.0133737,-0.0177976,-5.3846e-15,-nan,-nan,-nan
1581310279.337199774,0.0125072,-0.0166548,-7.89248e-15,-nan,-nan,-nan
1581310279.343623743,0.0132659,-0.0175322,-1.15825e-14,-nan,-nan,-nan
1581310279.386270976,0.0128319,-0.0166216,-2.17713e-14,-nan,-nan,-nan
1581310279.392677788,0.013878,-0.0172274,-5.17323e-14,-nan,-nan,-nan
1581310279.400245246,0.0131425,-0.0164988,-4.43014e-14,-nan,-nan,-nan
1581310279.447583483,0.0131974,-0.0169056,-3.08383e-14,-nan,-nan,-nan
1581310279.454362726,0.0138962,-0.0178502,-3.11152e-14,-nan,-nan,-nan
1581310279.461407565,0.0133078,-0.0166684,-4.55856e-14,-nan,-nan,-nan
1581310279.467501908,0.0130594,-0.0162127,-4.72322e-14,-nan,-nan,-nan
1581310279.474223197,0.0134687,-0.0167508,-4.48905e-14,-nan,-nan,-nan
1581310279.480381475,0.0129207,-0.0160419,-4.76807e-14,-nan,-nan,-nan
1581310279.486616687,0.0151907,-0.0187477,-6.06739e-14,-nan,-nan,-nan
1581310279.493401467,0.0123355,-0.0152479,-4.96961e-14,-nan,-nan,-nan
1581310279.504153922,0.0137095,-0.016917,-5.76758e-14,-nan,-nan,-nan
1581310279.510399134,0.0127655,-0.0155006,-6.20056e-14,-nan,-nan,-nan
1581310279.516660507,0.0144804,-0.0173757,-7.84515e-14,-nan,-nan,-nan
1581310279.523375303,0.0139088,-0.0168679,-7.33118e-14,-nan,-nan,-nan
1581310279.563490243,0.0133288,-0.0176845,-1.43794e-14,-nan,-nan,-nan
1581310279.570211759,0.0134621,-0.0176914,-1.88808e-14,-nan,-nan,-nan
1581310279.576526251,0.0123128,-0.0160289,-2.13153e-14,-nan,-nan,-nan
1581310279.583303858,0.0133579,-0.0173221,-2.57951e-14,-nan,-nan,-nan
1581310279.589398707,0.0132731,-0.0171128,-3.05207e-14,-nan,-nan,-nan
1581310279.595660208,0.0155829,-0.0201133,-3.92068e-14,-nan,-nan,-nan
1581310279.602150343,0.0128127,-0.0166316,-2.35887e-14,-nan,-nan,-nan
1581310279.608383712,0.0115183,-0.0149481,-1.75479e-14,-nan,-nan,-nan
1581310279.651338168,0.013279,-0.0171421,-2.9732e-14,-nan,-nan,-nan
1581310279.657671254,0.0137605,-0.0182738,-1.41805e-14,-nan,-nan,-nan
1581310279.665529828,0.0125491,-0.0166699,-1.2035e-14,-nan,-nan,-nan
1581310279.672196444,0.0133703,-0.0177814,-8.40971e-15,-nan,-nan,-nan
1581310279.678615258,0.0133597,-0.0173029,-2.57085e-14,-nan,-nan,-nan
1581310279.685235631,0.0130638,-0.0163719,-4.69492e-14,-nan,-nan,-nan
1581310279.691502738,0.0154921,-0.0191201,-6.65688e-14,-nan,-nan,-nan
1581310279.698163640,0.0120873,-0.014941,-4.87018e-14,-nan,-nan,-nan
1581310279.704382355,0.0132496,-0.016584,-4.88639e-14,-nan,-nan,-nan
1581310279.710626906,0.014202,-0.0178976,-4.67454e-14,-nan,-nan,-nan
1581310279.717358360,0.0132657,-0.0168061,-4.3586e-14,-nan,-nan,-nan
1581310279.761519828,0.00345035,-0.0043951,-9.89966e-15,-nan,-nan,-nan
1581310279.768214533,0.079408,-0.101175,-2.27141e-13,-nan,-nan,-nan
1581310279.774461938,0.0129892,-0.0166317,-3.68231e-14,-nan,-nan,-nan
1581310279.781126592,0.014576,-0.0184464,-4.72531e-14,-nan,-nan,-nan
1581310279.787587230,0.0142364,-0.0179983,-4.69342e-14,-nan,-nan,-nan
1581310279.794285553,0.0128757,-0.0164302,-3.50748e-14,-nan,-nan,-nan
1581310279.800578561,0.0139635,-0.0178553,-3.66081e-14,-nan,-nan,-nan
1581310279.840434242,0.0133473,-0.0176811,-1.72832e-14,-nan,-nan,-nan
1581310279.846788137,0.0140996,-0.0186074,-1.65456e-14,-nan,-nan,-nan
1581310279.853417522,0.012855,-0.0169831,-1.67928e-14,-nan,-nan,-nan
1581310279.861118733,0.0139511,-0.0183296,-2.07987e-14,-nan,-nan,-nan
1581310279.867376750,0.0127569,-0.0166004,-2.54295e-14,-nan,-nan,-nan
1581310279.910435063,0.013418,-0.0174949,-2.50235e-14,-nan,-nan,-nan
1581310279.916659493,0.0156342,-0.020469,-3.12125e-14,-nan,-nan,-nan
1581310279.923348727,0.0123872,-0.0161347,-2.85279e-14,-nan,-nan,-nan
1581310279.930186039,0.0139857,-0.0181868,-2.96581e-14,-nan,-nan,-nan
1581310279.936392784,0.0127084,-0.016492,-2.593e-14,-nan,-nan,-nan
1581310279.943200808,0.013905,-0.0181604,-2.49752e-14,-nan,-nan,-nan
1581310279.982314409,0.0133811,-0.0177828,-1.42031e-14,-nan,-nan,-nan
1581310279.988463099,0.0129841,-0.0174537,-9.51612e-15,-nan,-nan,-nan
1581310279.994741763,0.0148436,-0.0195435,-2.16019e-14,-nan,-nan,-nan
1581310280.001527741,0.0119432,-0.0152459,-3.41068e-14,-nan,-nan,-nan
1581310280.007676193,0.0153813,-0.0194261,-5.05755e-14,-nan,-nan,-nan
1581310280.050660978,0.00192842,-0.00245016,-5.91307e-15,-nan,-nan,-nan
1581310280.057322869,0.0883603,-0.114009,-2.03808e-13,-nan,-nan,-nan
1581310280.064644683,0.0138373,-0.0177756,-3.58581e-14,-nan,-nan,-nan
1581310280.071383106,0.0126236,-0.0161774,-3.23796e-14,-nan,-nan,-nan
1581310280.077663577,0.0143205,-0.0183903,-3.86924e-14,-nan,-nan,-nan
1581310280.084186283,0.0136263,-0.017457,-3.88179e-14,-nan,-nan,-nan
1581310280.091190396,0.0135581,-0.0172501,-4.05704e-14,-nan,-nan,-nan
1581310280.097684075,0.0139345,-0.0176396,-4.70289e-14,-nan,-nan,-nan
1581310280.104309838,0.0132852,-0.016867,-4.26312e-14,-nan,-nan,-nan
1581310280.110661431,0.0144648,-0.0183348,-4.85184e-14,-nan,-nan,-nan
1581310280.117342383,0.0133558,-0.0168679,-4.66527e-14,-nan,-nan,-nan
1581310280.123619636,0.0142383,-0.018471,-3.31197e-14,-nan,-nan,-nan
1581310280.166580793,0.0133272,-0.0178976,-8.19312e-15,-nan,-nan,-nan
1581310280.173363240,0.0120379,-0.0161293,-1.17924e-14,-nan,-nan,-nan
1581310280.179681717,0.0143728,-0.0192776,-1.48574e-14,-nan,-nan,-nan
1581310280.186489124,0.012821,-0.0172639,-1.04642e-14,-nan,-nan,-nan
1581310280.193460590,0.0133564,-0.017914,-9.29833e-15,-nan,-nan,-nan
1581310280.199696046,0.0132096,-0.0176301,-8.36341e-15,-nan,-nan,-nan
1581310280.206432119,0.0125953,-0.0167735,-1.26716e-14,-nan,-nan,-nan
1581310280.245664805,0.0137671,-0.0181355,-2.33435e-14,-nan,-nan,-nan
1581310280.252314181,0.0130292,-0.0170472,-2.33749e-14,-nan,-nan,-nan
1581310280.259689184,0.0118929,-0.0154639,-2.21727e-14,-nan,-nan,-nan
1581310280.266382560,0.0145915,-0.0190195,-2.78205e-14,-nan,-nan,-nan
1581310280.309647493,0.00220337,-0.00286941,-5.01243e-15,-nan,-nan,-nan
1581310280.316417229,0.090768,-0.119261,-1.65391e-13,-nan,-nan,-nan
1581310280.322639520,0.0141526,-0.0187612,-1.68286e-14,-nan,-nan,-nan
1581310280.329266510,0.0127605,-0.0169823,-1.38645e-14,-nan,-nan,-nan
1581310280.335656668,0.0140576,-0.0187733,-1.56237e-14,-nan,-nan,-nan
1581310280.342462603,0.012846,-0.0171781,-1.42818e-14,-nan,-nan,-nan
1581310280.349334066,0.013781,-0.0184344,-1.25414e-14,-nan,-nan,-nan
1581310280.355626447,0.0139935,-0.0187289,-1.30875e-14,-nan,-nan,-nan
1581310280.367210843,0.0132076,-0.0177863,-9.63673e-15,-nan,-nan,-nan
1581310280.405707056,0.0140548,-0.0186488,-2.0971e-14,-nan,-nan,-nan
1581310280.412306388,0.0124902,-0.0164274,-2.30625e-14,-nan,-nan,-nan
1581310280.418417225,0.0132675,-0.0175592,-2.06477e-14,-nan,-nan,-nan
1581310280.462379249,0.0136717,-0.0179778,-2.54221e-14,-nan,-nan,-nan
1581310280.468593473,0.0148269,-0.019453,-3.20468e-14,-nan,-nan,-nan
1581310280.475610082,0.0141344,-0.01836,-3.64009e-14,-nan,-nan,-nan
1581310280.482427354,0.0130193,-0.0168566,-3.39736e-14,-nan,-nan,-nan
1581310280.488643625,0.0145489,-0.0186444,-4.44741e-14,-nan,-nan,-nan
1581310280.495525289,0.0150166,-0.019307,-4.29327e-14,-nan,-nan,-nan
1581310280.502158441,0.0129059,-0.0166579,-3.70257e-14,-nan,-nan,-nan
1581310280.508656675,0.0155493,-0.0200955,-4.04475e-14,-nan,-nan,-nan
1581310280.515407434,0.0123714,-0.0160431,-3.27773e-14,-nan,-nan,-nan
1581310280.521680985,0.0142043,-0.0183732,-3.6911e-14,-nan,-nan,-nan
1581310280.528370107,0.0130032,-0.0167601,-3.60026e-14,-nan,-nan,-nan
1581310280.542303263,0.0149324,-0.0194064,-4.08303e-14,-nan,-nan,-nan
1581310280.581635531,0.0138347,-0.0187684,-8.853e-15,-nan,-nan,-nan
1581310280.588283722,0.0131656,-0.0178681,-1.09263e-14,-nan,-nan,-nan
1581310280.594687082,0.0142477,-0.0192913,-1.41174e-14,-nan,-nan,-nan
1581310280.601479211,0.0134716,-0.0182614,-1.36974e-14,-nan,-nan,-nan
1581310280.608158419,0.0148271,-0.0201533,-1.39054e-14,-nan,-nan,-nan
1581310280.614512033,0.0129082,-0.0175274,-6.82451e-15,-nan,-nan,-nan
1581310280.620770904,0.0139819,-0.0189718,-5.54464e-15,-nan,-nan,-nan
1581310280.627377529,0.0129791,-0.0176163,-6.40548e-15,-nan,-nan,-nan
1581310280.633681817,0.0146038,-0.0197781,-1.23323e-14,-nan,-nan,-nan
1581310280.640362919,0.0133491,-0.0181325,-1.11164e-14,-nan,-nan,-nan
1581310280.646569264,0.0145954,-0.0197747,-1.05679e-14,-nan,-nan,-nan
1581310280.727399149,0.00797249,-0.0106376,-1.08399e-14,-nan,-nan,-nan
1581310280.733806223,0.0876709,-0.116597,-1.43501e-13,-nan,-nan,-nan
1581310280.739635489,0.0158813,-0.0211464,-2.46894e-14,-nan,-nan,-nan
1581310280.746239018,0.0121698,-0.0160842,-1.76219e-14,-nan,-nan,-nan
1581310280.752432976,0.0133381,-0.017595,-2.43135e-14,-nan,-nan,-nan
1581310280.759709335,0.0155502,-0.020639,-2.75025e-14,-nan,-nan,-nan
1581310280.766306263,0.0129817,-0.017297,-2.21835e-14,-nan,-nan,-nan
1581310280.772545628,0.0132398,-0.0177188,-1.68248e-14,-nan,-nan,-nan
1581310280.778632162,0.0154202,-0.0205454,-1.999e-14,-nan,-nan,-nan
1581310280.785232172,0.0131856,-0.0176446,-1.55377e-14,-nan,-nan,-nan
1581310280.791363038,0.0128289,-0.0173083,-1.39498e-14,-nan,-nan,-nan
1581310280.831279838,0.0140464,-0.0191429,-7.59064e-15,-nan,-nan,-nan
1581310280.876546337,0.0135014,-0.0181042,-1.56476e-14,-nan,-nan,-nan
1581310280.882812119,0.0139623,-0.0185013,-2.23703e-14,-nan,-nan,-nan
1581310280.889443990,0.0131685,-0.0174349,-2.38955e-14,-nan,-nan,-nan
1581310280.896336597,0.0145584,-0.0194031,-2.68938e-14,-nan,-nan,-nan
1581310280.902581326,0.0137231,-0.018297,-2.21199e-14,-nan,-nan,-nan
1581310280.909282739,0.0144645,-0.0193662,-1.97214e-14,-nan,-nan,-nan
1581310280.915672769,0.0140785,-0.0189745,-1.29294e-14,-nan,-nan,-nan
1581310280.922398195,0.0128436,-0.0173453,-1.0379e-14,-nan,-nan,-nan
1581310280.929134498,0.0145664,-0.0195926,-1.56754e-14,-nan,-nan,-nan
1581310280.935441823,0.0135853,-0.0182828,-1.33218e-14,-nan,-nan,-nan
1581310280.941766780,0.0140021,-0.0188477,-1.20448e-14,-nan,-nan,-nan
1581310280.984387941,0.0137236,-0.0184779,-1.43078e-14,-nan,-nan,-nan
1581310280.991157317,0.0141916,-0.0191717,-1.30997e-14,-nan,-nan,-nan
1581310280.997431358,0.0134422,-0.0181917,-1.05455e-14,-nan,-nan,-nan
1581310281.003679004,0.0144204,-0.0194891,-1.34199e-14,-nan,-nan,-nan
1581310281.010585932,0.0121724,-0.0164359,-1.24728e-14,-nan,-nan,-nan
1581310281.017193998,0.0157794,-0.021315,-1.76999e-14,-nan,-nan,-nan
1581310281.023561473,0.0157917,-0.0213004,-1.87382e-14,-nan,-nan,-nan
1581310281.029780334,0.012725,-0.017145,-1.45843e-14,-nan,-nan,-nan
1581310281.036480645,0.0134619,-0.0180534,-1.86237e-14,-nan,-nan,-nan
1581310281.043212631,0.0146495,-0.0196271,-2.24959e-14,-nan,-nan,-nan
1581310281.049458474,0.0135234,-0.0181866,-1.6994e-14,-nan,-nan,-nan
1581310281.055740098,0.0149284,-0.0200859,-1.84088e-14,-nan,-nan,-nan
1581310281.101404776,0.0140863,-0.0187115,-2.51498e-14,-nan,-nan,-nan
1581310281.107590220,0.0144268,-0.0188902,-3.37114e-14,-nan,-nan,-nan
1581310281.114231480,0.0139751,-0.018361,-3.41239e-14,-nan,-nan,-nan
1581310281.120642226,0.0151371,-0.0199766,-3.40081e-14,-nan,-nan,-nan
1581310281.127314149,0.0135948,-0.0185218,-9.75719e-15,-nan,-nan,-nan
1581310281.133769150,0.0142166,-0.0197134,1.50252e-15,-nan,-nan,-nan
1581310281.141204925,0.0131225,-0.0182556,3.98228e-15,-nan,-nan,-nan
1581310281.147645221,0.0145748,-0.0202751,1.98158e-15,-nan,-nan,-nan
1581310281.154579938,0.0131739,-0.0182839,1.26456e-16,-nan,-nan,-nan
1581310281.162404826,0.0143537,-0.0199345,3.06868e-15,-nan,-nan,-nan
1581310281.168695246,0.0141788,-0.0196562,2.47961e-15,-nan,-nan,-nan
1581310281.211505126,0.00284354,-0.00394523,9.27754e-16,-nan,-nan,-nan
1581310281.218496395,0.0797041,-0.110324,-1.00696e-15,-nan,-nan,-nan
1581310281.224553609,0.0155991,-0.0215856,-5.29361e-15,-nan,-nan,-nan
1581310281.231370970,0.0130637,-0.0180543,-2.32171e-16,-nan,-nan,-nan
1581310281.237826490,0.0152059,-0.0209698,1.53011e-15,-nan,-nan,-nan
1581310281.244392272,0.012105,-0.0166518,-9.83297e-16,-nan,-nan,-nan
1581310281.250636644,0.0144518,-0.019627,-1.05383e-14,-nan,-nan,-nan
1581310281.257328818,0.0139256,-0.0186424,-2.29919e-14,-nan,-nan,-nan
1581310281.298348304,0.0140497,-0.0187309,-2.32367e-14,-nan,-nan,-nan
1581310281.304413761,0.0134457,-0.0181172,-1.41321e-14,-nan,-nan,-nan
1581310281.310686161,0.014738,-0.0198695,-1.77774e-14,-nan,-nan,-nan
1581310281.317467145,0.0137972,-0.0185732,-2.0118e-14,-nan,-nan,-nan
1581310281.360706030,0.0143249,-0.0193299,-1.82506e-14,-nan,-nan,-nan
1581310281.367295120,0.013709,-0.0185954,-1.45026e-14,-nan,-nan,-nan
1581310281.374617913,0.0125726,-0.0170543,-9.19876e-15,-nan,-nan,-nan
1581310281.381410834,0.0158215,-0.0215217,-1.25954e-14,-nan,-nan,-nan
1581310281.387683832,0.0149536,-0.0204037,-1.19907e-14,-nan,-nan,-nan
1581310281.394359412,0.0132882,-0.0180936,-1.17892e-14,-nan,-nan,-nan
1581310281.400569686,0.0150284,-0.0204469,-1.46713e-14,-nan,-nan,-nan
1581310281.407354469,0.013699,-0.0186185,-1.46636e-14,-nan,-nan,-nan
1581310281.446613827,0.0142322,-0.0195033,-8.32255e-15,-nan,-nan,-nan
1581310281.452681605,0.0162915,-0.0224033,-9.00875e-15,-nan,-nan,-nan
1581310281.460462656,0.0125984,-0.0173048,-6.33692e-15,-nan,-nan,-nan
1581310281.503659451,0.0022827,-0.00314008,-6.86287e-16,-nan,-nan,-nan
1581310281.509712837,0.0879598,-0.12108,-3.24891e-14,-nan,-nan,-nan
1581310281.516433806,0.0136585,-0.0187637,-7.02229e-15,-nan,-nan,-nan
1581310281.522804816,0.0147476,-0.0202213,-9.42672e-15,-nan,-nan,-nan
1581310281.529456069,0.0129858,-0.0178393,-4.35745e-15,-nan,-nan,-nan
1581310281.535750884,0.0144451,-0.0198001,-9.17833e-15,-nan,-nan,-nan
1581310281.542694833,0.0146442,-0.020116,-1.01932e-14,-nan,-nan,-nan
1581310281.549523655,0.0139504,-0.0192064,-7.80845e-15,-nan,-nan,-nan
1581310281.555740234,0.0144514,-0.0198727,-4.64968e-15,-nan,-nan,-nan
1581310281.563628914,0.0130898,-0.0180088,-2.4442e-15,-nan,-nan,-nan
1581310281.570462357,0.014106,-0.0194094,-4.07806e-15,-nan,-nan,-nan
1581310281.577157328,0.0151391,-0.0208842,-7.64823e-15,-nan,-nan,-nan
1581310281.619496880,0.0141218,-0.0194931,-4.60591e-15,-nan,-nan,-nan
1581310281.626347231,0.0142658,-0.019654,-6.29924e-15,-nan,-nan,-nan
1581310281.632623243,0.0151998,-0.0209371,-9.94547e-15,-nan,-nan,-nan
1581310281.639271313,0.0139943,-0.019278,-9.66777e-15,-nan,-nan,-nan
1581310281.645676924,0.013653,-0.0188178,-7.90456e-15,-nan,-nan,-nan
1581310281.652258033,0.0151104,-0.0208497,-9.68627e-15,-nan,-nan,-nan
1581310281.659627196,0.0137323,-0.0189427,-6.54874e-15,-nan,-nan,-nan
1581310281.666315682,0.0149156,-0.0205628,-8.34831e-15,-nan,-nan,-nan
1581310281.672535424,0.0166391,-0.0229271,-1.3161e-14,-nan,-nan,-nan
1581310281.679243020,0.0132582,-0.0182786,-1.0036e-14,-nan,-nan,-nan
1581310281.685650932,0.0148846,-0.0205632,-8.53573e-15,-nan,-nan,-nan
1581310281.741674386,0.00155961,-0.00215741,-4.43428e-16,-nan,-nan,-nan
1581310281.747786517,0.114346,-0.158227,-4.32734e-14,-nan,-nan,-nan
1581310281.754483459,0.0131327,-0.0181625,-1.82333e-15,-nan,-nan,-nan
1581310281.762119579,0.0149795,-0.0207177,-6.30281e-15,-nan,-nan,-nan
1581310281.768475590,0.0139369,-0.0192737,-5.64924e-15,-nan,-nan,-nan
1581310281.774699579,0.0157512,-0.0217698,-9.67225e-15,-nan,-nan,-nan
1581310281.781454390,0.0137605,-0.0190594,-6.43222e-15,-nan,-nan,-nan
1581310281.787657364,0.0147906,-0.0204174,-5.67853e-15,-nan,-nan,-nan
1581310281.794427832,0.0137703,-0.0190547,-6.58578e-15,-nan,-nan,-nan
1581310281.800627009,0.015556,-0.0215465,-5.22533e-15,-nan,-nan,-nan
1581310281.807409183,0.0138416,-0.019158,-5.58059e-15,-nan,-nan,-nan
1581310281.813742336,0.0162016,-0.0224399,-4.88513e-15,-nan,-nan,-nan
1581310281.857523884,0.014087,-0.0195178,-4.21582e-15,-nan,-nan,-nan
1581310281.865307045,0.0147341,-0.0204274,-6.41487e-15,-nan,-nan,-nan
1581310281.871724890,0.0151846,-0.0210623,-6.77757e-15,-nan,-nan,-nan
1581310281.878437317,0.0136139,-0.0188794,-3.9691e-15,-nan,-nan,-nan
1581310281.884684614,0.0147276,-0.0204449,-7.60224e-16,-nan,-nan,-nan
1581310281.891629025,0.0143213,-0.0198703,-1.13215e-15,-nan,-nan,-nan
