timestamp,pa1,pa2,pa3,pa4,pa5,pa6,pa7
1581311481.398695017,-0.141803,0.488755,0.234396,-1.13911,0.882197,-0.083611,-0.989913
1581311481.405096656,-0.141831,0.488717,0.234397,-1.13923,0.881621,-0.0836253,-0.989209
1581311481.411613368,-0.14187,0.488617,0.234396,-1.13944,0.880781,-0.0836465,-0.98828
1581311481.418518764,-0.141911,0.488481,0.234395,-1.13973,0.879764,-0.0836997,-0.987165
1581311481.424914761,-0.141949,0.48833,0.234394,-1.14003,0.878742,-0.0837763,-0.986101
1581311481.432808879,-0.142002,0.488074,0.234392,-1.14049,0.877198,-0.0838898,-0.984475
1581311481.439485418,-0.142051,0.487803,0.234392,-1.14096,0.875668,-0.083997,-0.98289
1581311481.446507314,-0.142114,0.487486,0.234392,-1.14148,0.87398,-0.0841109,-0.981138
1581311481.452876408,-0.142179,0.48717,0.234394,-1.14196,0.872428,-0.0842095,-0.979516
1581311481.459520858,-0.142259,0.486761,0.234395,-1.14256,0.870469,-0.0843292,-0.977474
1581311481.465994852,-0.142328,0.486379,0.234395,-1.14312,0.868663,-0.0844327,-0.975616
1581311481.509838737,-0.14288,0.483239,0.234395,-1.14743,0.854483,-0.0851232,-0.9612
1581311481.517714442,-0.143006,0.482551,0.234395,-1.14834,0.851588,-0.0852367,-0.958241
1581311481.524557684,-0.143108,0.482028,0.234396,-1.14905,0.849377,-0.0853209,-0.955964
1581311481.530846946,-0.143197,0.48159,0.234397,-1.14965,0.847516,-0.085392,-0.954021
1581311481.537452568,-0.143302,0.481086,0.234396,-1.15034,0.845369,-0.0854722,-0.951763
1581311481.543799668,-0.14339,0.480654,0.234395,-1.15094,0.843535,-0.085546,-0.949854
1581311481.550599754,-0.143491,0.480173,0.234395,-1.15165,0.841422,-0.0856384,-0.947628
1581311481.556916408,-0.143576,0.479775,0.234394,-1.15223,0.839617,-0.085725,-0.945731
1581311481.596052481,-0.144091,0.477259,0.234395,-1.15591,0.827995,-0.0864203,-0.93345
1581311481.602676814,-0.144179,0.476817,0.234394,-1.15657,0.825928,-0.0865553,-0.931271
1581311481.608912847,-0.144255,0.476437,0.234395,-1.15714,0.824148,-0.0866769,-0.929417
1581311481.616609062,-0.144356,0.475935,0.234394,-1.1579,0.821788,-0.0868366,-0.926958
1581311481.671406700,-0.145015,0.472496,0.234396,-1.16299,0.806179,-0.0876899,-0.910455
1581311481.677665372,-0.1451,0.472051,0.234396,-1.16365,0.804172,-0.0877979,-0.908365
1581311481.684496160,-0.145188,0.471606,0.234395,-1.16432,0.802175,-0.0879165,-0.906285
1581311481.690850315,-0.14527,0.471222,0.234395,-1.16489,0.800477,-0.0880219,-0.904511
1581311481.697542709,-0.14537,0.47077,0.234395,-1.16556,0.798487,-0.0881515,-0.902433
1581311481.703942124,-0.145454,0.47039,0.234395,-1.16613,0.79679,-0.0882656,-0.90065
1581311481.710744690,-0.145546,0.469949,0.234394,-1.16679,0.794821,-0.088392,-0.898572
1581311481.718531240,-0.145643,0.469438,0.234392,-1.16755,0.792554,-0.0885382,-0.896209
1581311481.757815010,-0.146096,0.466868,0.234396,-1.17132,0.781536,-0.089181,-0.884575
1581311481.764534948,-0.146177,0.466415,0.234395,-1.17197,0.779624,-0.0892801,-0.882561
1581311481.770767651,-0.146247,0.466035,0.234395,-1.17254,0.778003,-0.0893619,-0.880837
1581311481.816127877,-0.146366,0.465395,0.234395,-1.17348,0.775298,-0.0895058,-0.877966
1581311481.822736880,-0.146846,0.462747,0.234395,-1.17735,0.764277,-0.0903008,-0.866418
1581311481.829465178,-0.146922,0.462293,0.234394,-1.17801,0.7624,-0.0904639,-0.864485
1581311481.835793195,-0.146984,0.461913,0.234394,-1.17858,0.7608,-0.0905995,-0.862817
1581311481.842079371,-0.147057,0.461467,0.234394,-1.17924,0.758961,-0.0907466,-0.860875
1581311481.848854631,-0.14712,0.461075,0.234393,-1.1798,0.7574,-0.0908573,-0.859211
1581311481.855524627,-0.147195,0.460618,0.234393,-1.18045,0.755577,-0.0909636,-0.857282
1581311481.861967318,-0.147257,0.460233,0.234393,-1.18101,0.754034,-0.0910522,-0.855617
1581311481.868674330,-0.147334,0.459784,0.234394,-1.18166,0.752236,-0.0911495,-0.85368
1581311481.875017411,-0.147401,0.459399,0.234395,-1.18223,0.750711,-0.0912339,-0.852034
1581311481.881949679,-0.147483,0.458941,0.234396,-1.18289,0.748903,-0.0913255,-0.850119
1581311481.888556587,-0.147565,0.458486,0.234395,-1.18355,0.747122,-0.0914154,-0.848221
1581311481.932718124,-0.148072,0.455655,0.234395,-1.18767,0.735964,-0.0921218,-0.836452
1581311481.938961118,-0.148139,0.455268,0.234396,-1.18824,0.734456,-0.0922432,-0.834849
1581311481.945916610,-0.148218,0.454819,0.234396,-1.18889,0.732704,-0.0923802,-0.833009
1581311481.952667527,-0.148301,0.454366,0.234395,-1.18954,0.730939,-0.0925174,-0.831187
1581311481.959090136,-0.148383,0.453915,0.234395,-1.19019,0.729173,-0.0926461,-0.829373
1581311481.965851216,-0.148455,0.453524,0.234395,-1.19076,0.727675,-0.0927556,-0.827818
1581311481.972593601,-0.148541,0.453066,0.234393,-1.19141,0.725958,-0.0928713,-0.826014
1581311481.978888948,-0.148617,0.452684,0.234392,-1.19197,0.724487,-0.0929571,-0.824465
1581311481.985135439,-0.148705,0.452236,0.234393,-1.19263,0.722798,-0.0930464,-0.822654
1581311481.991786258,-0.148781,0.451852,0.234393,-1.19319,0.72136,-0.0931273,-0.821101
1581311481.998111725,-0.148869,0.451396,0.234394,-1.19384,0.719694,-0.0932296,-0.819296
1581311482.041618885,-0.14894,0.451006,0.234395,-1.1944,0.718251,-0.0933349,-0.81775
1581311482.047841141,-0.149412,0.448245,0.234394,-1.19841,0.708011,-0.0943706,-0.806841
1581311482.054873467,-0.14949,0.447792,0.234394,-1.19906,0.706366,-0.0944872,-0.805101
1581311482.061065208,-0.149561,0.447401,0.234395,-1.19961,0.704944,-0.0945716,-0.803601
1581311482.067649662,-0.149646,0.446948,0.234395,-1.20026,0.7033,-0.0946669,-0.801851
1581311482.074059311,-0.149723,0.446564,0.234395,-1.20081,0.701896,-0.0947542,-0.800351
1581311482.080664162,-0.149811,0.446121,0.234395,-1.20146,0.700251,-0.0948489,-0.798612
1581311482.087614221,-0.149888,0.445731,0.234395,-1.20201,0.698828,-0.094923,-0.797115
1581311482.093796362,-0.149977,0.445272,0.234395,-1.20266,0.697184,-0.0950018,-0.795382
1581311482.100660650,-0.150064,0.444821,0.234394,-1.20331,0.695542,-0.0950792,-0.79369
1581311482.106843383,-0.15014,0.444439,0.234392,-1.20387,0.694129,-0.0951504,-0.792239
1581311482.114540267,-0.150227,0.443998,0.234393,-1.20451,0.692505,-0.0952398,-0.790559
1581311482.159016924,-0.150793,0.441102,0.234396,-1.20859,0.682473,-0.0962903,-0.779788
1581311482.165598261,-0.150881,0.440654,0.234395,-1.20922,0.680916,-0.0964203,-0.778116
1581311482.171963991,-0.150957,0.440274,0.234394,-1.20976,0.679568,-0.0965172,-0.776675
1581311482.178638418,-0.151042,0.439828,0.234395,-1.2104,0.678022,-0.0966224,-0.774998
1581311482.185044771,-0.151115,0.439439,0.234394,-1.21094,0.676699,-0.0967117,-0.773583
1581311482.191551675,-0.151195,0.438986,0.234394,-1.21157,0.675159,-0.0968041,-0.771927
1581311482.197969869,-0.151262,0.438606,0.234394,-1.21212,0.673831,-0.0968816,-0.770517
1581311482.204639295,-0.151336,0.438162,0.234394,-1.21276,0.672297,-0.0969611,-0.768877
1581311482.210821491,-0.151398,0.437778,0.234394,-1.2133,0.67098,-0.09703,-0.767485
1581311482.218641009,-0.151476,0.437263,0.234394,-1.21402,0.669226,-0.0971278,-0.765618
1581311482.224896837,-0.151536,0.436878,0.234394,-1.21457,0.667895,-0.0972045,-0.764215
1581311482.268032936,-0.151605,0.436438,0.234394,-1.2152,0.666355,-0.0973301,-0.762586
1581311482.273953840,-0.152126,0.43376,0.234396,-1.21902,0.657371,-0.0983749,-0.753079
1581311482.280844985,-0.152223,0.433312,0.234395,-1.21965,0.655917,-0.0984817,-0.751507
1581311482.287044413,-0.152305,0.432933,0.234395,-1.22019,0.654655,-0.0985606,-0.750175
1581311482.293802479,-0.152401,0.432489,0.234395,-1.22082,0.653218,-0.098661,-0.748617
1581311482.300696279,-0.152498,0.432042,0.234395,-1.22145,0.651772,-0.09876,-0.747054
1581311482.306883541,-0.152583,0.431654,0.234395,-1.222,0.65054,-0.098838,-0.745715
1581311482.314714460,-0.152683,0.431205,0.234395,-1.22264,0.649076,-0.0989171,-0.744151
1581311482.320934671,-0.152783,0.430767,0.234396,-1.22327,0.647627,-0.0989952,-0.742591
1581311482.360715102,-0.153325,0.428221,0.234393,-1.22689,0.639438,-0.0997083,-0.73375
1581311482.366974870,-0.15339,0.427835,0.234394,-1.22743,0.638218,-0.0998598,-0.732461
1581311482.373655529,-0.153458,0.427385,0.234393,-1.22806,0.636778,-0.100036,-0.730973
1581311482.415976119,-0.153851,0.424705,0.234395,-1.23185,0.62825,-0.100766,-0.722006
1581311482.422704482,-0.153925,0.424264,0.234396,-1.23248,0.626889,-0.100846,-0.720523
1581311482.428932803,-0.153991,0.423874,0.234395,-1.23301,0.625737,-0.100913,-0.719244
1581311482.435672993,-0.154073,0.423423,0.234396,-1.23365,0.624376,-0.100996,-0.717745
1581311482.442090090,-0.154157,0.42298,0.234395,-1.23428,0.62301,-0.101091,-0.716259
1581311482.449847218,-0.154243,0.422543,0.234395,-1.2349,0.621672,-0.101217,-0.714818
1581311482.456720817,-0.154327,0.422104,0.234396,-1.23553,0.620322,-0.101367,-0.713374
1581311482.463016538,-0.1544,0.421715,0.234395,-1.23608,0.619175,-0.101503,-0.712136
1581311482.469703993,-0.154486,0.421268,0.234394,-1.23671,0.617811,-0.101667,-0.710715
1581311482.476146816,-0.154557,0.420889,0.234393,-1.23725,0.616649,-0.101816,-0.709492
1581311482.482896528,-0.154641,0.420451,0.234395,-1.23788,0.615308,-0.102003,-0.708064
1581311482.489869967,-0.154726,0.42001,0.234395,-1.23851,0.613972,-0.102185,-0.70663
1581311482.533720991,-0.155246,0.417223,0.234394,-1.24244,0.605608,-0.10282,-0.69764
1581311482.539877407,-0.155314,0.416848,0.234394,-1.24298,0.604461,-0.102882,-0.696413
1581311482.546683276,-0.155391,0.416404,0.234394,-1.24361,0.60314,-0.102963,-0.695008
1581311482.552928500,-0.155454,0.416022,0.234394,-1.24415,0.601998,-0.103048,-0.693798
1581311482.559670163,-0.155525,0.415583,0.234395,-1.24477,0.600683,-0.10318,-0.692391
1581311482.566060759,-0.155583,0.415204,0.234395,-1.24531,0.599579,-0.103305,-0.691205
1581311482.572630713,-0.155648,0.414763,0.234394,-1.24593,0.598309,-0.103461,-0.68982
1581311482.578916705,-0.155703,0.414382,0.234394,-1.24646,0.597244,-0.103596,-0.688624
1581311482.585681270,-0.155767,0.413936,0.234395,-1.24708,0.595996,-0.103757,-0.687241
1581311482.591930078,-0.155822,0.413557,0.234394,-1.24762,0.59493,-0.103891,-0.686047
1581311482.599477351,-0.155899,0.413051,0.234395,-1.24831,0.593514,-0.104071,-0.684496
1581311482.641752927,-0.156015,0.412419,0.234396,-1.24918,0.591707,-0.104295,-0.682568
1581311482.648077105,-0.156617,0.409871,0.234394,-1.25269,0.58457,-0.104877,-0.674843
1581311482.654837173,-0.156709,0.409494,0.234394,-1.25322,0.583505,-0.104949,-0.6737
1581311482.661911111,-0.156813,0.40906,0.234393,-1.25383,0.582267,-0.10503,-0.672369
1581311482.668055728,-0.156918,0.408617,0.234395,-1.25444,0.581032,-0.105126,-0.671039
1581311482.674719798,-0.157006,0.408234,0.234395,-1.25497,0.579967,-0.105244,-0.669917
1581311482.681535066,-0.157094,0.407786,0.234395,-1.25559,0.578738,-0.105401,-0.668584
1581311482.687823400,-0.157164,0.407407,0.234393,-1.25612,0.57769,-0.105539,-0.667446
1581311482.694059293,-0.157241,0.406974,0.234392,-1.25673,0.576462,-0.105712,-0.666117
1581311482.700785132,-0.157304,0.406595,0.234393,-1.25725,0.575409,-0.105864,-0.664976
1581311482.757795922,-0.157835,0.403064,0.234394,-1.26215,0.565643,-0.106786,-0.654607
1581311482.764058906,-0.157895,0.402631,0.234396,-1.26277,0.564491,-0.106872,-0.653333
1581311482.806981666,-0.158299,0.400006,0.234397,-1.26644,0.55758,-0.107645,-0.645763
1581311482.814628300,-0.158393,0.399571,0.234396,-1.26706,0.55644,-0.107814,-0.644498
1581311482.821016112,-0.158491,0.399143,0.234395,-1.26767,0.55528,-0.107983,-0.643236
1581311482.827590587,-0.158591,0.39871,0.234395,-1.26828,0.554122,-0.108143,-0.64198
1581311482.834113852,-0.158676,0.398335,0.234396,-1.2688,0.553143,-0.108264,-0.640905
1581311482.840853721,-0.158773,0.397893,0.234394,-1.26942,0.552004,-0.108379,-0.639635
1581311482.847581637,-0.158867,0.397454,0.234391,-1.27003,0.550867,-0.108483,-0.638381
1581311482.853850042,-0.158946,0.397082,0.234392,-1.27055,0.549897,-0.108568,-0.637309
1581311482.860619037,-0.159035,0.396643,0.234393,-1.27116,0.548754,-0.108658,-0.636066
1581311482.866981005,-0.159111,0.396266,0.234395,-1.27169,0.54778,-0.108729,-0.635003
1581311482.906186578,-0.159581,0.393772,0.234394,-1.27518,0.541303,-0.109339,-0.628098
1581311482.951858702,-0.159661,0.393339,0.234392,-1.27579,0.540175,-0.109492,-0.626888
1581311482.957939709,-0.160127,0.390594,0.234395,-1.27959,0.533211,-0.110417,-0.619327
1581311482.964738997,-0.160199,0.390151,0.234395,-1.28018,0.532156,-0.110507,-0.61812
1581311482.970991526,-0.160262,0.389779,0.234394,-1.2807,0.531257,-0.110583,-0.617111
1581311482.977700133,-0.160338,0.38935,0.234394,-1.2813,0.530188,-0.110669,-0.61591
1581311482.984072536,-0.160406,0.388975,0.234395,-1.28182,0.529268,-0.110735,-0.614929
1581311482.990838768,-0.160491,0.388531,0.234395,-1.28242,0.528219,-0.110816,-0.613781
1581311482.997565563,-0.160569,0.388152,0.234396,-1.28294,0.527321,-0.110885,-0.612814
1581311483.003839607,-0.160665,0.387717,0.234395,-1.28355,0.526264,-0.110983,-0.611666
1581311483.010541896,-0.160746,0.387353,0.234395,-1.28406,0.525369,-0.111095,-0.610694
1581311483.017959250,-0.160854,0.386855,0.234395,-1.28474,0.524153,-0.111272,-0.609382
1581311483.024704202,-0.160948,0.386412,0.234395,-1.28535,0.523077,-0.111429,-0.60822
1581311483.066761834,-0.161494,0.38373,0.234395,-1.28902,0.51662,-0.112325,-0.601147
1581311483.072869150,-0.161566,0.383361,0.234394,-1.28953,0.515727,-0.112402,-0.600155
1581311483.078971687,-0.161636,0.382991,0.234394,-1.29004,0.51484,-0.112472,-0.599178
1581311483.085667299,-0.161712,0.382548,0.234394,-1.29065,0.513795,-0.112549,-0.598033
1581311483.091685012,-0.161777,0.382167,0.234393,-1.29116,0.5129,-0.112609,-0.597063
1581311483.098108430,-0.161851,0.381735,0.234393,-1.29176,0.511848,-0.112678,-0.595922
1581311483.104617365,-0.161916,0.381366,0.234394,-1.29228,0.510941,-0.112751,-0.59496
1581311483.110900142,-0.161978,0.380997,0.234394,-1.29279,0.510044,-0.112862,-0.593999
1581311483.118101786,-0.16206,0.380498,0.234395,-1.29348,0.50886,-0.113019,-0.592723
1581311483.124881438,-0.162118,0.380122,0.234395,-1.29399,0.507959,-0.113143,-0.591777
1581311483.131075471,-0.162186,0.379692,0.234395,-1.29459,0.506915,-0.113297,-0.590659
1581311483.174594282,-0.16257,0.377267,0.234395,-1.29791,0.501385,-0.114149,-0.584465
1581311483.215088346,-0.163061,0.374641,0.234393,-1.30146,0.495569,-0.114643,-0.577998
1581311483.221626469,-0.163153,0.374148,0.234394,-1.30214,0.494446,-0.114739,-0.57677
1581311483.227871162,-0.163219,0.373773,0.234394,-1.30265,0.493601,-0.114841,-0.575869
1581311483.234173707,-0.163292,0.37334,0.234394,-1.30325,0.4926,-0.114977,-0.574802
1581311483.240904354,-0.163354,0.372967,0.234394,-1.30376,0.491746,-0.1151,-0.573914
1581311483.247163379,-0.163425,0.372525,0.234395,-1.30436,0.490768,-0.11525,-0.57285
1581311483.253848481,-0.163486,0.372156,0.234395,-1.30486,0.489939,-0.115381,-0.571961
1581311483.259999643,-0.163547,0.371786,0.234396,-1.30536,0.489104,-0.115521,-0.571047
1581311483.266797628,-0.16362,0.371351,0.234396,-1.30595,0.488134,-0.11569,-0.569994
1581311483.273662508,-0.163693,0.370911,0.234394,-1.30654,0.487171,-0.115853,-0.568921
1581311483.279866513,-0.163757,0.370533,0.234394,-1.30705,0.486343,-0.115978,-0.568016
1581311483.324087364,-0.164222,0.367806,0.234395,-1.31077,0.480307,-0.116569,-0.561379
1581311483.330827345,-0.164296,0.367375,0.234395,-1.31134,0.479333,-0.116643,-0.560338
1581311483.337573608,-0.164367,0.366931,0.234395,-1.31193,0.478374,-0.116724,-0.559279
1581311483.343809930,-0.164429,0.366553,0.234394,-1.31245,0.477555,-0.116806,-0.558403
1581311483.350728295,-0.164506,0.36612,0.234394,-1.31304,0.476596,-0.116925,-0.557352
1581311483.356964227,-0.164579,0.365758,0.234395,-1.31353,0.475799,-0.117042,-0.556472
1581311483.363613822,-0.164665,0.365331,0.234396,-1.31411,0.474894,-0.1172,-0.555441
1581311483.403128745,-0.165202,0.362906,0.234394,-1.31736,0.469836,-0.118065,-0.549773
1581311483.409757061,-0.165299,0.362469,0.234394,-1.31794,0.468942,-0.118143,-0.548741
1581311483.415996222,-0.16538,0.3621,0.234394,-1.31844,0.468172,-0.11821,-0.547876
1581311483.422789286,-0.165471,0.361674,0.234394,-1.31902,0.467257,-0.118302,-0.546862
1581311483.429042828,-0.165547,0.361305,0.234395,-1.31952,0.466477,-0.118378,-0.545998
1581311483.471654497,-0.166076,0.35865,0.234393,-1.32312,0.461,-0.118958,-0.539936
1581311483.477993015,-0.166137,0.35828,0.234393,-1.32362,0.460228,-0.119076,-0.539096
1581311483.484625647,-0.16621,0.357855,0.234394,-1.3242,0.459339,-0.119213,-0.538118
1581311483.490993317,-0.166271,0.357482,0.234395,-1.3247,0.458587,-0.119339,-0.537266
1581311483.497995668,-0.166341,0.35705,0.234395,-1.32527,0.457698,-0.119496,-0.536296
1581311483.504706023,-0.16641,0.35662,0.234395,-1.32586,0.456819,-0.119656,-0.53532
1581311483.510937044,-0.166467,0.35625,0.234395,-1.32636,0.456065,-0.119793,-0.534506
1581311483.549884831,-0.166829,0.353788,0.234394,-1.32967,0.451066,-0.120386,-0.528943
1581311483.555977077,-0.166883,0.353418,0.234395,-1.33017,0.450318,-0.120449,-0.528113
1581311483.562516870,-0.166948,0.35298,0.234394,-1.33075,0.449442,-0.120522,-0.527144
1581311483.568721084,-0.167007,0.352611,0.234395,-1.33124,0.448681,-0.120584,-0.526317
1581311483.611689600,-0.16746,0.350022,0.234393,-1.33472,0.443443,-0.121375,-0.520582
1581311483.618932627,-0.167533,0.349586,0.234395,-1.3353,0.442608,-0.121542,-0.519647
1581311483.626069655,-0.167605,0.349146,0.234395,-1.33588,0.441784,-0.121716,-0.518732
1581311483.632094411,-0.167678,0.34871,0.234394,-1.33646,0.440972,-0.121856,-0.517785
1581311483.639005807,-0.167743,0.348343,0.234395,-1.33695,0.440285,-0.12195,-0.517002
1581311483.645714659,-0.167827,0.347918,0.234397,-1.33752,0.439474,-0.122046,-0.516074
1581311483.652018666,-0.167903,0.347543,0.234397,-1.33801,0.438772,-0.122123,-0.515298
1581311483.658704468,-0.167992,0.347103,0.234396,-1.33859,0.437965,-0.122217,-0.514375
1581311483.664881362,-0.168068,0.346732,0.234394,-1.33909,0.437279,-0.122291,-0.513585
1581311483.671617727,-0.168158,0.346306,0.234394,-1.33967,0.436466,-0.122373,-0.512674
1581311483.677825449,-0.168236,0.345943,0.234394,-1.34016,0.43575,-0.122435,-0.51187
1581311483.717159967,-0.168325,0.345511,0.234394,-1.34073,0.434922,-0.122501,-0.510956
1581311483.760990823,-0.169211,0.340871,0.234395,-1.34696,0.425954,-0.123897,-0.500975
1581311483.767722583,-0.169296,0.34045,0.234395,-1.34754,0.42514,-0.124001,-0.500056
1581311483.773885256,-0.169372,0.340087,0.234395,-1.34804,0.424448,-0.124077,-0.499295
1581311483.780724423,-0.169459,0.33966,0.234396,-1.3486,0.423636,-0.12417,-0.498373
1581311483.787116074,-0.169534,0.339292,0.234395,-1.34909,0.422937,-0.124247,-0.497607
1581311483.793734705,-0.169622,0.338861,0.234394,-1.34966,0.422133,-0.124332,-0.49671
1581311483.800133761,-0.169708,0.338437,0.234394,-1.35023,0.421336,-0.124411,-0.495821
1581311483.807023815,-0.169781,0.338073,0.234395,-1.35071,0.420647,-0.124471,-0.49507
1581311483.814856273,-0.169865,0.337644,0.234395,-1.35128,0.419835,-0.124544,-0.494165
1581311483.821169235,-0.169949,0.337215,0.234395,-1.35185,0.419026,-0.124621,-0.493296
1581311483.827979421,-0.170035,0.336788,0.234395,-1.35242,0.41822,-0.124702,-0.492395
1581311483.880888300,-0.170122,0.33636,0.234396,-1.35299,0.417412,-0.124823,-0.491512
1581311483.887586915,-0.170705,0.333049,0.234394,-1.35736,0.411483,-0.125915,-0.484844
1581311483.893851584,-0.170762,0.332684,0.234395,-1.35785,0.410803,-0.12599,-0.484111
1581311483.900637681,-0.170823,0.332252,0.234395,-1.35841,0.410023,-0.126069,-0.483245
1581311483.906756929,-0.170875,0.331879,0.234395,-1.3589,0.409368,-0.126144,-0.482498
1581311483.913019698,-0.170926,0.331504,0.234394,-1.35939,0.408717,-0.126219,-0.481767
1581311483.920746484,-0.170994,0.33101,0.234394,-1.36004,0.407837,-0.126312,-0.480762
1581311483.926895067,-0.171043,0.330649,0.234394,-1.36052,0.40718,-0.126376,-0.480038
1581311483.933025796,-0.171091,0.330283,0.234394,-1.36101,0.406531,-0.126442,-0.479303
1581311483.939601738,-0.171147,0.329848,0.234394,-1.36158,0.405778,-0.126525,-0.478432
1581311483.946132483,-0.171203,0.329412,0.234394,-1.36215,0.405018,-0.126607,-0.47759
1581311483.952696224,-0.171252,0.329044,0.234395,-1.36263,0.404351,-0.126679,-0.476854
1581311483.995673924,-0.171781,0.326418,0.234395,-1.36608,0.399751,-0.127553,-0.471674
1581311484.001912508,-0.171863,0.326052,0.234394,-1.36655,0.399116,-0.127679,-0.470932
1581311484.008122007,-0.171956,0.325613,0.234393,-1.36711,0.398354,-0.127796,-0.470085
1581311484.015578308,-0.17205,0.325179,0.234392,-1.36767,0.397598,-0.127883,-0.469244
1581311484.021946851,-0.172129,0.324812,0.234393,-1.36815,0.396956,-0.127952,-0.468516
1581311484.027993666,-0.172222,0.324388,0.234395,-1.3687,0.396219,-0.128034,-0.467683
1581311484.034646884,-0.172303,0.324024,0.234397,-1.36918,0.395585,-0.128115,-0.466956
1581311484.040944897,-0.172384,0.32365,0.234397,-1.36966,0.394946,-0.12819,-0.466244
1581311484.047070117,-0.172478,0.323216,0.234396,-1.37022,0.394209,-0.128269,-0.465406
1581311484.053767708,-0.172558,0.322851,0.234394,-1.37069,0.393579,-0.12833,-0.464692
1581311484.059892713,-0.172637,0.322491,0.234394,-1.37117,0.392955,-0.128389,-0.463981
1581311484.135566030,-0.17306,0.320115,0.234395,-1.37428,0.38888,-0.128998,-0.459333
1581311484.142054549,-0.173397,0.317546,0.234394,-1.37761,0.384516,-0.129794,-0.454449
1581311484.148964412,-0.173458,0.317119,0.234394,-1.37817,0.38383,-0.129868,-0.453638
1581311484.155625374,-0.173523,0.316692,0.234394,-1.37873,0.383136,-0.129938,-0.452815
1581311484.161841352,-0.173582,0.316327,0.234395,-1.37921,0.382532,-0.130001,-0.452128
1581311484.168574672,-0.173653,0.315894,0.234395,-1.37977,0.381831,-0.13008,-0.451294
1581311484.175077378,-0.173718,0.315528,0.234396,-1.38025,0.381225,-0.130146,-0.450593
1581311484.181506997,-0.173796,0.315105,0.234396,-1.38081,0.380522,-0.130223,-0.449788
1581311484.187861937,-0.173863,0.31474,0.234396,-1.38129,0.379907,-0.130291,-0.449091
1581311484.194144863,-0.17394,0.314313,0.234395,-1.38184,0.379189,-0.13036,-0.448322
1581311484.200999126,-0.174008,0.313945,0.234395,-1.38232,0.378583,-0.130435,-0.447653
1581311484.207162496,-0.174088,0.313515,0.234394,-1.38287,0.377893,-0.13055,-0.446876
1581311484.250942513,-0.174567,0.310899,0.234395,-1.38626,0.373627,-0.131347,-0.442047
1581311484.288836204,-0.17498,0.308523,0.234395,-1.38937,0.369799,-0.131922,-0.437681
1581311484.295064919,-0.175039,0.308149,0.234395,-1.38984,0.369215,-0.131988,-0.437028
1581311484.301545539,-0.175115,0.307716,0.234396,-1.3904,0.368543,-0.132067,-0.436267
1581311484.307892207,-0.175181,0.307351,0.234396,-1.39088,0.367971,-0.132127,-0.435583
1581311484.315085749,-0.175262,0.30693,0.234396,-1.39143,0.367286,-0.132193,-0.434822
1581311484.321695752,-0.175345,0.306511,0.234396,-1.39198,0.36659,-0.132251,-0.434055
1581311484.328028848,-0.17543,0.306078,0.234396,-1.39253,0.365905,-0.13232,-0.433266
1581311484.334798013,-0.175503,0.305708,0.234395,-1.39301,0.365327,-0.132418,-0.432608
1581311484.347838323,-0.175665,0.304925,0.234395,-1.39403,0.364077,-0.13266,-0.431149
1581311484.387945781,-0.17624,0.302504,0.234395,-1.39718,0.360249,-0.133454,-0.426765
1581311484.398728102,-0.176341,0.302078,0.234395,-1.39772,0.359585,-0.133552,-0.425992
1581311484.444215900,-0.17686,0.299156,0.234395,-1.4015,0.355002,-0.13408,-0.420762
1581311484.450877104,-0.176921,0.298735,0.234395,-1.40205,0.354316,-0.134151,-0.419986
1581311484.456937058,-0.17697,0.298369,0.234395,-1.40252,0.353736,-0.134212,-0.419342
1581311484.463729531,-0.177029,0.297943,0.234396,-1.40306,0.353061,-0.134272,-0.418602
1581311484.469889413,-0.17708,0.297579,0.234396,-1.40353,0.35249,-0.134335,-0.417951
1581311484.476670488,-0.177139,0.297153,0.234395,-1.40408,0.35182,-0.134441,-0.417222
1581311484.482892961,-0.177191,0.296791,0.234394,-1.40456,0.35124,-0.134541,-0.416594
1581311484.489657432,-0.177249,0.29636,0.234394,-1.4051,0.3506,-0.134677,-0.41583
1581311484.495890061,-0.177299,0.295988,0.234395,-1.40556,0.35007,-0.13479,-0.415204
1581311484.502658199,-0.177356,0.295564,0.234395,-1.4061,0.349448,-0.134919,-0.414465
1581311484.509722492,-0.177412,0.295135,0.234395,-1.40665,0.348826,-0.13506,-0.413705
1581311484.586202233,-0.17838,0.290553,0.234395,-1.41259,0.341997,-0.136075,-0.405712
1581311484.592923960,-0.178479,0.290129,0.234395,-1.41314,0.341342,-0.136144,-0.404991
1581311484.600610898,-0.178575,0.289712,0.234395,-1.41368,0.340706,-0.136205,-0.404249
1581311484.606950719,-0.178668,0.289303,0.234395,-1.41422,0.340087,-0.136266,-0.403532
1581311484.614698788,-0.178757,0.288895,0.234395,-1.41476,0.339471,-0.136363,-0.402803
1581311484.621050222,-0.178836,0.288473,0.234394,-1.41531,0.338839,-0.136472,-0.402066
1581311484.627775087,-0.178907,0.288053,0.234393,-1.41585,0.338203,-0.136586,-0.401366
1581311484.634140736,-0.178963,0.287698,0.234393,-1.41632,0.337662,-0.136683,-0.400742
1581311484.640813820,-0.179028,0.287287,0.234393,-1.41685,0.337038,-0.136806,-0.400008
1581311484.647180408,-0.179081,0.286936,0.234394,-1.41731,0.336504,-0.136916,-0.399405
1581311484.653826786,-0.179142,0.286509,0.234395,-1.41785,0.335861,-0.137054,-0.398688
1581311484.660197214,-0.179192,0.286141,0.234395,-1.41832,0.335304,-0.137178,-0.39807
1581311484.703138352,-0.179561,0.283559,0.234395,-1.42165,0.331452,-0.137743,-0.393706
1581311484.709664954,-0.179619,0.283144,0.234395,-1.42217,0.330836,-0.137807,-0.392997
1581311484.716981263,-0.179677,0.282726,0.234395,-1.42269,0.330228,-0.137876,-0.392263
1581311484.723598986,-0.179738,0.282301,0.234396,-1.42321,0.329613,-0.137953,-0.391559
1581311484.729966198,-0.179798,0.281938,0.234396,-1.42366,0.329081,-0.138016,-0.390957
1581311484.736194357,-0.17988,0.281524,0.234397,-1.42419,0.328467,-0.138087,-0.390241
1581311484.743009801,-0.179955,0.281167,0.234396,-1.42464,0.327942,-0.138142,-0.389641
1581311484.749724714,-0.180049,0.280746,0.234396,-1.42516,0.327328,-0.138205,-0.388929
1581311484.756017812,-0.180134,0.280382,0.234396,-1.42561,0.326805,-0.138287,-0.38832
1581311484.762918161,-0.180225,0.280018,0.234395,-1.42607,0.326279,-0.138385,-0.387719
1581311484.769096753,-0.180352,0.279535,0.234394,-1.42668,0.325573,-0.138508,-0.386912
1581311484.812924182,-0.180446,0.279176,0.234393,-1.42714,0.325047,-0.138599,-0.386309
1581311484.819964497,-0.181016,0.276531,0.234394,-1.43049,0.32118,-0.139298,-0.381924
1581311484.826785500,-0.181082,0.276114,0.234394,-1.43102,0.32057,-0.139418,-0.381271
1581311484.833016755,-0.181136,0.275752,0.234394,-1.43148,0.320041,-0.139521,-0.380681
1581311484.839775151,-0.181197,0.275322,0.234394,-1.43201,0.319446,-0.139641,-0.380019
1581311484.846185716,-0.18125,0.274949,0.234394,-1.43247,0.318956,-0.139725,-0.37946
1581311484.852833411,-0.181311,0.274506,0.234395,-1.433,0.318384,-0.139792,-0.378779
1581311484.892941753,-0.181672,0.272019,0.234395,-1.43605,0.315058,-0.140133,-0.374874
1581311484.899226120,-0.181733,0.271591,0.234395,-1.43657,0.314483,-0.140193,-0.374172
1581311484.905864426,-0.181785,0.271218,0.234395,-1.43702,0.313985,-0.140271,-0.373581
1581311484.912223562,-0.181845,0.270778,0.234395,-1.43756,0.313399,-0.140376,-0.372866
1581311484.919934988,-0.181904,0.27034,0.234395,-1.4381,0.312818,-0.140485,-0.372168
1581311484.963030971,-0.182413,0.267706,0.234395,-1.44138,0.309274,-0.141217,-0.367961
1581311484.969999522,-0.182515,0.267285,0.234395,-1.44191,0.308712,-0.141351,-0.367275
1581311484.976180428,-0.182614,0.266849,0.234395,-1.44245,0.308146,-0.141439,-0.3666
1581311484.982944340,-0.182699,0.266474,0.234394,-1.4429,0.307644,-0.141495,-0.366027
1581311484.989745993,-0.182794,0.266052,0.234393,-1.44343,0.307051,-0.141556,-0.365335
1581311484.996051257,-0.182871,0.265699,0.234394,-1.44388,0.306549,-0.141614,-0.364749
1581311485.002753863,-0.182957,0.265288,0.234395,-1.4444,0.305974,-0.141685,-0.364082
1581311485.052942899,-0.183555,0.262242,0.234394,-1.44827,0.301728,-0.142163,-0.359195
1581311485.059037272,-0.183625,0.261889,0.234394,-1.44871,0.301236,-0.142243,-0.358634
1581311485.065703541,-0.183706,0.261477,0.234394,-1.44924,0.30066,-0.142352,-0.358002
1581311485.071817743,-0.183775,0.26112,0.234395,-1.44969,0.300171,-0.142448,-0.357427
1581311485.116225057,-0.183876,0.26052,0.234395,-1.45045,0.299368,-0.1426,-0.356479
1581311485.122917840,-0.184262,0.258124,0.234395,-1.45346,0.296125,-0.143227,-0.352684
1581311485.129505240,-0.184331,0.25771,0.234395,-1.454,0.295561,-0.143335,-0.352039
1581311485.135900124,-0.184392,0.257351,0.234395,-1.45445,0.295079,-0.143426,-0.351481
1581311485.142197313,-0.184467,0.256929,0.234395,-1.45498,0.294513,-0.143504,-0.350818
1581311485.148988193,-0.184536,0.256569,0.234395,-1.45543,0.294026,-0.143559,-0.350265
1581311485.155229102,-0.184621,0.25615,0.234395,-1.45595,0.293461,-0.14362,-0.3496
1581311485.161959494,-0.184695,0.255789,0.234396,-1.45639,0.292975,-0.143671,-0.349034
1581311485.168791209,-0.184781,0.255367,0.234395,-1.45692,0.292405,-0.143737,-0.348391
1581311485.175115097,-0.184852,0.255001,0.234394,-1.45738,0.29191,-0.143798,-0.34783
1581311485.181695474,-0.184934,0.254576,0.234394,-1.45791,0.291323,-0.143865,-0.347174
1581311485.187998108,-0.185002,0.254219,0.234394,-1.45835,0.290829,-0.143921,-0.346622
1581311485.231401849,-0.185481,0.251637,0.234396,-1.46158,0.287432,-0.144379,-0.342685
1581311485.238105470,-0.18556,0.251212,0.234395,-1.46211,0.286883,-0.144489,-0.342093
1581311485.244197229,-0.18564,0.250785,0.234395,-1.46263,0.286339,-0.144601,-0.341463
1581311485.250893507,-0.185708,0.250426,0.234394,-1.46308,0.285864,-0.144695,-0.340941
1581311485.257625622,-0.185787,0.250011,0.234394,-1.4636,0.285297,-0.144812,-0.340346
1581311485.263854296,-0.185856,0.249654,0.234395,-1.46404,0.284819,-0.144916,-0.339799
1581311485.270698381,-0.185936,0.249223,0.234395,-1.46456,0.28427,-0.145042,-0.339154
1581311485.276969588,-0.186003,0.248854,0.234395,-1.465,0.283808,-0.145147,-0.338623
1581311485.283660758,-0.186079,0.24843,0.234395,-1.46554,0.283269,-0.145238,-0.337956
1581311485.290080892,-0.186141,0.248072,0.234395,-1.46599,0.282805,-0.145292,-0.33737
1581311485.296731937,-0.186211,0.247661,0.234395,-1.4665,0.282253,-0.145343,-0.336725
1581311485.339842947,-0.18627,0.247298,0.234394,-1.46695,0.281782,-0.145387,-0.336179
1581311485.378166772,-0.18706,0.242728,0.234395,-1.4726,0.275956,-0.146146,-0.329161
1581311485.384973130,-0.187135,0.242313,0.234394,-1.47312,0.275421,-0.146215,-0.328538
1581311485.391166713,-0.187199,0.241958,0.234394,-1.47357,0.274967,-0.146266,-0.327991
1581311485.397892398,-0.187272,0.241544,0.234395,-1.47409,0.274447,-0.146342,-0.327361
1581311485.403953489,-0.187334,0.241186,0.234396,-1.47454,0.274001,-0.146426,-0.326831
1581311485.410138462,-0.187406,0.240764,0.234395,-1.47505,0.273474,-0.146529,-0.32619
1581311485.416820484,-0.18747,0.240401,0.234395,-1.47549,0.273006,-0.146619,-0.325638
1581311485.423013899,-0.187536,0.240046,0.234395,-1.47593,0.272533,-0.146714,-0.325105
1581311485.429158554,-0.187613,0.239624,0.234395,-1.47645,0.271991,-0.14683,-0.324471
1581311485.436724978,-0.187691,0.239205,0.234395,-1.47697,0.271453,-0.146946,-0.32383
1581311485.442958315,-0.187758,0.238847,0.234395,-1.47742,0.271,-0.147046,-0.323336
1581311485.521072893,-0.188588,0.234215,0.234395,-1.48309,0.265215,-0.147809,-0.316624
1581311485.527825218,-0.18866,0.233787,0.234395,-1.48359,0.26469,-0.147867,-0.315971
1581311485.533998812,-0.188722,0.23342,0.234394,-1.48403,0.264243,-0.14791,-0.315422
1581311485.540807200,-0.188796,0.232993,0.234394,-1.48454,0.26372,-0.147965,-0.314803
1581311485.547147063,-0.188863,0.232634,0.234395,-1.48499,0.263267,-0.148025,-0.314256
1581311485.553787414,-0.188944,0.232219,0.234395,-1.48551,0.262741,-0.148125,-0.313609
1581311485.560172454,-0.189015,0.231854,0.234395,-1.48595,0.262289,-0.148219,-0.313083
1581311485.566860108,-0.189098,0.231425,0.234395,-1.48646,0.261771,-0.148319,-0.312469
1581311485.573670708,-0.189169,0.231059,0.234395,-1.4869,0.261327,-0.148406,-0.311935
1581311485.579948945,-0.189253,0.230637,0.234395,-1.48742,0.260804,-0.148502,-0.31132
1581311485.586272839,-0.189333,0.230224,0.234395,-1.48792,0.26027,-0.148599,-0.310702
1581311485.593059647,-0.189402,0.229861,0.234395,-1.48836,0.25981,-0.148684,-0.310166
1581311485.635837556,-0.189905,0.227257,0.234395,-1.4915,0.256627,-0.149222,-0.306404
1581311485.642917419,-0.189989,0.226833,0.234395,-1.49201,0.256122,-0.149272,-0.305805
1581311485.649072232,-0.190059,0.226475,0.234394,-1.49244,0.25569,-0.14932,-0.305317
1581311485.655749343,-0.190142,0.226063,0.234394,-1.49296,0.255183,-0.149383,-0.304726
1581311485.662059999,-0.190212,0.225703,0.234394,-1.4934,0.254751,-0.149435,-0.304204
1581311485.668754711,-0.190291,0.225272,0.234395,-1.49391,0.254236,-0.149499,-0.303619
1581311485.675085126,-0.190353,0.22491,0.234395,-1.49435,0.253786,-0.149549,-0.303131
1581311485.681683926,-0.190422,0.224491,0.234394,-1.49485,0.25327,-0.14961,-0.302525
1581311485.688014075,-0.190478,0.224133,0.234394,-1.49528,0.25283,-0.149666,-0.302
1581311485.694224372,-0.190542,0.223712,0.234395,-1.49579,0.252327,-0.149732,-0.301415
1581311485.701694788,-0.190602,0.223285,0.234395,-1.4963,0.251827,-0.149794,-0.300831
1581311485.744238871,-0.190953,0.220757,0.234395,-1.49936,0.248835,-0.150214,-0.297267
1581311485.751062292,-0.191016,0.220341,0.234395,-1.49987,0.248341,-0.150298,-0.296663
1581311485.757816838,-0.191086,0.219921,0.234395,-1.50037,0.24783,-0.150386,-0.296046
1581311485.764121845,-0.191147,0.219558,0.234396,-1.50081,0.247385,-0.150463,-0.295534
1581311485.770784618,-0.191222,0.219137,0.234396,-1.50131,0.246875,-0.150553,-0.29494
1581311485.777130717,-0.191286,0.218772,0.234396,-1.50173,0.246445,-0.150627,-0.29441
1581311485.783967936,-0.191363,0.218354,0.234394,-1.50222,0.245956,-0.150716,-0.293802
1581311485.790233437,-0.191438,0.217932,0.234395,-1.50271,0.245477,-0.150805,-0.293219
1581311485.797161119,-0.191504,0.217566,0.234395,-1.50314,0.245057,-0.150887,-0.292708
1581311485.803597782,-0.191579,0.217147,0.234394,-1.50362,0.244558,-0.150987,-0.292103
1581311485.809974858,-0.191645,0.216786,0.234394,-1.50404,0.244133,-0.151081,-0.291594
1581311485.817918853,-0.191733,0.216305,0.234394,-1.50462,0.243569,-0.151185,-0.290911
1581311485.897884752,-0.192284,0.213464,0.234394,-1.50797,0.240167,-0.151562,-0.286931
1581311485.904175811,-0.19274,0.211001,0.234394,-1.5109,0.237232,-0.151852,-0.283462
1581311485.910861775,-0.192799,0.210647,0.234394,-1.51132,0.236811,-0.151905,-0.282942
1581311485.918093887,-0.192865,0.210225,0.234394,-1.51182,0.236322,-0.151996,-0.282335
1581311485.924271450,-0.192931,0.209797,0.234394,-1.51232,0.235834,-0.152106,-0.281757
1581311485.931070220,-0.192987,0.209431,0.234394,-1.51276,0.235411,-0.152189,-0.281268
1581311485.937111808,-0.193043,0.209071,0.234395,-1.5132,0.234982,-0.152267,-0.280758
1581311485.943812337,-0.193111,0.20866,0.234395,-1.51369,0.234479,-0.152357,-0.280171
1581311485.950046247,-0.193177,0.208307,0.234395,-1.51412,0.234051,-0.152432,-0.279694
1581311485.956237430,-0.193263,0.207877,0.234396,-1.51461,0.233551,-0.152528,-0.279109
1581311485.962822376,-0.193341,0.20751,0.234397,-1.51503,0.233124,-0.152616,-0.278587
1581311486.006131095,-0.193892,0.20498,0.234394,-1.51806,0.230173,-0.153032,-0.275075
1581311486.013007303,-0.193981,0.204565,0.234394,-1.51856,0.229681,-0.153079,-0.274472
1581311486.020101973,-0.194072,0.204148,0.234396,-1.51906,0.229177,-0.153127,-0.273891
1581311486.026947843,-0.19416,0.203723,0.234397,-1.51955,0.228659,-0.15318,-0.27332
1581311486.033106418,-0.194233,0.20336,0.234396,-1.51999,0.228221,-0.153236,-0.272818
1581311486.039801989,-0.19432,0.202944,0.234394,-1.52049,0.227711,-0.153299,-0.27223
1581311486.046155435,-0.19439,0.202589,0.234393,-1.52092,0.22728,-0.153356,-0.271739
1581311486.052815717,-0.194474,0.202172,0.234393,-1.52141,0.226783,-0.153423,-0.271148
1581311486.059080479,-0.194543,0.201811,0.234393,-1.52184,0.22636,-0.153473,-0.270643
1581311486.065699050,-0.194624,0.201389,0.234394,-1.52234,0.225882,-0.153535,-0.270071
1581311486.072044603,-0.194689,0.201031,0.234394,-1.52277,0.22548,-0.153591,-0.269584
1581311486.078264256,-0.194763,0.200611,0.234394,-1.52326,0.22501,-0.15366,-0.269006
1581311486.121793683,-0.195163,0.198026,0.234395,-1.52633,0.222078,-0.153968,-0.265432
1581311486.127970577,-0.195219,0.197666,0.234396,-1.52676,0.221664,-0.154039,-0.264915
1581311486.134827258,-0.195288,0.197249,0.234396,-1.52725,0.221189,-0.154126,-0.264346
1581311486.141055361,-0.19535,0.196891,0.234395,-1.52768,0.220787,-0.154199,-0.26387
1581311486.147801598,-0.19543,0.196472,0.234395,-1.52818,0.22032,-0.154288,-0.26328
1581311486.154249683,-0.195503,0.196108,0.234395,-1.52862,0.219913,-0.154357,-0.26277
1581311486.197159830,-0.196048,0.19352,0.234395,-1.53165,0.217018,-0.154906,-0.259277
1581311486.203804772,-0.196133,0.193109,0.234395,-1.53215,0.216541,-0.154983,-0.258686
1581311486.210036365,-0.196206,0.192752,0.234395,-1.53258,0.21612,-0.155024,-0.258209
1581311486.217779300,-0.196307,0.192266,0.234395,-1.53314,0.215564,-0.155065,-0.257566
1581311486.223986383,-0.19638,0.191901,0.234395,-1.53356,0.215154,-0.155095,-0.257055
1581311486.266899964,-0.196461,0.191482,0.234395,-1.53405,0.214685,-0.155132,-0.256476
1581311486.273750774,-0.196858,0.188973,0.234395,-1.53701,0.211828,-0.155419,-0.253034
1581311486.280033860,-0.19692,0.188557,0.234395,-1.5375,0.211356,-0.155475,-0.252463
1581311486.286814567,-0.196982,0.188127,0.234395,-1.538,0.210886,-0.155531,-0.251893
1581311486.293045670,-0.197033,0.187765,0.234394,-1.53842,0.210467,-0.15558,-0.251397
1581311486.299713602,-0.197093,0.187351,0.234394,-1.53892,0.209964,-0.155635,-0.250827
1581311486.305995307,-0.197144,0.187001,0.234394,-1.53933,0.209534,-0.155679,-0.250351
1581311486.312801069,-0.197202,0.186589,0.234394,-1.53982,0.209037,-0.155741,-0.249795
1581311486.320040257,-0.19726,0.186163,0.234395,-1.54032,0.208545,-0.155813,-0.249225
1581311486.326873910,-0.197319,0.185739,0.234395,-1.54081,0.208063,-0.155876,-0.248665
1581311486.333090283,-0.197372,0.185382,0.234395,-1.54123,0.207654,-0.155929,-0.248183
1581311486.339766511,-0.197444,0.184968,0.234395,-1.54172,0.207178,-0.155989,-0.2476
1581311486.388941624,-0.198111,0.182032,0.234394,-1.54516,0.203874,-0.156498,-0.243625
1581311486.395803601,-0.198201,0.181611,0.234394,-1.54565,0.203388,-0.156594,-0.243045
1581311486.402056622,-0.198277,0.181256,0.234394,-1.54607,0.202974,-0.156677,-0.242572
1581311486.408818763,-0.198365,0.180837,0.234394,-1.54656,0.202499,-0.156778,-0.242023
1581311486.415300107,-0.19844,0.180472,0.234395,-1.54697,0.202093,-0.156866,-0.241536
1581311486.453938125,-0.198528,0.180054,0.234396,-1.54746,0.201622,-0.156942,-0.240972
1581311486.460125484,-0.198982,0.177649,0.234395,-1.55027,0.198939,-0.157151,-0.237781
1581311486.466311423,-0.199047,0.177288,0.234395,-1.55069,0.198538,-0.157188,-0.237279
1581311486.472988351,-0.19911,0.17693,0.234395,-1.55111,0.198131,-0.157225,-0.236798
1581311486.479144110,-0.199171,0.176564,0.234395,-1.55153,0.197718,-0.157263,-0.236325
1581311486.485724032,-0.199241,0.176137,0.234396,-1.55203,0.197228,-0.157309,-0.235755
1581311486.495126885,-0.1993,0.175779,0.234395,-1.55245,0.196815,-0.15735,-0.235257
1581311486.538713054,-0.19978,0.173077,0.234395,-1.55557,0.19379,-0.157672,-0.231669
1581311486.545003089,-0.19987,0.172647,0.234396,-1.55607,0.193346,-0.157729,-0.231108
1581311486.551752648,-0.199965,0.172219,0.234395,-1.55655,0.192901,-0.157793,-0.230565
1581311486.557981952,-0.200046,0.171859,0.234394,-1.55697,0.192517,-0.157845,-0.230089
1581311486.564872564,-0.200139,0.171446,0.234394,-1.55746,0.192072,-0.157907,-0.22953
1581311486.571070779,-0.200217,0.17109,0.234394,-1.55788,0.191682,-0.157962,-0.229063
1581311486.577924013,-0.200295,0.170662,0.234394,-1.55836,0.191214,-0.158016,-0.228511
1581311486.584063794,-0.200357,0.170297,0.234393,-1.55877,0.190813,-0.158058,-0.228017
1581311486.590883226,-0.200425,0.169877,0.234393,-1.55927,0.19035,-0.158107,-0.227444
1581311486.597831396,-0.200483,0.169521,0.234394,-1.55968,0.189958,-0.158157,-0.226973
1581311486.604876714,-0.200548,0.169109,0.234395,-1.56016,0.189506,-0.158228,-0.226412
1581311486.648275173,-0.20099,0.166333,0.234394,-1.56332,0.186532,-0.158662,-0.222754
1581311486.654724653,-0.201049,0.165973,0.234394,-1.56375,0.186159,-0.158729,-0.222287
1581311486.661088807,-0.201107,0.165614,0.234394,-1.56417,0.185776,-0.158798,-0.221806
1581311486.667219762,-0.201175,0.165201,0.234395,-1.56465,0.185306,-0.158879,-0.221251
1581311486.673909716,-0.201232,0.164843,0.234396,-1.56506,0.184888,-0.158947,-0.220799
1581311486.679972182,-0.20129,0.164479,0.234395,-1.56548,0.184467,-0.159014,-0.22033
1581311486.686200984,-0.201356,0.164055,0.234395,-1.56596,0.183985,-0.159088,-0.21975
1581311486.693059517,-0.201412,0.163698,0.234394,-1.56637,0.18358,-0.15914,-0.219274
1581311486.699200574,-0.201476,0.163284,0.234394,-1.56684,0.183121,-0.15918,-0.218745
1581311486.705703455,-0.201531,0.162926,0.234393,-1.56726,0.182735,-0.159206,-0.21827
1581311486.712228188,-0.201596,0.162506,0.234394,-1.56775,0.182281,-0.15924,-0.217693
1581311486.751929535,-0.202077,0.16017,0.234396,-1.57037,0.179748,-0.159432,-0.214609
1581311486.795866839,-0.202651,0.157598,0.234395,-1.57328,0.176889,-0.159718,-0.211196
1581311486.802264583,-0.202722,0.157236,0.234395,-1.57368,0.176498,-0.159773,-0.210739
1581311486.808998110,-0.202804,0.15681,0.234394,-1.57415,0.176048,-0.159829,-0.210188
1581311486.816743527,-0.202887,0.156385,0.234395,-1.57463,0.175594,-0.159888,-0.209639
1581311486.823276478,-0.202981,0.155912,0.234394,-1.57519,0.175071,-0.15995,-0.209017
1581311486.829996816,-0.203052,0.15555,0.234394,-1.57559,0.174683,-0.159989,-0.208537
1581311486.836185129,-0.20312,0.155187,0.234394,-1.576,0.174296,-0.160027,-0.208046
1581311486.843073386,-0.203201,0.154762,0.234393,-1.57648,0.173845,-0.160068,-0.207493
1581311486.849629257,-0.203283,0.15434,0.234393,-1.57695,0.173399,-0.160109,-0.206945
1581311486.855999920,-0.203352,0.153984,0.234394,-1.57736,0.173009,-0.160151,-0.206455
1581311486.862702454,-0.203421,0.15363,0.234395,-1.57777,0.172608,-0.160192,-0.205963
1581311486.905836220,-0.203904,0.150978,0.234395,-1.58076,0.169654,-0.160623,-0.202635
1581311486.912290201,-0.203982,0.150552,0.234395,-1.58124,0.169185,-0.160707,-0.202086
1581311486.920166950,-0.204061,0.150132,0.234395,-1.58171,0.168719,-0.160794,-0.201555
1581311486.927053075,-0.204148,0.14972,0.234395,-1.58218,0.168256,-0.160888,-0.201037
1581311486.933883710,-0.204238,0.149302,0.234395,-1.58265,0.167799,-0.160943,-0.200477
1581311486.940298274,-0.204318,0.148933,0.234395,-1.58306,0.167407,-0.160962,-0.199991
1581311486.947256674,-0.204403,0.148506,0.234394,-1.58355,0.166946,-0.16098,-0.199449
1581311486.987101337,-0.204779,0.146117,0.234395,-1.58626,0.164259,-0.161121,-0.196308
1581311486.993804905,-0.204842,0.145702,0.234396,-1.58673,0.163828,-0.161158,-0.195746
1581311487.000081478,-0.204897,0.145347,0.234396,-1.58715,0.163452,-0.161194,-0.195292
1581311487.006872705,-0.204965,0.144925,0.234396,-1.58763,0.163008,-0.161238,-0.194758
1581311487.013190315,-0.205023,0.144559,0.234395,-1.58803,0.162624,-0.161276,-0.194286
1581311487.057016646,-0.205464,0.141931,0.234395,-1.59101,0.159808,-0.161579,-0.190862
1581311487.063751771,-0.205537,0.141511,0.234395,-1.59149,0.159342,-0.161615,-0.190313
1581311487.070065199,-0.205598,0.141149,0.234394,-1.59188,0.158943,-0.161641,-0.189853
1581311487.076336678,-0.205671,0.140733,0.234394,-1.59235,0.15849,-0.161682,-0.18932
1581311487.083095808,-0.20573,0.140373,0.234394,-1.59275,0.158108,-0.161728,-0.188845
1581311487.089663221,-0.205798,0.139955,0.234394,-1.59322,0.157661,-0.161785,-0.188279
1581311487.096135018,-0.205855,0.139596,0.234393,-1.59362,0.157279,-0.161838,-0.187812
1581311487.102850060,-0.205925,0.139171,0.234393,-1.59409,0.156826,-0.161899,-0.187266
1581311487.109100028,-0.205992,0.138808,0.234395,-1.5945,0.156434,-0.161951,-0.18678
1581311487.116820339,-0.206076,0.138388,0.234397,-1.59498,0.155986,-0.162005,-0.186216
1581311487.123122850,-0.206163,0.137966,0.234397,-1.59546,0.155543,-0.162054,-0.185689
1581311487.165837919,-0.206296,0.137363,0.234396,-1.59612,0.154922,-0.162127,-0.184914
1581311487.172333382,-0.206832,0.135009,0.234394,-1.59875,0.152401,-0.162393,-0.181868
1581311487.178959203,-0.206921,0.134592,0.234395,-1.59923,0.151956,-0.162446,-0.181344
1581311487.185191675,-0.206996,0.134238,0.234396,-1.59963,0.151587,-0.162492,-0.180864
1581311487.191966031,-0.207084,0.133821,0.234395,-1.60009,0.151154,-0.162547,-0.1803
1581311487.198804013,-0.207162,0.133457,0.234394,-1.60049,0.150767,-0.162594,-0.179841
1581311487.205748268,-0.207266,0.132968,0.234394,-1.60103,0.150235,-0.162658,-0.179235
1581311487.212222469,-0.207345,0.132606,0.234394,-1.60142,0.149838,-0.162706,-0.178754
1581311487.220142783,-0.207448,0.132134,0.234394,-1.60195,0.14931,-0.162766,-0.178108
1581311487.275969105,-0.208016,0.128756,0.234395,-1.60571,0.145609,-0.163123,-0.17374
1581311487.281987345,-0.208069,0.128399,0.234395,-1.60611,0.145217,-0.163147,-0.173272
1581311487.288227910,-0.208121,0.128045,0.234395,-1.60652,0.14483,-0.163172,-0.172799
1581311487.331112200,-0.208529,0.125465,0.234395,-1.60938,0.142072,-0.163376,-0.169487
1581311487.337721033,-0.208606,0.125037,0.234396,-1.60985,0.141627,-0.163414,-0.168924
1581311487.344079346,-0.208672,0.124676,0.234395,-1.61025,0.141239,-0.163449,-0.16845
1581311487.350833583,-0.20875,0.124263,0.234395,-1.61073,0.140775,-0.163485,-0.167911
1581311487.357631626,-0.208817,0.123909,0.234394,-1.61113,0.140374,-0.163512,-0.16744
1581311487.363670670,-0.208896,0.123488,0.234394,-1.61159,0.139915,-0.163543,-0.166875
1581311487.370128162,-0.208962,0.123126,0.234395,-1.61198,0.139525,-0.163568,-0.166403
1581311487.376427427,-0.20904,0.122703,0.234395,-1.61244,0.139066,-0.163596,-0.165881
1581311487.383284724,-0.209104,0.122346,0.234394,-1.61284,0.138678,-0.163617,-0.165418
1581311487.389937882,-0.209182,0.121927,0.234394,-1.6133,0.138231,-0.163639,-0.164859
1581311487.429742967,-0.209658,0.119452,0.234394,-1.61601,0.135593,-0.163895,-0.161715
1581311487.473475664,-0.209764,0.118915,0.234394,-1.61659,0.134999,-0.163952,-0.160994
1581311487.480149031,-0.210193,0.116509,0.234395,-1.61919,0.132343,-0.164207,-0.157878
1581311487.486866608,-0.210264,0.116089,0.234394,-1.61964,0.131885,-0.164255,-0.157332
1581311487.493293120,-0.210332,0.115724,0.234394,-1.62003,0.131487,-0.164298,-0.156849
1581311487.500038458,-0.210416,0.115297,0.234395,-1.62048,0.131021,-0.164349,-0.156307
1581311487.506346353,-0.210505,0.11488,0.234396,-1.62094,0.130562,-0.1644,-0.15578
1581311487.513199650,-0.210584,0.114526,0.234396,-1.62133,0.130169,-0.164448,-0.155315
1581311487.521322238,-0.21069,0.114043,0.234395,-1.62184,0.129667,-0.164512,-0.154685
1581311487.527985389,-0.21079,0.113616,0.234395,-1.62231,0.129235,-0.164572,-0.154144
1581311487.534785776,-0.210879,0.11325,0.234396,-1.62272,0.128855,-0.164622,-0.15368
1581311487.541033437,-0.21098,0.112831,0.234395,-1.62318,0.128397,-0.16466,-0.153131
1581311487.547758863,-0.211081,0.112419,0.234394,-1.62364,0.127941,-0.164678,-0.152587
1581311487.590286466,-0.211665,0.10989,0.234395,-1.62639,0.125277,-0.164827,-0.149328
1581311487.597159990,-0.211744,0.109458,0.234393,-1.62685,0.124827,-0.164853,-0.148775
1581311487.604873575,-0.211816,0.109037,0.234393,-1.6273,0.124387,-0.164878,-0.148234
1581311487.611122733,-0.211884,0.108623,0.234393,-1.62775,0.12395,-0.164904,-0.147679
1581311487.652162450,-0.212274,0.106163,0.234395,-1.63044,0.121345,-0.165085,-0.144475
1581311487.658239012,-0.212326,0.105804,0.234394,-1.63083,0.120956,-0.165121,-0.144025
1581311487.667116996,-0.212395,0.105317,0.234394,-1.63135,0.120448,-0.16517,-0.143394
1581311487.673848412,-0.212462,0.104843,0.234393,-1.63187,0.119952,-0.165217,-0.142766
1581311487.680121420,-0.212512,0.104487,0.234394,-1.63226,0.119567,-0.165252,-0.142321
1581311487.686815453,-0.21257,0.104069,0.234394,-1.63271,0.1191,-0.165291,-0.141783
1581311487.693162408,-0.212619,0.103707,0.234395,-1.6331,0.118697,-0.165323,-0.141296
1581311487.737027635,-0.212685,0.103282,0.234396,-1.63356,0.118232,-0.165359,-0.140741
1581311487.743453863,-0.213287,0.100698,0.234395,-1.63638,0.115385,-0.165566,-0.137378
1581311487.749982557,-0.213391,0.100279,0.234393,-1.63683,0.114912,-0.165591,-0.136819
1581311487.756271290,-0.213477,0.0999162,0.234393,-1.63722,0.11451,-0.16561,-0.136363
1581311487.762922006,-0.213579,0.0994953,0.234394,-1.63768,0.114051,-0.165632,-0.135822
1581311487.769237720,-0.213665,0.0991358,0.234396,-1.63807,0.11366,-0.165652,-0.135343
1581311487.775954223,-0.213764,0.0987131,0.234397,-1.63852,0.113211,-0.165674,-0.134789
1581311487.782202206,-0.213847,0.0983514,0.234396,-1.63891,0.112825,-0.165693,-0.134326
1581311487.789091175,-0.213938,0.0979241,0.234394,-1.63936,0.112369,-0.165716,-0.133775
1581311487.795078695,-0.214007,0.0975596,0.234393,-1.63975,0.111983,-0.165736,-0.133298
1581311487.801946210,-0.214081,0.0971418,0.234392,-1.6402,0.111535,-0.165766,-0.132762
1581311487.808167713,-0.21414,0.0967832,0.234392,-1.64058,0.111151,-0.165789,-0.132309
1581311487.854151159,-0.214556,0.0939339,0.234394,-1.64364,0.108073,-0.16596,-0.128619
1581311487.860255977,-0.214613,0.0935061,0.234393,-1.64409,0.107617,-0.166005,-0.128062
1581311487.867153037,-0.214663,0.0931476,0.234393,-1.64448,0.107231,-0.166045,-0.127574
1581311487.873255342,-0.214713,0.0927946,0.234394,-1.64487,0.106846,-0.166082,-0.127098
1581311487.879750165,-0.214773,0.0923693,0.234395,-1.64532,0.10639,-0.16612,-0.126574
1581311487.886095188,-0.214835,0.0919998,0.234396,-1.64571,0.106,-0.16615,-0.126107
1581311487.892139058,-0.214905,0.091631,0.234397,-1.64611,0.105607,-0.166182,-0.125623
1581311487.899044983,-0.214997,0.0912071,0.234397,-1.64656,0.105148,-0.166222,-0.125067
1581311487.905200165,-0.215084,0.0908516,0.234397,-1.64694,0.104756,-0.166259,-0.124615
1581311487.911810630,-0.215191,0.0904337,0.234396,-1.64738,0.104298,-0.166304,-0.124072
1581311487.919138105,-0.215301,0.0899998,0.234395,-1.64783,0.103836,-0.166351,-0.12351
1581311487.996351978,-0.215967,0.087339,0.234395,-1.65068,0.100876,-0.166616,-0.12008
1581311488.002998655,-0.216352,0.085054,0.234393,-1.6531,0.0983937,-0.166702,-0.117067
1581311488.009046115,-0.216416,0.0846383,0.234394,-1.65355,0.0979555,-0.166718,-0.116533
1581311488.016795523,-0.216489,0.084155,0.234396,-1.65407,0.0974405,-0.16674,-0.115908
1581311488.023357265,-0.216549,0.0837303,0.234396,-1.65452,0.0969693,-0.166763,-0.115349
1581311488.030043269,-0.216602,0.0833684,0.234396,-1.6549,0.0965665,-0.16678,-0.114883
1581311488.036277560,-0.216654,0.0830114,0.234394,-1.65529,0.0961684,-0.166796,-0.114415
1581311488.043086186,-0.216715,0.0825879,0.234393,-1.65573,0.09571,-0.166813,-0.11386
1581311488.049835105,-0.216775,0.0821659,0.234393,-1.65618,0.0952579,-0.16683,-0.113311
1581311488.056226684,-0.216826,0.0818072,0.234394,-1.65657,0.0948719,-0.166844,-0.112858
1581311488.062862005,-0.216887,0.0813869,0.234395,-1.65701,0.0944259,-0.166862,-0.112308
1581311488.069164025,-0.216947,0.0810286,0.234395,-1.6574,0.0940337,-0.166879,-0.111819
1581311488.112948761,-0.217579,0.0783689,0.234392,-1.66019,0.0912285,-0.167004,-0.108261
1581311488.120226319,-0.217685,0.077941,0.234392,-1.66064,0.0907642,-0.167029,-0.107684
1581311488.127199607,-0.217787,0.0775224,0.234392,-1.66108,0.0902871,-0.167052,-0.107145
1581311488.133998436,-0.217885,0.0771043,0.234394,-1.66153,0.0898181,-0.167075,-0.106599
1581311488.140192330,-0.217966,0.0767391,0.234395,-1.66192,0.0894241,-0.167095,-0.106109
1581311488.146941140,-0.218062,0.0763108,0.234395,-1.66237,0.0889749,-0.167113,-0.105538
1581311488.186436575,-0.218512,0.073957,0.234392,-1.66485,0.0864071,-0.16728,-0.102472
1581311488.192986886,-0.218584,0.073538,0.234394,-1.6653,0.0859431,-0.167319,-0.101888
1581311488.199287154,-0.218653,0.0731262,0.234395,-1.66575,0.0854799,-0.16736,-0.101333
1581311488.205972252,-0.218713,0.0727616,0.234396,-1.66614,0.0850788,-0.167395,-0.100876
1581311488.212172632,-0.21877,0.0723923,0.234396,-1.66652,0.0846643,-0.167425,-0.100392
1581311488.256374467,-0.218846,0.0719023,0.234395,-1.66702,0.0841021,-0.167456,-0.0997331
1581311488.263142208,-0.219265,0.0693189,0.234395,-1.66976,0.0812087,-0.167564,-0.0963132
1581311488.269801585,-0.219343,0.0689057,0.234395,-1.6702,0.0807405,-0.167575,-0.0957445
1581311488.276081646,-0.219416,0.0685431,0.234395,-1.67058,0.0803452,-0.167584,-0.095269
1581311488.282944817,-0.219506,0.0681135,0.234395,-1.67102,0.0798838,-0.167594,-0.0947151
1581311488.289214886,-0.219588,0.0677518,0.234394,-1.6714,0.0794879,-0.167602,-0.0942322
1581311488.296109556,-0.219683,0.067333,0.234393,-1.67184,0.0790281,-0.167612,-0.0936778
1581311488.302986117,-0.219763,0.0669749,0.234393,-1.67221,0.078628,-0.16762,-0.0932171
1581311488.309164977,-0.219856,0.0665528,0.234394,-1.67266,0.0781539,-0.167632,-0.0926677
1581311488.317005925,-0.219957,0.066061,0.234395,-1.67317,0.0776073,-0.167647,-0.0920256
1581311488.323123873,-0.220032,0.0657,0.234394,-1.67356,0.0772011,-0.167664,-0.0915563
1581311488.329838585,-0.220121,0.0652839,0.234394,-1.674,0.0767329,-0.167697,-0.0910019
1581311488.372483263,-0.220628,0.0627556,0.234394,-1.67659,0.0739431,-0.167881,-0.0876136
1581311488.379195056,-0.22071,0.0623331,0.234395,-1.67702,0.0734817,-0.167906,-0.0870739
1581311488.386072620,-0.220791,0.06191,0.234396,-1.67746,0.0730171,-0.167929,-0.0865025
1581311488.392782023,-0.220872,0.0614849,0.234395,-1.67789,0.0725466,-0.167951,-0.0859295
1581311488.399206495,-0.220942,0.0611234,0.234394,-1.67826,0.0721367,-0.167972,-0.0854639
1581311488.405920879,-0.221021,0.0606945,0.234393,-1.67869,0.0716426,-0.167996,-0.0849211
1581311488.412280320,-0.221087,0.0603289,0.234393,-1.67906,0.0712263,-0.168016,-0.0844335
1581311488.423896650,-0.221217,0.0596061,0.234395,-1.6798,0.0703969,-0.168055,-0.0834868
1581311488.430228129,-0.221281,0.0592435,0.234395,-1.68017,0.0699917,-0.168073,-0.0830184
1581311488.437035164,-0.221357,0.0588155,0.234394,-1.6806,0.0695211,-0.168092,-0.0824394
1581311488.443472318,-0.221424,0.0584433,0.234394,-1.68098,0.0691129,-0.168108,-0.081946
1581311488.488841044,-0.222015,0.0556005,0.234395,-1.68392,0.065899,-0.168243,-0.0781368
1581311488.495141709,-0.222088,0.0552354,0.234395,-1.68429,0.0654701,-0.168264,-0.0776535
1581311488.501739274,-0.222168,0.0548039,0.234394,-1.68473,0.0649892,-0.168287,-0.0770966
1581311488.508003933,-0.222236,0.0544345,0.234393,-1.6851,0.0646006,-0.168307,-0.0766088
1581311488.515777551,-0.222303,0.0540708,0.234394,-1.68548,0.0642188,-0.16833,-0.0761143
1581311488.522136245,-0.222393,0.053594,0.234395,-1.68598,0.0637154,-0.168364,-0.0754735
1581311488.529974118,-0.222483,0.0531088,0.234395,-1.68646,0.0632131,-0.168401,-0.0748192
1581311488.536248900,-0.222552,0.0527369,0.234394,-1.68683,0.0628322,-0.168432,-0.0743305
1581311488.542310454,-0.222632,0.0523043,0.234393,-1.68727,0.0623764,-0.168465,-0.073779
1581311488.549052263,-0.2227,0.0519423,0.234393,-1.68765,0.0619838,-0.168474,-0.0733116
1581311488.555270255,-0.222767,0.0515866,0.234394,-1.68802,0.0615983,-0.168475,-0.0728241
1581311488.595254963,-0.223223,0.0491654,0.234395,-1.69051,0.0588001,-0.168484,-0.0695666
1581311488.638845872,-0.223697,0.0466103,0.234395,-1.69313,0.0558667,-0.168503,-0.0661163
1581311488.645218848,-0.223786,0.0461834,0.234395,-1.69357,0.055385,-0.168507,-0.0655686
1581311488.651924288,-0.223879,0.0457646,0.234395,-1.694,0.0549118,-0.168511,-0.0649906
1581311488.658278721,-0.223962,0.0454068,0.234395,-1.69437,0.0545071,-0.168516,-0.0644908
1581311488.665183652,-0.224059,0.0449818,0.234394,-1.6948,0.0540363,-0.168525,-0.0639346
1581311488.671773842,-0.224151,0.0445563,0.234394,-1.69524,0.0535596,-0.168534,-0.0633792
1581311488.678314540,-0.224228,0.0441919,0.234394,-1.69561,0.0531353,-0.168544,-0.0628722
1581311488.685144129,-0.224317,0.0437745,0.234394,-1.69605,0.052632,-0.168557,-0.0622813
1581311488.691872980,-0.224401,0.0433519,0.234394,-1.69648,0.0521371,-0.168574,-0.061728
1581311488.698285202,-0.224475,0.0429862,0.234394,-1.69685,0.0517162,-0.16859,-0.0612401
1581311488.704967728,-0.224562,0.0425632,0.234395,-1.69728,0.0512332,-0.16861,-0.0606425
1581311488.747996807,-0.224637,0.0421982,0.234396,-1.69765,0.0508202,-0.168626,-0.0601484
1581311488.754222078,-0.225184,0.039595,0.234394,-1.70029,0.0479009,-0.16874,-0.0566104
1581311488.761069330,-0.225271,0.0391671,0.234394,-1.70073,0.0474223,-0.168758,-0.0560343
1581311488.767289252,-0.225345,0.038796,0.234395,-1.70111,0.0470042,-0.168774,-0.0555437
1581311488.774145903,-0.225427,0.0383727,0.234395,-1.70154,0.0465091,-0.168789,-0.0549645
1581311488.781017534,-0.225505,0.0379525,0.234395,-1.70197,0.046012,-0.168802,-0.0543946
1581311488.787221264,-0.225571,0.0375882,0.234394,-1.70233,0.0455943,-0.168813,-0.05392
1581311488.828066382,-0.226037,0.0350929,0.234396,-1.70486,0.0427737,-0.168898,-0.0505173
1581311488.834845470,-0.226125,0.0346618,0.234394,-1.70529,0.042284,-0.168912,-0.0499447
1581311488.841400967,-0.226201,0.0342995,0.234394,-1.70566,0.0418617,-0.168924,-0.0494349
1581311488.848121001,-0.22629,0.0338834,0.234394,-1.70608,0.0413642,-0.168937,-0.0488304
1581311488.854391942,-0.226362,0.0335179,0.234394,-1.70644,0.0409326,-0.168948,-0.0483472
1581311488.898429496,-0.2269,0.0307706,0.234395,-1.70923,0.0376807,-0.169028,-0.0446061
1581311488.905319921,-0.226974,0.0304066,0.234394,-1.70959,0.0372462,-0.169037,-0.0441279
1581311488.911808713,-0.227062,0.0299901,0.234394,-1.71001,0.036754,-0.169049,-0.043548
1581311488.919908335,-0.227163,0.0295115,0.234394,-1.7105,0.0362135,-0.16906,-0.0428495
1581311488.926381182,-0.227238,0.0291416,0.234394,-1.71086,0.0358099,-0.169069,-0.0423536
1581311488.933208755,-0.227328,0.0287088,0.234395,-1.71129,0.0353347,-0.169076,-0.0417829
1581311488.974076429,-0.227824,0.0261611,0.234394,-1.71387,0.0323902,-0.169124,-0.0382501
1581311488.980240245,-0.227892,0.0258023,0.234394,-1.71424,0.0319792,-0.169131,-0.0377572
1581311488.986816738,-0.227974,0.0253764,0.234394,-1.71467,0.0314998,-0.16914,-0.0371636
1581311488.993294298,-0.228043,0.0250103,0.234394,-1.71504,0.0310784,-0.169147,-0.0366549
1581311488.999763646,-0.228128,0.0245823,0.234396,-1.71546,0.0305862,-0.169153,-0.0360804
1581311489.042458408,-0.228204,0.024222,0.234396,-1.71583,0.0301724,-0.169158,-0.035573
1581311489.049486137,-0.228751,0.0216667,0.234394,-1.71838,0.0271605,-0.169188,-0.0320244
1581311489.055818291,-0.228841,0.0212341,0.234394,-1.7188,0.0266388,-0.169192,-0.0313997
1581311489.062803064,-0.228931,0.0208071,0.234395,-1.71922,0.0261338,-0.169195,-0.0307894
1581311489.069119683,-0.22901,0.0204417,0.234397,-1.71958,0.0257123,-0.169197,-0.030279
1581311489.075387565,-0.229103,0.0200152,0.234396,-1.72001,0.0252167,-0.169199,-0.0296623
1581311489.082116125,-0.229181,0.0196482,0.234395,-1.72038,0.0247853,-0.169202,-0.0291329
1581311489.088388930,-0.229262,0.0192766,0.234394,-1.72076,0.0243551,-0.169204,-0.0286359
1581311489.095165150,-0.229355,0.0188481,0.234393,-1.72118,0.0238549,-0.169206,-0.0280473
1581311489.101887460,-0.229447,0.0184278,0.234394,-1.7216,0.023362,-0.169209,-0.0274326
1581311489.108199035,-0.229526,0.0180608,0.234394,-1.72196,0.0229385,-0.16921,-0.0269091
1581311489.115858662,-0.229614,0.0176321,0.234394,-1.72239,0.0224424,-0.169213,-0.0263299
1581311489.159045350,-0.230096,0.0149376,0.234394,-1.72505,0.0192226,-0.169233,-0.0225513
1581311489.165282997,-0.230159,0.0145744,0.234394,-1.72541,0.0187986,-0.169235,-0.0220458
1581311489.172045600,-0.230233,0.0141555,0.234394,-1.72583,0.0182936,-0.169238,-0.0214252
1581311489.178881355,-0.230298,0.0137865,0.234395,-1.72619,0.0178626,-0.16924,-0.0209067
1581311489.218908463,-0.230808,0.0112696,0.234394,-1.72868,0.0148888,-0.169256,-0.0173814
1581311489.225362083,-0.230882,0.010903,0.234394,-1.72904,0.014446,-0.169258,-0.0168667
1581311489.232043977,-0.230971,0.010481,0.234394,-1.72944,0.0139381,-0.16926,-0.0162684
1581311489.238361593,-0.231049,0.0101227,0.234394,-1.72978,0.0135031,-0.169263,-0.0157482
1581311489.245140205,-0.231141,0.00969733,0.234395,-1.73019,0.0130008,-0.169266,-0.0151481
1581311489.251856153,-0.231236,0.00925979,0.234396,-1.73059,0.0125001,-0.169268,-0.014568
1581311489.258961109,-0.231317,0.00889271,0.234396,-1.73095,0.0120637,-0.16927,-0.0140548
1581311489.300322799,-0.231411,0.00846871,0.234394,-1.73136,0.0115542,-0.169273,-0.0134504
1581311489.307168953,-0.231963,0.00591392,0.234394,-1.73386,0.00837275,-0.169285,-0.00977457
1581311489.313391299,-0.232032,0.0055481,0.234394,-1.73421,0.00790863,-0.169286,-0.00924871
1581311489.321256499,-0.232121,0.00505555,0.234395,-1.73469,0.00729686,-0.169289,-0.0085852
1581311489.327969559,-0.232197,0.00463052,0.234395,-1.7351,0.00676984,-0.16929,-0.00796268
1581311489.334272109,-0.232262,0.00426746,0.234394,-1.73546,0.0063153,-0.169291,-0.00742555
1581311489.340920450,-0.23234,0.00383963,0.234394,-1.73588,0.00578282,-0.169293,-0.00682801
1581311489.347375313,-0.232409,0.00347159,0.234394,-1.73623,0.00532684,-0.169294,-0.00631227
1581311489.354099688,-0.232495,0.00304495,0.234396,-1.73665,0.00480126,-0.169295,-0.00569017
1581311489.360874902,-0.232585,0.00261652,0.234396,-1.73706,0.00427338,-0.169296,-0.00509066
1581311489.367213206,-0.232665,0.00225315,0.234395,-1.73741,0.00382076,-0.169297,-0.00458043
1581311489.373954651,-0.232762,0.00182424,0.234394,-1.73783,0.00328895,-0.169298,-0.00395042
