timestamp,ta1,ta2,ta3,ta4,ta5,ta6,ta7
1581147879.057011205,0.267488,49.9534,-1.9048,-22.7971,1.31264,1.04231,-0.363456
1581147879.063770823,0.046296,50.9847,-2.07149,-23.1735,1.32584,1.05332,-0.353109
1581147879.070166893,-0.221192,51.8772,-2.24624,-23.3859,1.32673,1.03096,-0.34076
1581147879.076886304,-0.21862,52.0881,-2.2785,-23.2918,1.3188,1.0116,-0.338758
1581147879.083689058,-0.041152,52.2476,-2.14542,-23.1171,1.34521,0.97055,-0.337757
1581147879.090548386,0.120884,52.4045,-2.09569,-23.3187,1.32408,0.974889,-0.345433
1581147879.096756126,0.144032,52.0418,-2.09837,-23.1843,1.33377,0.937508,-0.342763
1581147879.103837918,0.069444,51.5274,-2.07821,-23.1224,1.33905,0.92516,-0.361787
1581147879.110105476,-0.002572,51.1262,-2.06611,-23.0552,1.31088,0.893787,-0.364123
1581147879.117045763,0.048868,50.4215,-2.02041,-22.8939,1.32496,0.863416,-0.361453
1581147879.123848712,0.03858,49.6884,-2.05267,-22.4691,1.30119,0.822364,-0.366126
1581147879.130629459,-0.02572,48.8474,-2.07418,-22.4248,1.32673,0.835714,-0.343097
1581147879.137005819,0.01286,49.03,-2.06342,-22.9168,1.31616,0.830374,-0.337423
1581147879.144653760,-0.01286,49.012,-2.04192,-22.8415,1.30824,0.83271,-0.325408
1581147879.151657302,0.046296,48.6751,-2.0688,-22.7219,1.31,0.849732,-0.321403
1581147879.157889938,0.164608,48.6494,-2.01637,-22.7998,1.33201,0.863082,-0.315395
1581147879.164715673,0.331788,48.6313,-1.88598,-22.828,1.3144,0.880103,-0.327744
1581147879.206665807,-0.010288,48.7754,-2.08493,-23.1762,1.3637,0.944517,-0.294703
1581147879.213964224,-0.046296,48.351,-2.09434,-22.9168,1.34257,0.948189,-0.30071
1581147879.220793056,-0.015432,48.7239,-2.10913,-22.9342,1.34257,0.951526,-0.299042
1581147879.227149976,0.048868,48.9709,-2.04595,-22.9033,1.30824,0.936507,-0.317064
1581147879.233903048,0.118312,48.9554,-2.04595,-22.9329,1.29943,0.976224,-0.314394
1581147879.241711983,0.162036,48.94,-2.02041,-22.9799,1.32937,0.969882,-0.323405
1581147879.248534678,0.303496,49.2383,-1.93841,-22.992,1.30384,0.943182,-0.326075
1581147879.255028922,0.267488,49.6936,-1.95319,-23.1587,1.30031,0.961539,-0.337757
1581147879.261889973,0.203188,49.5264,-2.05536,-23.2233,1.30295,0.986236,-0.312392
1581147879.268577366,0.162036,49.4364,-2.13064,-23.3039,1.30912,0.987905,-0.310389
1581147879.274972026,0.190328,49.12,-2.09703,-23.1278,1.29943,0.937175,-0.29537
1581147879.315100965,0.34722,48.423,-1.8927,-22.7111,1.28623,0.976224,-0.321069
1581147879.321822377,0.280348,48.6622,-1.9169,-22.8684,1.30031,0.977225,-0.316063
1581147879.328481562,0.187756,48.94,-2.03654,-23.113,1.28975,0.985235,-0.327744
1581147879.335170738,0.030864,48.9657,-2.11854,-22.9571,1.3232,0.950859,-0.301044
1581147879.342755884,0.043724,48.9323,-2.14005,-23.1103,1.30912,0.969882,-0.31406
1581147879.348892864,0.159464,49.1818,-2.05939,-23.1386,1.34081,0.971551,-0.283355
1581147879.355762083,0.24434,49.2306,-2.00428,-22.8173,1.28623,0.937842,-0.303047
1581147879.361933499,0.223764,48.94,-2.04998,-23.0378,1.32496,0.950859,-0.293368
1581147879.368619102,0.311212,48.8268,-2.01906,-23.2448,1.33817,0.973887,-0.315729
1581147879.375040738,0.342076,48.868,-2.00831,-22.9383,1.33465,0.947855,-0.310055
1581147879.381676189,0.331788,48.4616,-1.94782,-22.7501,1.34609,0.95186,-0.31139
1581147879.422182198,0.56584,48.5388,-1.87523,-23.0996,1.35314,0.979895,-0.293701
1581147879.428718492,0.537548,48.6931,-1.92093,-23.0297,1.35138,0.942515,-0.289029
1581147879.435020721,0.511828,48.4873,-1.92228,-23.0445,1.35666,0.960871,-0.291031
1581147879.442809268,0.47582,48.6005,-1.86716,-22.8778,1.37074,0.985235,-0.27935
1581147879.449084094,0.37294,48.6468,-1.94244,-23.0095,1.35578,0.940178,-0.289029
1581147879.455721088,0.30864,48.531,-2.06342,-23.1157,1.3505,0.947521,-0.289363
1581147879.462152533,0.264916,48.3844,-2.06342,-22.9195,1.37427,0.940512,-0.300043
1581147879.468751350,0.236624,48.2636,-2.04595,-22.8697,1.34081,0.948856,-0.297373
1581147879.475405149,0.21862,48.3227,-2.00831,-22.9168,1.35666,0.957534,-0.301712
1581147879.481681772,0.262344,48.1247,-2.00562,-23.0472,1.34081,0.97589,-0.297706
1581147879.488006348,0.34722,48.2173,-2.01234,-23.2017,1.35314,0.972886,-0.293368
1581147879.528119184,0.439812,48.2198,-1.97336,-23.1762,1.33553,0.968547,-0.293701
1581147879.535052189,0.357508,48.0321,-1.96798,-22.988,1.31528,0.987571,-0.318065
1581147879.542666382,0.34722,48.1967,-1.96126,-22.9759,1.31968,0.980562,-0.322404
1581147879.549733437,0.285492,47.726,-2.01234,-22.9047,1.33729,0.978226,-0.315395
1581147879.556073374,0.344648,47.5331,-2.02713,-23.1439,1.32496,1.00192,-0.326075
1581147879.562752018,0.3215,47.888,-1.96529,-23.0122,1.31352,0.980896,-0.314728
1581147879.569006554,0.28292,48.225,-1.98546,-22.7904,1.32937,0.944851,-0.305717
1581147879.575539936,0.234052,48.351,-2.06611,-23.0552,1.31176,0.952194,-0.306384
1581147879.581951999,0.216048,48.3587,-2.11182,-23.2649,1.34609,1.0086,-0.29003
1581147879.588564973,0.324072,48.3201,-2.05401,-23.1198,1.3232,0.976891,-0.306384
1581147879.595088323,0.342076,48.2095,-1.98277,-22.781,1.31264,0.945185,-0.291365
1581147879.601641891,0.447528,48.1247,-1.92631,-22.7729,1.30648,0.960204,-0.299709
1581147879.642822803,0.570984,47.6977,-1.87388,-23.1386,1.34873,0.980896,-0.329079
1581147879.648958876,0.509256,47.5563,-1.95588,-23.066,1.33113,0.988572,-0.318065
1581147879.655766276,0.511828,47.6669,-1.91018,-22.8818,1.33729,0.979895,-0.311724
1581147879.662096753,0.4501,47.798,-1.92765,-22.7003,1.30119,0.960537,-0.303714
1581147879.668757377,0.41152,47.9318,-1.94379,-22.9786,1.33201,0.94652,-0.304048
1581147879.681939046,0.396088,47.7749,-1.98142,-22.9692,1.34257,0.95987,-0.304048
1581147879.688107682,0.432096,47.5254,-1.93706,-22.9652,1.35314,0.951192,-0.315062
1581147879.695609697,0.486108,47.7337,-1.85238,-22.8805,1.37074,0.944851,-0.307719
1581147879.702103748,0.434668,47.5074,-1.88329,-23.0136,1.38219,0.965544,-0.317732
1581147879.708644681,0.352364,47.6926,-2.01234,-23.238,1.34345,0.99191,-0.32741
1581147879.748538791,0.275204,47.7749,-2.05267,-23.0606,1.34257,0.983232,-0.326409
1581147879.754869046,0.447528,47.2425,-1.89405,-22.9571,1.38571,1.02161,-0.282354
1581147879.761568421,0.375512,47.2425,-1.91959,-22.9127,1.38571,1.00493,-0.288695
1581147879.767849420,0.277776,47.1447,-2.00024,-23.0673,1.37779,1.0086,-0.286693
1581147879.774584524,0.239196,47.2939,-2.04595,-23.3456,1.36898,1.02095,-0.299042
1581147879.780754415,0.306068,47.528,-2.02578,-22.984,1.35754,0.968214,-0.296371
1581147879.787650998,0.383228,47.618,-1.97336,-22.82,1.3549,0.970884,-0.30338
1581147879.793924574,0.491252,47.492,-1.89539,-23.1843,1.3505,1.01594,-0.311724
1581147879.800666407,0.60442,47.6411,-1.84969,-23.2407,1.33729,1.02896,-0.305717
1581147879.806968787,0.704728,47.5537,-1.80667,-22.9894,1.33465,1.00393,-0.304048
1581147879.813725912,0.751024,47.6617,-1.77441,-22.9679,1.33025,1.00159,-0.300377
1581147879.820203182,0.7716,47.4971,-1.73005,-22.9006,1.3232,1.02195,-0.294369
1581147879.861022575,0.326644,46.9261,-2.02175,-23.1265,1.34257,1.04097,-0.299375
1581147879.867174332,0.419236,46.5094,-1.94379,-22.8791,1.32408,1.01627,-0.301378
1581147879.873888927,0.583844,46.5789,-1.83221,-22.828,1.3505,1.02228,-0.303714
1581147879.881721013,0.63014,47.0444,-1.77172,-22.9141,1.33905,1.01694,-0.316397
1581147879.888001016,0.588988,47.3916,-1.8349,-23.2327,1.35226,1.04231,-0.309722
1581147879.895088210,0.470676,47.3299,-1.93438,-23.2098,1.36986,1.04197,-0.309054
1581147879.901684047,0.336932,47.0753,-2.02041,-22.9746,1.33993,1.0353,-0.308053
1581147879.907998718,0.221192,47.0599,-2.06746,-22.9611,1.33113,1.01327,-0.294369
1581147879.914742031,0.23148,47.2656,-2.00831,-23.0861,1.34697,1.0076,-0.29537
1581147879.921120683,0.262344,47.4611,-1.99487,-23.2878,1.36898,1.02529,-0.284023
1581147879.927756653,0.324072,47.4791,-2.03788,-23.3805,1.38395,1.01627,-0.278015
1581147879.975134613,0.367796,47.0033,-2.04729,-23.3268,1.34609,1.03496,-0.286025
1581147879.982037908,0.457816,46.476,-1.847,-22.7944,1.35578,1.02762,-0.310389
1581147880.029220258,0.756168,46.849,-1.79861,-23.3631,1.37515,1.03163,-0.298374
1581147880.035959969,0.725304,46.8927,-1.82415,-23.07,1.35402,0.988572,-0.286359
1581147880.044049378,0.650716,46.7949,-1.80533,-22.9275,1.36898,1.00025,-0.29537
1581147880.050845087,0.537548,46.5172,-1.84431,-22.7904,1.37074,0.994246,-0.302045
1581147880.057081517,0.378084,46.0825,-1.95588,-22.6062,1.37955,0.971217,-0.300377
1581147880.064034746,0.357508,46.0413,-1.97605,-23.027,1.39715,0.995915,-0.306384
1581147880.070688378,0.388372,46.2985,-1.9411,-23.152,1.38131,0.990241,-0.31406
1581147880.077765885,0.421808,46.5763,-1.88061,-23.0969,1.37779,0.997918,-0.312058
1581147880.084588283,0.460388,46.386,-1.86044,-22.9907,1.38219,1.00259,-0.319734
1581147880.090976938,0.486108,46.0748,-1.90346,-22.7837,1.37779,1.0076,-0.307719
1581147880.097786446,0.473248,46.1699,-1.8927,-22.7676,1.37955,1.00459,-0.292366
1581147880.104050627,0.491252,46.4503,-1.86447,-22.7272,1.3681,0.982565,-0.296705
1581147880.111001305,0.41152,46.6638,-1.90615,-23.2501,1.39627,1.02729,-0.279684
1581147880.117672194,0.365224,46.548,-1.95051,-23.0861,1.38747,1.01227,-0.280685
1581147880.124205162,0.339504,46.1725,-1.9868,-22.9074,1.39539,0.998919,-0.274344
1581147880.130788760,0.383228,46.1442,-1.94782,-22.8025,1.36282,0.982899,-0.280685
1581147880.138731593,0.455244,46.2625,-1.86313,-23.0982,1.38747,1.02161,-0.276346
1581147880.179102982,0.532404,46.3423,-1.81205,-23.2918,1.37603,1.02929,-0.297039
1581147880.185842217,0.480964,46.0311,-1.89405,-22.9074,1.32408,1.01627,-0.307719
1581147880.192581080,0.496396,45.7096,-1.85641,-22.6493,1.31792,0.980562,-0.296705
1581147880.198824611,0.568412,45.8562,-1.76366,-22.7568,1.33377,1.00726,-0.299042
1581147880.205971774,0.563268,45.8536,-1.75021,-22.7219,1.32937,1.01327,-0.290364
1581147880.213086626,0.568412,45.8227,-1.80398,-22.9114,1.34961,0.995915,-0.288695
1581147880.220006304,0.59156,45.8459,-1.84565,-23.3913,1.36546,1.03964,-0.287026
1581147880.226712677,0.666148,46.0028,-1.77038,-22.9665,1.3505,0.993913,-0.286359
1581147880.233042494,0.658432,46.0619,-1.72602,-22.738,1.33465,0.986236,-0.281686
1581147880.240891870,0.586416,46.2111,-1.76903,-22.8711,1.34081,0.984901,-0.288361
1581147880.247608107,0.47582,46.4812,-1.91018,-23.2017,1.38043,1.00927,-0.292033
1581147880.254119882,0.378084,46.0979,-1.97739,-22.9867,1.34961,0.98924,-0.295036
1581147880.260603441,0.42438,46.1519,-1.88195,-22.859,1.36282,0.965877,-0.302045
1581147880.267189803,0.444956,46.0105,-1.80129,-22.7797,1.33641,0.987237,-0.304048
1581147880.273856493,0.480964,45.8124,-1.81339,-22.8885,1.34785,1.00059,-0.304048
1581147880.280635855,0.442384,45.5938,-1.87523,-22.785,1.36282,0.968214,-0.305717
1581147880.286986037,0.439812,45.3109,-1.89808,-22.8549,1.37162,0.981564,-0.299042
1581147880.293757913,0.452672,45.4755,-1.85775,-23.0539,1.3681,1.01394,-0.287694
1581147880.335865833,0.627568,45.8022,-1.74618,-23.1977,1.35666,1.02662,-0.275345
1581147880.343718310,0.661004,45.707,-1.73543,-23.0431,1.37867,1.03096,-0.280685
1581147880.350642854,0.606992,45.4395,-1.77172,-22.7232,1.3593,0.997584,-0.289696
1581147880.356793226,0.519544,45.689,-1.80398,-22.9289,1.3681,1.01861,-0.285691
1581147880.363906688,0.457816,45.6787,-1.82818,-23.1009,1.38307,1.02762,-0.299042
1581147880.370117824,0.41152,45.6581,-1.90346,-23.2851,1.38043,1.02595,-0.30071
1581147880.376971329,0.390944,45.7173,-1.92228,-23.0499,1.36194,1.00393,-0.305049
1581147880.383845375,0.465532,45.3701,-1.85506,-22.9692,1.35666,1.0066,-0.304048
1581147880.390099578,0.606992,45.244,-1.74349,-22.6506,1.3637,0.982899,-0.305049
1581147880.396945288,0.65586,45.3006,-1.71123,-22.7676,1.36986,1.02362,-0.300377
1581147880.403710675,0.609564,45.1231,-1.73139,-22.9087,1.38835,1.05032,-0.301044
1581147880.410681569,0.60442,44.9971,-1.74887,-22.9141,1.38219,1.064,-0.297373
1581147880.449852350,0.581272,45.4164,-1.75559,-23.1708,1.40508,1.02128,-0.295036
1581147880.456191343,0.516972,45.5475,-1.77441,-22.9907,1.38043,1.02996,-0.301712
1581147880.462880958,0.511828,45.6041,-1.81743,-23.1439,1.39099,1.02962,-0.300043
1581147880.469177578,0.496396,45.7559,-1.84297,-23.1816,1.4042,1.01461,-0.307385
1581147880.475814160,0.511828,45.4729,-1.82146,-23.0875,1.40244,1.01527,-0.302379
1581147880.482251403,0.55298,45.5347,-1.765,-22.8401,1.38835,1.0136,-0.302379
1581147880.488620979,0.537548,45.4421,-1.73408,-22.9006,1.3998,1.0333,-0.299709
1581147880.495208281,0.408948,45.2672,-1.82011,-23.066,1.38307,1.05632,-0.306384
1581147880.501648204,0.33436,44.9174,-1.91421,-22.8119,1.36458,1.04464,-0.296038
1581147880.508074000,0.303496,44.457,-1.90749,-22.5538,1.37603,1.02262,-0.279684
1581147880.514156286,0.354936,44.5599,-1.8349,-22.902,1.39011,1.05432,-0.278349
1581147880.554937053,0.588988,44.9894,-1.69644,-22.9316,1.3593,1.06534,-0.280351
1581147880.561109729,0.470676,45.0717,-1.81877,-23.4141,1.38307,1.08736,-0.285691
1581147880.567785577,0.457816,45.3006,-1.85775,-23.5136,1.39804,1.10038,-0.29003
1581147880.573966156,0.470676,44.992,-1.81877,-23.1278,1.37427,1.07702,-0.287694
1581147880.580756060,0.509256,44.8171,-1.71123,-22.6977,1.36018,1.03864,-0.293368
1581147880.586910756,0.558124,44.9405,-1.683,-22.9517,1.34345,1.05666,-0.290364
1581147880.593684737,0.524688,44.8634,-1.74349,-23.2273,1.34609,1.08069,-0.2927
1581147880.600168603,0.519544,44.9251,-1.80264,-23.2811,1.35842,1.07668,-0.287026
1581147880.606820475,0.537548,44.8685,-1.765,-23.2394,1.35314,1.09738,-0.283355
1581147880.613176758,0.61728,44.8711,-1.64939,-23.0364,1.35402,1.11406,-0.271006
1581147880.619812969,0.5787,44.6988,-1.65746,-22.8549,1.34961,1.08469,-0.266
1581147880.660000639,0.421808,44.5907,-1.81877,-23.0055,1.37515,1.09771,-0.262329
1581147880.666160822,0.378084,44.3618,-1.83759,-23.0552,1.36282,1.07301,-0.261328
1581147880.672839778,0.5144,44.4981,-1.73408,-23.1991,1.36458,1.05699,-0.272675
1581147880.679066800,0.637856,44.8994,-1.64536,-23.3967,1.37691,1.08836,-0.275679
1581147880.685913090,0.684152,44.8762,-1.61041,-22.9248,1.35138,1.04498,-0.281686
1581147880.692928785,0.5787,44.5907,-1.71526,-22.785,1.35754,1.02996,-0.286359
1581147880.699854104,0.568412,44.5753,-1.73274,-22.9907,1.3637,1.04398,-0.289029
1581147880.705930624,0.50154,44.8016,-1.72467,-23.0821,1.37691,1.06467,-0.287694
1581147880.712640130,0.432096,44.7039,-1.74618,-23.023,1.38395,1.02862,-0.286693
1581147880.718926046,0.329216,44.5907,-1.8349,-23.1695,1.39187,1.05299,-0.287694
1581147880.725770873,0.303496,44.2409,-1.87657,-22.9705,1.38571,1.04531,-0.278349
1581147880.732223439,0.329216,43.9194,-1.84028,-22.6936,1.37338,1.04297,-0.269004
1581147880.772792673,0.50154,44.1509,-1.67494,-22.816,1.37427,1.0126,-0.250314
1581147880.778977294,0.522116,44.3567,-1.6588,-22.9195,1.38571,1.03263,-0.24998
1581147880.785670807,0.457816,44.3644,-1.75828,-22.8805,1.38043,1.02028,-0.255988
1581147880.791992694,0.419236,44.4236,-1.83893,-23.0754,1.39539,1.02228,-0.255988
1581147880.798689773,0.473248,44.2204,-1.74618,-23.1749,1.39275,1.03196,-0.262663
1581147880.804944739,0.612136,44.3104,-1.60503,-22.8899,1.37603,1.00493,-0.26333
1581147880.811898583,0.60442,44.2692,-1.58218,-22.8469,1.37515,1.02962,-0.270673
1581147880.818196791,0.583844,44.1792,-1.6709,-23.0499,1.38923,1.05466,-0.26867
1581147880.824660449,0.586416,43.6957,-1.69913,-23.0539,1.38307,1.05833,-0.271006
1581147880.831178503,0.627568,43.6262,-1.65343,-22.863,1.38483,1.04698,-0.262329
1581147880.837828648,0.599276,43.832,-1.61444,-22.9289,1.39804,1.05632,-0.264331
1581147880.844726075,0.470676,44.0866,-1.67225,-23.1318,1.40508,1.07001,-0.253985
1581147880.884856522,0.457816,43.832,-1.69241,-23.1265,1.39539,1.08436,-0.25532
1581147880.891839488,0.48868,44.1072,-1.74484,-23.074,1.40684,1.04765,-0.264331
1581147880.897982659,0.52726,43.8551,-1.68031,-22.9463,1.38923,1.04798,-0.266334
1581147880.904725978,0.568412,43.8191,-1.62385,-23.0902,1.4174,1.066,-0.27134
1581147880.911076071,0.50154,44.0609,-1.65074,-23.0485,1.42093,1.05933,-0.27134
1581147880.917692525,0.36008,43.9837,-1.79861,-22.8643,1.38571,1.02262,-0.275345
1581147880.924161008,0.275204,43.8011,-1.87523,-22.7192,1.40772,1.01427,-0.280685
1581147880.930763082,0.357508,43.5671,-1.79726,-22.8778,1.39275,1.06233,-0.289696
1581147880.936928176,0.496396,43.8243,-1.65343,-23.1184,1.40244,1.07568,-0.281686
1581147880.944682953,0.56584,44.0095,-1.60772,-23.1991,1.39451,1.07501,-0.277014
1581147880.988354632,0.352364,43.5619,-1.80129,-23.3053,1.38483,1.07735,-0.251649
1581147880.994758067,0.41152,43.634,-1.76634,-23.0808,1.3505,1.066,-0.247977
1581147881.001038341,0.491252,43.7188,-1.66687,-22.941,1.36722,1.06767,-0.245975
1581147881.007857513,0.545264,43.7343,-1.6131,-22.91,1.36986,1.05566,-0.247977
1581147881.014792450,0.524688,43.5928,-1.67628,-22.8307,1.37515,1.05199,-0.251315
1581147881.021182270,0.555552,43.7265,-1.68838,-22.8375,1.36018,1.06267,-0.248979
1581147881.027862615,0.570984,43.387,-1.63864,-23.0055,1.37338,1.07068,-0.253985
1581147881.034679408,0.637856,43.6005,-1.57008,-23.1171,1.36986,1.07735,-0.256321
1581147881.041898738,0.606992,43.5517,-1.61444,-23.1144,1.36106,1.07034,-0.264665
1581147881.048735629,0.478392,43.243,-1.70316,-22.9571,1.3593,1.05666,-0.259325
1581147881.055026717,0.403804,42.9704,-1.75021,-22.9652,1.36194,1.04398,-0.264999
1581147881.061211194,0.439812,42.8521,-1.69107,-22.7635,1.3505,1.05466,-0.262329
1581147881.101256416,0.545264,43.3073,-1.59294,-22.8993,1.37162,1.06567,-0.250981
1581147881.107958643,0.491252,43.3253,-1.66149,-22.828,1.3681,1.06734,-0.252316
1581147881.114690597,0.408948,43.1659,-1.75156,-22.6506,1.34433,1.05032,-0.247644
1581147881.121023607,0.354936,42.7852,-1.765,-22.7944,1.33641,1.07902,-0.254986
1581147881.128046884,0.408948,42.9215,-1.67762,-22.8738,1.3549,1.08636,-0.250981
1581147881.133993937,0.439812,43.1144,-1.61176,-22.9961,1.3505,1.07435,-0.260994
1581147881.141801220,0.42438,43.2584,-1.67359,-23.3792,1.38747,1.10338,-0.25799
1581147881.148041180,0.498968,43.0913,-1.67494,-23.4316,1.38923,1.10472,-0.268336
1581147881.154768337,0.601848,42.7723,-1.62385,-22.7098,1.38131,1.05332,-0.27401
1581147881.160902934,0.663576,42.6489,-1.52035,-22.3347,1.37603,1.0393,-0.27668
1581147881.167762560,0.66872,42.9575,-1.49077,-22.699,1.36898,1.07201,-0.284023
1581147881.207914179,0.581272,43.3047,-1.56471,-23.3214,1.37515,1.09904,-0.28202
1581147881.214726975,0.2572,42.6978,-1.79592,-22.8643,1.38395,1.062,-0.275345
1581147881.221956125,0.331788,42.6566,-1.73139,-23.1735,1.36634,1.08603,-0.275011
1581147881.228768462,0.421808,42.7749,-1.58487,-23.0552,1.37074,1.08369,-0.261328
1581147881.234942900,0.50154,42.8932,-1.55395,-23.0095,1.38659,1.08269,-0.264999
1581147881.242906736,0.486108,42.8366,-1.61982,-22.9934,1.38043,1.08069,-0.25532
1581147881.249173256,0.506684,42.8058,-1.66687,-22.9006,1.37162,1.07802,-0.25799
1581147881.255648826,0.588988,42.672,-1.57277,-22.9342,1.39363,1.08236,-0.251983
1581147881.262199097,0.609564,42.6515,-1.48808,-22.7729,1.39363,1.07001,-0.258658
1581147881.268679043,0.56584,42.7543,-1.50422,-22.9141,1.39715,1.06066,-0.253985
1581147881.275128940,0.447528,42.7183,-1.61444,-23.1144,1.40948,1.05766,-0.253318
1581147881.281692439,0.383228,42.69,-1.70585,-23.0162,1.39451,1.04731,-0.258658
1581147881.322155620,0.393516,42.4817,-1.69241,-22.9248,1.40244,1.04297,-0.263664
1581147881.328224541,0.406376,42.9575,-1.61579,-23.1211,1.42269,1.05399,-0.271674
1581147881.335102590,0.33436,42.9884,-1.67359,-23.0499,1.42885,1.06467,-0.268336
1581147881.342557992,0.262344,42.4868,-1.7193,-22.7555,1.41124,1.06166,-0.261995
1581147881.349147861,0.259772,42.2322,-1.71661,-22.6116,1.40684,1.08069,-0.254319
1581147881.355946528,0.290636,42.2014,-1.68838,-22.5794,1.40772,1.07635,-0.250314
1581147881.362174077,0.349792,42.1782,-1.63864,-22.9773,1.40772,1.09404,-0.249313
1581147881.368882605,0.344648,42.2528,-1.61041,-23.1399,1.41212,1.09971,-0.251649
1581147881.375206643,0.349792,42.0933,-1.64805,-23.1063,1.3998,1.08469,-0.251983
1581147881.382183000,0.380656,41.9776,-1.63998,-23.1816,1.42093,1.10539,-0.251649
1581147881.388759079,0.421808,42.0908,-1.59428,-23.1359,1.43325,1.10338,-0.251649
1581147881.429335835,0.470676,42.5177,-1.55126,-22.7299,1.39627,1.05132,-0.25532
1581147881.435876005,0.408948,42.33,-1.59562,-23.0619,1.39804,1.09704,-0.288028
1581147881.443701078,0.393516,41.9467,-1.59966,-22.7998,1.38395,1.09504,-0.297706
1581147881.449964244,0.470676,41.5352,-1.55933,-22.4732,1.38307,1.08603,-0.299709
1581147881.456162333,0.5787,41.723,-1.4733,-22.6546,1.37603,1.09103,-0.302379
1581147881.462770238,0.576128,42.0933,-1.44507,-23.316,1.39804,1.13375,-0.296705
1581147881.469126204,0.486108,42.2014,-1.53513,-23.5297,1.43237,1.1144,-0.289363
1581147881.484188833,0.414092,41.8207,-1.58621,-22.7716,1.38395,1.07034,-0.281353
1581147881.491015417,0.388372,41.921,-1.5553,-22.6963,1.36898,1.08436,-0.273343
1581147881.497669169,0.329216,42.1371,-1.60235,-22.8926,1.37515,1.0937,-0.268003
1581147881.504180919,0.34722,42.2939,-1.64536,-23.1117,1.39627,1.09704,-0.269671
1581147881.510786599,0.42438,42.1036,-1.6131,-23.0942,1.39363,1.09938,-0.261328
1581147881.517704325,0.532404,42.0959,-1.48674,-23.0055,1.36898,1.0927,-0.261328
1581147881.524107609,0.568412,41.8516,-1.39802,-22.8778,1.37867,1.09504,-0.257656
1581147881.530849431,0.573556,42.1293,-1.43835,-23.0364,1.38835,1.11039,-0.258991
1581147881.537645511,0.439812,41.8824,-1.57412,-23.2797,1.37691,1.14477,-0.264999
1581147881.544953419,0.30864,41.7564,-1.6709,-23.1426,1.38571,1.13309,-0.262996
1581147881.552058525,0.298352,41.849,-1.6373,-22.8079,1.37515,1.12775,-0.270673
1581147881.558262431,0.293208,41.8464,-1.58084,-22.8254,1.37338,1.12908,-0.268003
1581147881.565105862,0.298352,41.939,-1.57949,-23.1695,1.39275,1.14243,-0.272675
1581147881.605113268,0.177468,41.5429,-1.69241,-22.941,1.37603,1.14677,-0.280685
1581147881.612709862,0.203188,41.6072,-1.70854,-23.1964,1.39539,1.15945,-0.285024
1581147881.618885574,0.264916,41.5969,-1.63998,-23.0431,1.39363,1.13809,-0.283355
1581147881.625708584,0.339504,41.5043,-1.56067,-23.066,1.40596,1.14844,-0.279016
1581147881.632678337,0.460388,41.5121,-1.47867,-23.3563,1.38923,1.15078,-0.274344
1581147881.639973700,0.473248,41.8438,-1.49481,-23.2542,1.40068,1.12307,-0.274678
1581147881.646847855,0.511828,41.6561,-1.519,-22.6963,1.37515,1.11673,-0.276346
1581147881.653184868,0.570984,41.6612,-1.46254,-22.7555,1.38835,1.11073,-0.272675
1581147881.660217106,0.663576,41.7924,-1.36441,-23.191,1.37955,1.13442,-0.274344
1581147881.666816759,0.653288,41.7281,-1.37517,-23.3348,1.40068,1.13108,-0.27134
1581147881.673249266,0.594132,41.7513,-1.45851,-23.0767,1.38219,1.11106,-0.278349
1581147881.721069987,0.455244,41.6175,-1.47599,-23.1305,1.41212,1.10639,-0.287694
1581147881.727981943,0.442384,41.5403,-1.48674,-22.941,1.39363,1.10639,-0.295036
1581147881.734171962,0.3858,41.2266,-1.53782,-22.7702,1.40596,1.0907,-0.296038
1581147881.742098809,0.298352,41.1211,-1.63057,-22.8455,1.4086,1.07501,-0.291365
1581147881.748593467,0.303496,41.4195,-1.60772,-22.8375,1.40684,1.06901,-0.286359
1581147881.754949476,0.30864,41.6638,-1.59697,-23.1964,1.43325,1.12741,-0.283689
1581147881.761069348,0.272632,41.6329,-1.59562,-23.5015,1.42269,1.15211,-0.286693
1581147881.767806267,0.264916,41.4863,-1.63461,-23.0727,1.42181,1.0937,-0.278683
1581147881.774089424,0.349792,40.9977,-1.601,-22.7528,1.413,1.08002,-0.27401
1581147881.780746965,0.4501,40.7816,-1.48405,-22.8388,1.41036,1.09804,-0.273676
1581147881.786990635,0.486108,40.9771,-1.41012,-22.9356,1.413,1.09237,-0.277348
1581147881.828827022,0.331788,41.1623,-1.53782,-23.1063,1.42445,1.13142,-0.29003
1581147881.835182916,0.447528,40.9308,-1.52169,-22.7958,1.40156,1.11607,-0.289363
1581147881.841963865,0.699584,40.6144,-1.3335,-22.5901,1.39363,1.11974,-0.294703
1581147881.848727213,0.841044,40.5553,-1.19369,-22.6036,1.40772,1.10272,-0.293034
1581147881.855007404,0.902772,41.0131,-1.17353,-23.1251,1.43061,1.12942,-0.296371
1581147881.861764276,0.794748,40.9591,-1.26763,-23.3792,1.43677,1.13142,-0.2927
1581147881.868380170,0.643,40.8665,-1.42759,-23.2112,1.42885,1.11607,-0.294369
1581147881.874860073,0.573556,40.7868,-1.44238,-23.2824,1.42445,1.1431,-0.293034
1581147881.882194537,0.558124,40.9308,-1.40609,-23.1681,1.42797,1.13509,-0.285358
1581147881.888870559,0.504112,41.1803,-1.437,-22.8227,1.413,1.10505,-0.283021
1581147881.894984009,0.434668,41.0337,-1.50825,-22.8818,1.42445,1.10772,-0.275345
1581147881.936579667,-0.007716,40.3881,-1.74752,-22.9235,1.43853,1.1678,-0.258658
1581147881.943970829,0.056584,40.3444,-1.7072,-22.6399,1.40508,1.1411,-0.26333
1581147881.950852417,0.216048,40.118,-1.55664,-22.6963,1.41124,1.15645,-0.264999
1581147881.957204879,0.354936,40.2646,-1.45717,-23.2233,1.43325,1.18715,-0.272341
1581147881.963945469,0.401232,40.6787,-1.48943,-23.4518,1.44029,1.19149,-0.279684
1581147881.970253297,0.403804,40.8022,-1.50422,-23.3859,1.45086,1.17147,-0.283355
1581147881.976881199,0.46296,40.815,-1.48271,-23.105,1.43501,1.15945,-0.286025
1581147881.983656307,0.547836,40.7842,-1.38592,-22.9369,1.42973,1.14544,-0.294369
1581147881.989780859,0.581272,40.7302,-1.36845,-22.7864,1.42973,1.12141,-0.298374
1581147881.996151366,0.573556,40.4447,-1.39668,-22.9329,1.41916,1.13509,-0.307719
1581147882.002731497,0.583844,40.3984,-1.41549,-23.027,1.3998,1.13976,-0.313727
1581147882.058326275,0.727876,40.653,-1.28645,-23.3873,1.41388,1.21519,-0.31406
1581147882.064906566,0.686724,40.6299,-1.34022,-23.3389,1.41652,1.21853,-0.300043
1581147882.071075679,0.691868,40.419,-1.34828,-23.0203,1.38923,1.19683,-0.293034
1581147882.077912921,0.650716,40.3367,-1.29989,-22.945,1.40772,1.19316,-0.27935
1581147882.084125403,0.599276,40.3727,-1.33753,-22.8711,1.40596,1.17414,-0.282688
1581147882.091845363,0.4501,40.1052,-1.45851,-22.9463,1.38923,1.19149,-0.274344
1581147882.098219004,0.383228,39.9791,-1.55126,-22.9033,1.39892,1.18348,-0.272675
1581147882.104821330,0.390944,39.6782,-1.50959,-23.0041,1.39627,1.1965,-0.264999
1581147882.111111975,0.46296,40.0203,-1.39399,-23.2811,1.41476,1.21319,-0.269338
1581147882.117844643,0.470676,40.1026,-1.37248,-23.2152,1.39275,1.19617,-0.272008
1581147882.124189407,0.352364,39.8583,-1.50018,-23.1493,1.40244,1.18949,-0.273009
1581147882.164347152,0.15432,40.4292,-1.66687,-23.4827,1.40332,1.19483,-0.290698
1581147882.170977807,0.252056,40.1129,-1.5889,-23.0216,1.39715,1.15411,-0.294703
1581147882.177182547,0.414092,39.8917,-1.40205,-22.7487,1.36458,1.15445,-0.296371
1581147882.183907410,0.493824,39.9303,-1.32005,-22.7918,1.37515,1.15778,-0.296038
1581147882.190718488,0.473248,39.7297,-1.39399,-23.031,1.38659,1.17514,-0.2927
1581147882.196954412,0.470676,39.6962,-1.46658,-23.0055,1.38923,1.19249,-0.289029
1581147882.203239305,0.560696,39.4467,-1.39802,-22.9141,1.3725,1.17881,-0.290364
1581147882.209962230,0.676436,39.3799,-1.25015,-23.0619,1.37427,1.20384,-0.286693
1581147882.217896584,0.686724,39.7348,-1.21655,-23.2555,1.39715,1.19116,-0.280351
1581147882.224636428,0.558124,39.7271,-1.36307,-23.2233,1.39451,1.1965,-0.279016
1581147882.230944174,0.457816,39.7451,-1.46792,-23.066,1.38131,1.18882,-0.282354
1581147882.238928926,0.414092,39.529,-1.45179,-22.8738,1.38483,1.17981,-0.279016
1581147882.279033891,0.516972,39.5136,-1.32409,-22.8953,1.38659,1.1668,-0.280018
1581147882.285697008,0.573556,39.3207,-1.26225,-22.7891,1.38395,1.15311,-0.27935
1581147882.291984870,0.470676,39.3644,-1.36979,-22.746,1.40772,1.13375,-0.283021
1581147882.298864444,0.421808,39.4982,-1.48136,-22.9867,1.41652,1.16379,-0.281353
1581147882.305186538,0.43724,39.6654,-1.43969,-23.2596,1.41916,1.16146,-0.284023
1581147882.311772077,0.529832,39.8968,-1.31736,-23.3537,1.42709,1.16713,-0.278015
1581147882.318244126,0.519544,39.9972,-1.3093,-23.3295,1.43413,1.18181,-0.274678
1581147882.324787036,0.306068,39.439,-1.47733,-22.8818,1.4174,1.13108,-0.279016
1581147882.336571998,0.123456,39.3824,-1.65746,-22.6425,1.40244,1.1204,-0.280685
1581147882.339012038,0.023148,39.1613,-1.64805,-22.6936,1.4086,1.13909,-0.280685
1581147882.345863640,0.048868,39.1252,-1.57277,-22.6385,1.40596,1.13476,-0.280685
1581147882.352601444,0.0925919,39.2127,-1.53379,-22.9302,1.42004,1.17881,-0.278015
1581147882.392556088,0.344648,39.5033,-1.46523,-22.8872,1.41036,1.13476,-0.275679
1581147882.400295168,0.393516,39.1895,-1.43566,-22.6237,1.40332,1.0937,-0.277014
1581147882.406769939,0.524688,39.3876,-1.30796,-22.8872,1.42093,1.11974,-0.27401
1581147882.413298050,0.686724,39.5316,-1.1695,-23.4074,1.42445,1.13776,-0.273676
1581147882.420316588,0.691868,39.4776,-1.18563,-23.519,1.44293,1.14777,-0.275011
1581147882.426974953,0.614708,39.295,-1.29317,-23.0404,1.42885,1.13108,-0.284023
1581147882.433060445,0.586416,38.778,-1.28779,-22.6291,1.42357,1.10906,-0.283355
1581147882.441033552,0.5144,38.6649,-1.27435,-22.4732,1.39451,1.11073,-0.287026
1581147882.447876789,0.396088,38.7626,-1.3214,-22.703,1.42093,1.14143,-0.283021
1581147882.453978694,0.23148,38.7832,-1.49077,-22.9181,1.43413,1.16146,-0.288361
1581147882.460858521,0.234052,38.6829,-1.50959,-23.1305,1.43853,1.16513,-0.291365
1581147882.501205222,0.442384,38.9092,-1.355,-22.7393,1.42885,1.10071,-0.294035
1581147882.507206612,0.511828,38.9246,-1.26628,-22.8106,1.42357,1.10672,-0.289696
1581147882.513964033,0.537548,39.0712,-1.2273,-22.9504,1.43941,1.11139,-0.286359
1581147882.520277505,0.48868,39.0455,-1.32946,-23.4424,1.45614,1.14043,-0.281353
1581147882.526982908,0.442384,38.8989,-1.36307,-23.1843,1.44205,1.10438,-0.279684
1581147882.533258122,0.465532,38.6186,-1.31736,-22.9275,1.42885,1.12307,-0.273009
1581147882.540954016,0.457816,38.2688,-1.25418,-22.5054,1.42445,1.10939,-0.265333
1581147882.547809798,0.408948,38.3742,-1.29451,-22.6049,1.43237,1.13576,-0.267001
1581147882.553945481,0.326644,38.526,-1.38861,-22.8791,1.42533,1.15979,-0.263998
1581147882.560220669,0.272632,38.7343,-1.4491,-23.1708,1.43853,1.1728,-0.266668
1581147882.600943984,0.144032,38.3794,-1.51363,-22.6157,1.42181,1.15445,-0.280351
1581147882.607815106,0.27006,38.207,-1.39668,-22.6493,1.42181,1.15078,-0.284023
1581147882.613890372,0.434668,38.1787,-1.25822,-22.8643,1.41828,1.15445,-0.292033
1581147882.620250230,0.547836,38.1119,-1.20042,-23.2972,1.44558,1.18649,-0.29804
1581147882.626754872,0.60442,38.2791,-1.18563,-23.3241,1.45262,1.17714,-0.304382
1581147882.633041062,0.619852,38.2816,-1.19369,-22.9275,1.42621,1.13409,-0.305383
1581147882.641042064,0.609564,38.49,-1.19907,-23.0055,1.42533,1.13342,-0.306718
1581147882.647267509,0.558124,38.7909,-1.23537,-23.1036,1.41564,1.13642,-0.308053
1581147882.654062849,0.478392,38.6751,-1.30796,-22.8119,1.42093,1.12641,-0.30605
1581147882.660174422,0.491252,38.5568,-1.29989,-22.6573,1.40332,1.10171,-0.304048
1581147882.667072660,0.52726,38.4848,-1.23671,-22.945,1.4042,1.12841,-0.306718
1581147882.708205056,0.331788,37.8881,-1.35097,-22.5337,1.39275,1.11974,-0.27935
1581147882.714991803,0.388372,37.9936,-1.30527,-22.7662,1.38219,1.13809,-0.280351
1581147882.721134512,0.457816,38.1042,-1.273,-23.0982,1.39715,1.16446,-0.277348
1581147882.727966331,0.524688,38.1582,-1.22058,-23.4477,1.41916,1.18115,-0.275679
1581147882.734289095,0.529832,38.3511,-1.22999,-23.2837,1.4042,1.16746,-0.272008
1581147882.742041524,0.491252,38.2533,-1.23671,-22.9813,1.41212,1.15044,-0.267335
1581147882.748721572,0.396088,38.3485,-1.30796,-22.7783,1.41828,1.14944,-0.267669
1581147882.754927468,0.342076,38.1633,-1.37786,-22.7837,1.40068,1.14644,-0.270339
1581147882.761710882,0.326644,37.991,-1.38995,-22.9316,1.3998,1.15578,-0.272675
1581147882.767903644,0.46296,38.0527,-1.25956,-22.8899,1.38395,1.15578,-0.272008
1581147882.774287579,0.573556,38.045,-1.15068,-23.0996,1.40772,1.17714,-0.272675
1581147882.814298969,0.246912,37.9678,-1.37248,-22.8576,1.4086,1.16446,-0.283689
1581147882.820986493,0.203188,38.0013,-1.43297,-23.0391,1.40684,1.17748,-0.281686
1581147882.827307297,0.272632,37.919,-1.41281,-23.3725,1.43061,1.22487,-0.284023
1581147882.834056315,0.37294,37.9293,-1.31602,-23.2058,1.413,1.20751,-0.281686
1581147882.845916087,0.432096,38.1402,-1.22596,-23.0552,1.4174,1.21953,-0.276013
1581147882.852224485,0.362652,37.937,-1.31468,-22.9732,1.40332,1.20751,-0.280351
1581147882.859008844,0.316356,37.6232,-1.38995,-22.7124,1.38043,1.20751,-0.274678
1581147882.865046787,0.311212,37.3557,-1.36441,-22.4678,1.3681,1.18916,-0.278015
1581147882.871940271,0.390944,37.276,-1.25687,-22.6627,1.38043,1.1975,-0.274678
1581147882.878158662,0.465532,37.3403,-1.18025,-23.0176,1.38747,1.20184,-0.27668
1581147882.884787288,0.426952,37.4174,-1.22999,-23.4477,1.42709,1.2222,-0.275011
1581147882.925155873,0.50154,37.7749,-1.23268,-22.8912,1.39539,1.20952,-0.286025
1581147882.932043843,0.594132,37.6669,-1.17756,-23.1292,1.40508,1.22053,-0.28736
1581147882.939207799,0.632712,37.7029,-1.10766,-23.4128,1.41212,1.23755,-0.290698
1581147882.946109820,0.619852,37.5923,-1.09019,-23.4693,1.42357,1.24256,-0.29537
1581147882.952799488,0.506684,37.5357,-1.1816,-23.148,1.42269,1.21953,-0.301378
1581147882.959041507,0.34722,37.1268,-1.30796,-22.7138,1.3998,1.20317,-0.296371
1581147882.965792731,0.267488,36.8902,-1.3671,-22.5498,1.39275,1.19083,-0.301044
1581147882.972035954,0.293208,37.0085,-1.31871,-22.6506,1.4042,1.20151,-0.295704
1581147882.978850975,0.326644,37.2785,-1.28779,-22.7729,1.413,1.21152,-0.297039
1581147882.984857772,0.370368,37.1139,-1.25418,-23.1789,1.42269,1.22987,-0.299042
1581147882.991317052,0.380656,37.4303,-1.26494,-23.6454,1.43677,1.25958,-0.2927
1581147883.071269543,0.558124,36.543,-1.09019,-22.7823,1.40244,1.21886,-0.264331
1581147883.077937586,0.529832,37.1319,-1.09691,-23.1036,1.43589,1.23088,-0.263664
1581147883.084338110,0.429524,37.2065,-1.19773,-23.1345,1.43237,1.21118,-0.266334
1581147883.090976088,0.316356,37.1885,-1.31199,-23.2461,1.43413,1.22453,-0.267335
1581147883.097892966,0.300924,37.1062,-1.32946,-23.2259,1.43413,1.20918,-0.275345
1581147883.104116497,0.259772,37.3248,-1.29048,-23.2085,1.43061,1.21686,-0.273009
1581147883.110823661,0.316356,37.438,-1.25822,-23.1305,1.43061,1.2212,-0.276013
1581147883.117097767,0.421808,37.0471,-1.19101,-22.8979,1.42004,1.20952,-0.278349
1581147883.123981914,0.534976,36.6716,-1.13858,-22.734,1.40772,1.20885,-0.283689
1581147883.130983719,0.583844,36.4169,-1.08884,-22.5175,1.40684,1.1945,-0.282688
1581147883.137130633,0.663576,36.4889,-1.01088,-22.7904,1.42269,1.1965,-0.28469
1581147883.181129182,0.5787,37.1397,-1.05389,-23.3819,1.44646,1.21586,-0.274678
1581147883.187281917,0.498968,37.1294,-1.1453,-22.9947,1.44117,1.18081,-0.273009
1581147883.193989712,0.457816,36.7461,-1.1816,-22.8039,1.42181,1.15912,-0.272341
1581147883.200222395,0.493824,36.5893,-1.11304,-22.7662,1.41916,1.14577,-0.26867
1581147883.207050628,0.498968,36.8156,-1.06061,-23.0297,1.43237,1.16079,-0.268336
1581147883.213771011,0.41152,36.9622,-1.12917,-23.2044,1.43853,1.17914,-0.26333
1581147883.221003221,0.264916,36.6921,-1.27435,-23.113,1.43061,1.19149,-0.266334
1581147883.227921578,0.15432,36.3346,-1.36979,-22.8684,1.43501,1.17113,-0.266334
1581147883.234109255,0.066872,36.1546,-1.40205,-22.5269,1.42797,1.13542,-0.265333
1581147883.241962826,0.084876,36.17,-1.35097,-22.5619,1.42973,1.15578,-0.264665
1581147883.248776680,0.118312,36.1674,-1.3214,-22.7891,1.43941,1.15578,-0.269671
1581147883.255056615,0.149176,36.4066,-1.33484,-23.1668,1.45438,1.1688,-0.27935
1581147883.294316506,0.380656,36.2858,-1.22058,-22.859,1.40772,1.12141,-0.310055
1581147883.301099848,0.318928,36.5995,-1.24343,-22.9894,1.40684,1.13976,-0.309388
1581147883.307263727,0.2572,36.6536,-1.22192,-23.113,1.42709,1.1441,-0.312392
1581147883.313973600,0.277776,36.561,-1.21789,-23.269,1.43237,1.15812,-0.309722
1581147883.320272378,0.267488,36.3398,-1.25015,-22.9638,1.42093,1.13409,-0.309722
1581147883.326969223,0.262344,35.8614,-1.24746,-22.6802,1.40156,1.10872,-0.312058
1581147883.335050565,0.439812,35.7662,-1.1211,-22.4691,1.38659,1.10672,-0.312725
1581147883.341020425,0.65586,36.0646,-0.919467,-22.7474,1.40596,1.15078,-0.30605
1581147883.347258442,0.740736,36.0594,-0.873762,-22.8993,1.39892,1.15545,-0.305383
1581147883.354051788,0.684152,36.0491,-0.954417,-23.0472,1.39892,1.18148,-0.298374
1581147883.360854915,0.689296,36.1289,-0.96786,-23.234,1.41476,1.21552,-0.297373
1581147883.400457238,0.653288,36.2112,-0.988024,-23.2206,1.41652,1.23221,-0.28736
1581147883.407110035,0.452672,35.8099,-1.05927,-22.9316,1.40332,1.23188,-0.26333
1581147883.413296212,0.504112,35.7173,-1.02701,-23.3604,1.3998,1.25424,-0.269338
1581147883.420263417,0.493824,35.9745,-1.06061,-23.4652,1.43061,1.26058,-0.26867
1581147883.426355463,0.3858,35.7045,-1.13992,-23.0808,1.41212,1.23555,-0.271674
1581147883.432950692,0.2572,35.9205,-1.24209,-22.8079,1.41476,1.1995,-0.277681
1581147883.440293055,0.0900199,36.188,-1.33484,-23.2044,1.41564,1.24957,-0.281686
1581147883.446980050,-0.043724,36.3218,-1.41684,-23.3577,1.43589,1.28194,-0.28202
1581147883.453692438,-0.069444,36.2652,-1.47599,-23.2394,1.43501,1.25824,-0.282688
1581147883.460216205,0.061728,35.8177,-1.38592,-22.8751,1.41124,1.25724,-0.292366
1581147883.466986321,0.262344,35.7199,-1.18832,-22.9302,1.40508,1.28428,-0.294703
1581147883.506976760,0.457816,35.5064,-1.0512,-22.816,1.38835,1.26325,-0.304048
1581147883.513074975,0.390944,35.5887,-1.08884,-23.1735,1.40684,1.28261,-0.301378
1581147883.519937945,0.378084,35.7842,-1.15471,-23.0727,1.39451,1.26325,-0.30071
1581147883.526092155,0.37294,35.5322,-1.16009,-23.2501,1.41564,1.28261,-0.2927
1581147883.532939713,0.46296,35.527,-1.06599,-23.4666,1.4042,1.30964,-0.293368
1581147883.540350264,0.504112,35.7225,-0.994745,-23.4168,1.40596,1.31265,-0.292366
1581147883.546982733,0.511828,35.7173,-1.01356,-23.2192,1.39892,1.31832,-0.287026
1581147883.553362498,0.529832,35.4962,-1.0055,-22.9894,1.38395,1.29262,-0.284023
1581147883.559975946,0.583844,35.1772,-0.988024,-22.8012,1.37603,1.29629,-0.283021
1581147883.566666735,0.653288,35.1644,-0.942319,-22.8307,1.39539,1.29796,-0.278683
1581147883.572820049,0.658432,35.2312,-0.916778,-22.8966,1.40596,1.30263,-0.279016
1581147883.579303741,0.684152,35.3084,-0.90468,-23.1305,1.41916,1.30697,-0.280685
1581147883.585613051,0.599276,35.437,-0.986679,-23.3563,1.41828,1.30664,-0.281019
1581147883.629715004,0.524688,35.4756,-1.02835,-23.312,1.41564,1.28494,-0.296038
1581147883.636067215,0.509256,35.5373,-1.02163,-23.5203,1.43149,1.3063,-0.302713
1581147883.643869325,0.342076,35.5553,-1.14127,-23.3079,1.44734,1.28795,-0.306718
1581147883.650228846,0.133744,35.3907,-1.29989,-23.0593,1.42621,1.26993,-0.314728
1581147883.656227400,0.007716,34.9612,-1.35635,-22.7716,1.41388,1.26158,-0.317732
1581147883.663896765,-0.01286,34.956,-1.37786,-22.6694,1.40596,1.25023,-0.321403
1581147883.670057944,0.046296,34.8994,-1.31468,-22.742,1.41652,1.27426,-0.318733
1581147883.676821202,0.20576,34.8609,-1.20042,-23.0512,1.42357,1.29462,-0.32741
1581147883.689942956,0.491252,34.6937,-0.982647,-23.2273,1.41036,1.29496,-0.333084
1581147883.696299715,0.534976,34.8351,-0.973237,-23.277,1.42445,1.29062,-0.33008
1581147883.703213227,0.509256,34.9329,-0.998778,-22.941,1.4086,1.26158,-0.328078
1581147883.710133850,0.480964,34.8712,-1.03776,-22.9988,1.41828,1.25057,-0.327077
1581147883.751152642,0.715016,34.6114,-0.838812,-23.1507,1.43413,1.27126,-0.309054
1581147883.757842996,0.763884,34.4905,-0.821337,-23.1171,1.42709,1.29996,-0.310055
1581147883.763985324,0.7716,34.5908,-0.79714,-22.8899,1.42357,1.2786,-0.306384
1581147883.770859697,0.66872,34.722,-0.864353,-23.0606,1.43149,1.31131,-0.302713
1581147883.776948819,0.52726,34.7348,-0.982647,-23.1856,1.43589,1.31265,-0.299709
1581147883.783338700,0.429524,34.5394,-1.06196,-23.0539,1.43061,1.31198,-0.299375
1581147883.790058510,0.416664,34.4416,-1.09691,-22.9208,1.43501,1.28294,-0.299375
1581147883.796782705,0.483536,34.313,-1.00147,-22.7393,1.41916,1.25357,-0.302045
1581147883.803020945,0.550408,34.4699,-0.957106,-23.0956,1.44558,1.28261,-0.299375
1581147883.809309313,0.547836,34.7143,-0.961139,-23.5526,1.46054,1.29295,-0.299709
1581147883.816031939,0.509256,34.7889,-0.994745,-23.5109,1.47111,1.29295,-0.297706
1581147883.858591318,0.429524,34.5291,-1.0512,-23.0579,1.45438,1.27059,-0.303047
1581147883.865166197,0.429524,34.4725,-1.02432,-23.355,1.44646,1.29996,-0.318065
1581147883.871957118,0.532404,34.5728,-0.893926,-23.1789,1.4491,1.2776,-0.311724
1581147883.878733819,0.52726,34.4648,-0.919467,-22.992,1.4447,1.29162,-0.308053
1581147883.885016014,0.3858,34.2384,-1.04045,-22.7891,1.43237,1.28428,-0.30605
1581147883.891381099,0.293208,34.2359,-1.16278,-22.8334,1.43765,1.29095,-0.30338
1581147883.897932468,0.318928,34.3079,-1.1332,-22.9638,1.43325,1.29129,-0.301378
1581147883.904881788,0.401232,34.4416,-1.02432,-23.3187,1.4491,1.29496,-0.292366
1581147883.911108898,0.480964,34.3928,-0.963827,-23.7368,1.45262,1.33968,-0.297039
1581147883.917895294,0.537548,34.4313,-0.965171,-23.5082,1.45438,1.3023,-0.294035
1581147883.924236262,0.558124,34.1896,-0.95845,-23.156,1.43589,1.3063,-0.299375
1581147883.930856794,0.661004,33.8192,-0.887205,-22.6721,1.43413,1.2736,-0.296705
1581147883.970851242,0.635284,34.2925,-0.868385,-23.4477,1.4667,1.33033,-0.307719
1581147883.977363982,0.627568,34.187,-0.871074,-23.2717,1.45086,1.31532,-0.313059
1581147883.984042564,0.537548,34.133,-0.935598,-22.9262,1.43237,1.29629,-0.308053
1581147883.990850268,0.511828,33.9941,-0.963827,-22.9571,1.43941,1.29829,-0.311057
1581147883.997180630,0.537548,34.1459,-0.950385,-23.1413,1.4491,1.29996,-0.31139
1581147884.003683248,0.596704,34.3182,-0.907369,-23.2582,1.4579,1.30163,-0.315395
1581147884.010277044,0.637856,34.1381,-0.858976,-23.0781,1.43765,1.27527,-0.317064
1581147884.016932106,0.612136,33.6726,-0.880484,-23.0996,1.43677,1.28628,-0.321403
1581147884.023293721,0.52726,33.4643,-0.950385,-23.2004,1.44646,1.29095,-0.316397
1581147884.030061289,0.483536,33.6803,-0.990712,-23.2622,1.45526,1.28695,-0.315729
1581147884.036299559,0.370368,33.9169,-1.04179,-23.2165,1.45966,1.28728,-0.319734
1581147884.044256282,0.20576,33.9015,-1.16815,-23.0109,1.43589,1.27393,-0.319067
1581147884.084986011,0.478392,33.8064,-0.957106,-23.4639,1.43589,1.31431,-0.311057
1581147884.091153270,0.460388,33.7369,-0.978614,-23.2851,1.43589,1.2776,-0.307385
1581147884.097933013,0.43724,33.8964,-0.994745,-23.0431,1.41916,1.26826,-0.305049
1581147884.104358028,0.432096,33.9272,-0.989368,-22.9141,1.4174,1.25791,-0.303714
1581147884.111052713,0.393516,33.6777,-1.01356,-22.9692,1.42093,1.26292,-0.306718
1581147884.117782069,0.429524,33.454,-1.01222,-22.9773,1.41828,1.26425,-0.307719
1581147884.124000592,0.509256,33.3305,-0.930221,-22.8805,1.41388,1.26425,-0.305049
1581147884.130349013,0.65586,33.3563,-0.79714,-23.0162,1.39804,1.27593,-0.306718
1581147884.136880740,0.69444,33.4951,-0.767567,-23.2259,1.40508,1.28728,-0.308053
1581147884.144730054,0.581272,33.4926,-0.845533,-23.4975,1.42181,1.31164,-0.31139
1581147884.151009402,0.496396,33.4257,-0.950385,-23.2152,1.41564,1.29129,-0.313393
1581147884.198886641,0.509256,33.4797,-0.896615,-23.2488,1.42445,1.28595,-0.309388
1581147884.205375867,0.511828,33.562,-0.857631,-23.1399,1.41212,1.28328,-0.304715
1581147884.211915900,0.509256,33.382,-0.879139,-22.9369,1.40508,1.27693,-0.301712
1581147884.218144290,0.460388,33.0553,-0.945008,-22.6761,1.4042,1.25591,-0.302045
1581147884.225767778,0.480964,32.9216,-0.912746,-22.6627,1.39275,1.26892,-0.29804
1581147884.232044183,0.56584,32.9242,-0.838812,-22.7958,1.3998,1.26592,-0.292033
1581147884.239938130,0.537548,33.0167,-0.813271,-22.9598,1.38307,1.26726,-0.289696
1581147884.246337682,0.259772,33.0142,-1.0512,-23.2152,1.41916,1.28394,-0.28469
1581147884.252986477,0.05144,33.0733,-1.24612,-23.3523,1.42973,1.29062,-0.285358
1581147884.259173489,0.015432,33.2457,-1.27166,-23.07,1.4174,1.26592,-0.286025
1581147884.265974647,0.120884,33.063,-1.14127,-22.7756,1.40244,1.25157,-0.285024
1581147884.306318218,0.5144,33.4103,-0.837468,-23.1507,1.41476,1.28628,-0.296371
1581147884.312800064,0.403804,33.1762,-0.924844,-23.3026,1.42269,1.28862,-0.297706
1581147884.319031494,0.357508,33.0785,-1.00415,-23.2367,1.41476,1.28628,-0.301044
1581147884.325852788,0.396088,32.8444,-0.953073,-22.7864,1.39892,1.26258,-0.302379
1581147884.334435029,0.511828,32.5872,-0.822681,-22.7662,1.4042,1.2796,-0.306384
1581147884.340101631,0.643,32.4098,-0.703043,-22.9033,1.39011,1.28895,-0.309388
1581147884.347003649,0.586416,32.2889,-0.782353,-22.9988,1.41564,1.3023,-0.312725
1581147884.353147815,0.498968,32.4226,-0.871074,-22.9907,1.40684,1.29963,-0.316397
1581147884.360011500,0.447528,32.5023,-0.89527,-23.0297,1.41652,1.29796,-0.320068
1581147884.366310652,0.432096,32.7956,-0.896615,-23.2569,1.42709,1.30697,-0.32741
1581147884.406486929,0.41152,33.0399,-0.903336,-23.4289,1.42709,1.30864,-0.327744
1581147884.413071384,0.506684,32.9396,-0.844189,-23.191,1.43325,1.30297,-0.309722
1581147884.419731555,0.419236,32.4972,-0.931565,-23.0485,1.43061,1.30096,-0.310055
1581147884.426099052,0.429524,32.4998,-0.881828,-23.0808,1.43501,1.29362,-0.301378
1581147884.432822938,0.52726,32.5872,-0.803861,-23.3375,1.43765,1.30697,-0.301044
1581147884.440089712,0.509256,32.6027,-0.821337,-23.195,1.43853,1.29996,-0.30071
1581147884.446320385,0.465532,32.3043,-0.856287,-22.8482,1.42885,1.28761,-0.29804
1581147884.452971026,0.442384,32.0651,-0.868385,-22.7003,1.42004,1.27827,-0.291031
1581147884.459275124,0.468104,32.2246,-0.844189,-22.7743,1.42269,1.27059,-0.287026
1581147884.465980518,0.439812,32.366,-0.818648,-22.992,1.42445,1.2746,-0.281019
1581147884.472113403,0.393516,32.5769,-0.86973,-23.3321,1.43941,1.29729,-0.280018
1581147884.479159698,0.316356,32.721,-0.950385,-23.5647,1.45526,1.31431,-0.283355
1581147884.518836197,0.20576,32.1371,-1.03507,-22.906,1.43677,1.26492,-0.300043
1581147884.525565736,0.329216,32.0677,-0.910057,-22.9154,1.42533,1.26726,-0.300377
1581147884.531725920,0.504112,31.9931,-0.760845,-22.9652,1.43589,1.27026,-0.307052
1581147884.539255617,0.573556,32.0394,-0.697666,-23.2824,1.45526,1.29195,-0.306718
1581147884.545866891,0.55298,32.1165,-0.742026,-23.3402,1.44117,1.29696,-0.313393
1581147884.552187632,0.496396,31.8645,-0.81596,-22.9047,1.42533,1.27627,-0.31406
1581147884.558833457,0.47582,31.8491,-0.810583,-22.7649,1.42004,1.27193,-0.318065
1581147884.605154008,0.478392,31.9468,-0.782353,-23.2259,1.44998,1.27326,-0.308387
1581147884.611994883,0.416664,32.1577,-0.817304,-23.1708,1.44734,1.26726,-0.305383
1581147884.618934029,0.349792,31.9674,-0.896615,-22.9396,1.43413,1.25791,-0.300043
1581147884.625315642,0.375512,31.9725,-0.884516,-22.6493,1.42621,1.22353,-0.300043
1581147884.632093681,0.470676,31.9442,-0.798484,-22.781,1.42445,1.24056,-0.296038
1581147884.640007530,0.5787,31.9622,-0.696321,-22.9356,1.43061,1.2509,-0.295704
1581147884.646819588,0.586416,31.8208,-0.692289,-22.9383,1.43765,1.24356,-0.287026
1581147884.653119178,0.486108,31.6845,-0.779665,-23.2448,1.42973,1.26892,-0.293368
1581147884.660208302,0.39866,31.8516,-0.833435,-23.4666,1.44558,1.28995,-0.291699
1581147884.666366104,0.339504,32.0574,-0.880484,-23.3577,1.44646,1.2726,-0.295036
1581147884.673300829,0.313784,31.9519,-0.903336,-22.9504,1.44117,1.25958,-0.289029
1581147884.680250633,0.331788,31.5507,-0.892582,-22.6721,1.4086,1.24389,-0.296038
1581147884.687018467,0.419236,31.3938,-0.810583,-22.6533,1.42004,1.25324,-0.296371
1581147884.693880630,0.56584,31.6021,-0.693633,-22.8173,1.42709,1.25023,-0.300377
1581147884.733951747,0.236624,31.6484,-0.930221,-22.7366,1.41916,1.24423,-0.318733
1581147884.741456888,0.28292,31.6099,-0.89527,-22.7783,1.40948,1.23788,-0.317398
1581147884.748036249,0.37294,31.5996,-0.828058,-23.0902,1.42357,1.27293,-0.32207
1581147884.754906682,0.483536,31.453,-0.751436,-23.1399,1.43325,1.2746,-0.318399
1581147884.761039601,0.568412,31.5327,-0.672125,-23.1372,1.41476,1.25958,-0.323072
1581147884.767878569,0.52726,31.7333,-0.685567,-23.3631,1.43853,1.2796,-0.321069
1581147884.774223375,0.434668,31.5739,-0.78773,-23.2878,1.43061,1.27827,-0.325742
1581147884.781220009,0.318928,31.2755,-0.901992,-22.9571,1.42357,1.26025,-0.320068
1581147884.787987739,0.30864,31.2163,-0.900647,-22.6788,1.40508,1.23822,-0.3194
1581147884.794750092,0.370368,31.2575,-0.819992,-22.4947,1.41564,1.2252,-0.310389
1581147884.801220470,0.43724,31.3321,-0.75278,-22.8738,1.40948,1.25391,-0.315062
1581147884.807907349,0.4501,31.1469,-0.729928,-23.0404,1.41652,1.26225,-0.312058
1581147884.814370370,0.447528,30.9643,-0.772944,-23.0149,1.40948,1.25691,-0.312058
1581147884.854415769,0.4501,31.2549,-0.783698,-22.7716,1.39451,1.1955,-0.305049
1581147884.861146312,0.48868,31.3578,-0.709764,-23.1453,1.413,1.2272,-0.302045
1581147884.867390923,0.5144,31.4864,-0.686912,-23.0929,1.42885,1.22287,-0.301712
1581147884.875180336,0.434668,31.1546,-0.731272,-22.8549,1.413,1.20785,-0.30338
1581147884.881929875,0.37294,30.738,-0.817304,-22.8643,1.40332,1.22153,-0.312392
1581147884.888325848,0.362652,30.6737,-0.826714,-22.9221,1.41212,1.23989,-0.306718
1581147884.894867201,0.421808,30.864,-0.766222,-23.1224,1.40684,1.25791,-0.309722
1581147884.901124057,0.534976,31.0466,-0.653305,-23.0902,1.40596,1.28461,-0.307719
1581147884.908183883,0.534976,30.9231,-0.643896,-22.9705,1.39187,1.2766,-0.313727
1581147884.914384999,0.470676,30.8048,-0.709764,-22.9302,1.40156,1.26492,-0.315395
1581147884.954158073,0.378084,31.0775,-0.811927,-23.4047,1.413,1.27927,-0.312392
1581147884.960499231,0.414092,31.1623,-0.782353,-23.1601,1.40332,1.2756,-0.309722
1581147884.966979221,0.491252,31.1109,-0.685567,-22.7528,1.40332,1.24456,-0.301378
1581147884.973355384,0.516972,30.6865,-0.65465,-22.6157,1.38571,1.23555,-0.297373
1581147884.980247988,0.470676,30.4808,-0.69901,-22.7434,1.38659,1.25991,-0.294703
1581147884.986879858,0.401232,30.5708,-0.772944,-22.9168,1.40772,1.27727,-0.294703
1581147884.993170247,0.416664,30.7894,-0.759501,-23.2219,1.39627,1.29829,-0.290698
1581147884.999372148,0.42438,30.7302,-0.728583,-23.3416,1.40244,1.30363,-0.288695
1581147885.006211212,0.426952,30.6274,-0.705731,-23.3886,1.413,1.32399,-0.283689
1581147885.012768599,0.390944,30.3959,-0.746059,-23.1265,1.41124,1.31632,-0.28202
1581147885.019268175,0.354936,30.2904,-0.791763,-22.6573,1.39187,1.2796,-0.287694
1581147885.060026886,0.586416,30.4653,-0.598191,-23.32,1.41652,1.30697,-0.309054
1581147885.066906352,0.529832,30.5631,-0.63583,-23.2327,1.41828,1.28061,-0.310723
1581147885.072993912,0.444956,30.5502,-0.69901,-23.1816,1.413,1.2786,-0.31139
1581147885.079352354,0.375512,30.3599,-0.760845,-22.7501,1.42093,1.25357,-0.309722
1581147885.086153594,0.383228,30.2879,-0.763534,-22.4947,1.4086,1.2766,-0.318733
1581147885.092812421,0.414092,30.3187,-0.709764,-22.9302,1.41212,1.30464,-0.318399
1581147885.099103145,0.455244,30.3804,-0.670781,-23.1991,1.42181,1.32232,-0.325742
1581147885.105804920,0.470676,30.0744,-0.65465,-23.2703,1.41124,1.33501,-0.327077
1581147885.112153594,0.47582,29.7786,-0.677502,-23.152,1.41388,1.32333,-0.328078
1581147885.118539644,0.468104,29.8249,-0.657338,-23.1668,1.40684,1.33501,-0.326409
1581147885.125069493,0.480964,30.2184,-0.63583,-23.2622,1.41652,1.33501,-0.325408
1581147885.131425415,0.414092,30.4653,-0.690944,-23.1211,1.41916,1.32232,-0.324407
1581147885.139072748,0.352364,30.3496,-0.75278,-22.9907,1.39892,1.31465,-0.320402
1581147885.179859357,0.408948,29.6912,-0.700354,-22.9988,1.413,1.31932,-0.306384
1581147885.186162547,0.36008,29.722,-0.750091,-23.0445,1.41828,1.30597,-0.301712
1581147885.192183037,0.362652,29.8789,-0.711108,-23.0861,1.42181,1.31598,-0.298374
1581147885.199041457,0.362652,30.077,-0.700354,-23.1789,1.43501,1.32066,-0.296371
1581147885.205146731,0.3215,29.9484,-0.725895,-23.0794,1.42709,1.328,-0.305383
1581147885.212002844,0.293208,29.7117,-0.775632,-22.9531,1.42004,1.31665,-0.303047
1581147885.218166917,0.300924,29.6526,-0.760845,-22.949,1.42093,1.31131,-0.308053
1581147885.225355310,0.42438,29.7889,-0.646584,-22.9316,1.40684,1.29896,-0.30605
1581147885.232128241,0.486108,29.9355,-0.563241,-22.8818,1.41388,1.28595,-0.309388
1581147885.239329966,0.468104,29.8918,-0.599535,-23.156,1.42709,1.30397,-0.311057
1581147885.291149305,0.43724,29.8943,-0.643896,-23.2757,1.43413,1.34135,-0.318065
1581147885.297413006,0.444956,30.0692,-0.623732,-23.4733,1.44205,1.32199,-0.313059
1581147885.304092465,0.439812,29.6963,-0.614322,-23.3671,1.44822,1.32299,-0.311724
1581147885.310277445,0.383228,29.5626,-0.669436,-23.2004,1.43765,1.31999,-0.310055
1581147885.317029571,0.3858,29.47,-0.678846,-22.7259,1.41828,1.28695,-0.310723
1581147885.323284789,0.452672,29.4442,-0.603568,-22.5767,1.40068,1.2776,-0.311057
1581147885.330035051,0.529832,29.4365,-0.533667,-22.6909,1.40948,1.27426,-0.307719
1581147885.336189566,0.524688,29.434,-0.540388,-23.0888,1.43677,1.30397,-0.302379
1581147885.344039169,0.43724,29.5111,-0.631797,-23.3187,1.43765,1.31231,-0.305383
1581147885.350164935,0.336932,29.5806,-0.715141,-23.3214,1.44734,1.30731,-0.304048
1581147885.357163412,0.3215,29.7477,-0.70842,-23.3967,1.45614,1.31865,-0.296705
1581147885.397125445,0.354936,29.6809,-0.690944,-23.1829,1.4447,1.31198,-0.297373
1581147885.404123573,0.406376,29.4571,-0.617011,-23.3026,1.44381,1.31565,-0.312392
1581147885.410098851,0.303496,29.1613,-0.703043,-23.1601,1.42533,1.29362,-0.315729
1581147885.416870033,0.27006,29.1022,-0.73396,-22.7823,1.41476,1.25624,-0.321069
1581147885.423107932,0.303496,29.1587,-0.68019,-23.0646,1.42885,1.28461,-0.325742
1581147885.429920567,0.342076,29.3208,-0.639863,-23.1332,1.43501,1.28595,-0.330414
1581147885.436274326,0.396088,29.0944,-0.610289,-22.8254,1.4042,1.25324,-0.335754
1581147885.443889438,0.406376,28.9067,-0.611634,-22.742,1.4086,1.2459,-0.337089
1581147885.450331204,0.50154,29.0919,-0.532323,-22.9947,1.40684,1.26058,-0.340093
1581147885.456404412,0.54012,29.4931,-0.49334,-23.437,1.43941,1.29229,-0.340427
1581147885.463163117,0.59156,29.47,-0.444947,-23.2622,1.42709,1.29028,-0.341762
1581147885.469261295,0.568412,29.2693,-0.473176,-22.9195,1.41652,1.27994,-0.339092
1581147885.509320925,0.3858,28.7344,-0.633142,-22.9732,1.42973,1.31064,-0.310389
1581147885.515993606,0.444956,28.6443,-0.595503,-22.7783,1.41388,1.29663,-0.302379
1581147885.522270430,0.529832,28.6469,-0.494684,-22.738,1.413,1.28895,-0.302713
1581147885.528869822,0.558124,28.8398,-0.453012,-22.9383,1.41476,1.30464,-0.301378
1581147885.535307389,0.480964,28.7781,-0.501405,-23.0458,1.43149,1.30597,-0.29804
1581147885.542975355,0.318928,28.6778,-0.678846,-23.2488,1.42797,1.30564,-0.30071
1581147885.549997778,0.236624,28.8398,-0.781009,-23.2797,1.43765,1.3023,-0.293368
1581147885.556369788,0.264916,29.0893,-0.739337,-23.2259,1.43589,1.31799,-0.2927
1581147885.562979755,0.344648,29.0379,-0.62642,-22.9544,1.43501,1.29229,-0.294703
1581147885.569283478,0.41152,28.9684,-0.592814,-22.8509,1.40948,1.28928,-0.296705
1581147885.575877480,0.396088,28.5029,-0.598191,-22.7931,1.3998,1.28428,-0.294369
1581147885.616402438,0.2572,28.7652,-0.737993,-23.0109,1.4086,1.31498,-0.315395
1581147885.623002517,0.37294,28.7421,-0.612978,-22.699,1.37515,1.28394,-0.314728
1581147885.629396101,0.532404,28.4052,-0.462422,-22.5673,1.37955,1.2796,-0.317064
1581147885.636007960,0.594132,28.4077,-0.397898,-22.7958,1.38923,1.28561,-0.318733
1581147885.643919798,0.573556,28.3537,-0.447635,-23.0808,1.40332,1.28361,-0.323405
1581147885.650099400,0.50154,28.4669,-0.514848,-23.2515,1.41124,1.29562,-0.325742
1581147885.656431242,0.460388,28.6161,-0.540388,-23.4195,1.40596,1.29262,-0.325742
1581147885.662992771,0.439812,28.6624,-0.548454,-23.4007,1.41212,1.28661,-0.323405
1581147885.669405317,0.406376,28.3434,-0.576683,-22.8509,1.39627,1.2459,-0.325408
1581147885.676223703,0.42438,28.2534,-0.603568,-22.7044,1.38571,1.25557,-0.323072
1581147885.682344613,0.504112,28.238,-0.504094,-22.3912,1.36986,1.23188,-0.318399
1581147885.730168050,0.370368,28.2148,-0.614322,-23.1749,1.39892,1.34769,-0.291699
1581147885.736460721,0.401232,28.0245,-0.57265,-22.9517,1.40068,1.32466,-0.292033
1581147885.744241791,0.48868,28.1017,-0.491995,-22.7124,1.3998,1.31565,-0.294703
1581147885.751025754,0.547836,28.2663,-0.431504,-23.0767,1.39187,1.33434,-0.302379
1581147885.757070170,0.537548,28.4695,-0.446291,-23.5244,1.40684,1.36538,-0.29804
1581147885.763434121,0.47582,28.3151,-0.496028,-23.4908,1.41388,1.35436,-0.302713
1581147885.770107832,0.393516,28.0013,-0.59147,-22.9571,1.40068,1.31965,-0.304715
1581147885.776365049,0.36008,27.7544,-0.595503,-22.777,1.38219,1.30797,-0.313393
1581147885.783055180,0.396088,27.8419,-0.551142,-22.9396,1.38747,1.31598,-0.315729
1581147885.789235433,0.403804,28.1634,-0.548454,-23.3765,1.41564,1.35169,-0.31673
1581147885.795947863,0.375512,28.0939,-0.567273,-23.4343,1.41564,1.3587,-0.322404
1581147885.802327155,0.396088,27.883,-0.561896,-23.1574,1.39627,1.34502,-0.32474
1581147885.843064908,0.452672,27.6078,-0.502749,-23.0297,1.40596,1.34101,-0.330414
1581147885.849331867,0.555552,27.6438,-0.412685,-23.1964,1.41036,1.34235,-0.330414
1581147885.855999025,0.5787,27.8702,-0.387144,-23.2824,1.41036,1.34435,-0.329747
1581147885.863029207,0.516972,27.9679,-0.459733,-23.2031,1.42004,1.34702,-0.320068
1581147885.869849601,0.504112,27.7493,-0.482586,-22.9356,1.40772,1.32399,-0.318065
1581147885.876035672,0.537548,27.6361,-0.447635,-22.8912,1.39804,1.331,-0.309722
1581147885.883992296,0.643,27.6464,-0.325308,-23.0848,1.40948,1.35303,-0.313059
1581147885.890071072,0.594132,27.7287,-0.362947,-23.1238,1.41652,1.35103,-0.313393
1581147885.896253705,0.50154,27.6618,-0.454356,-23.156,1.41388,1.35169,-0.307052
1581147885.903050774,0.375512,27.4175,-0.569962,-23.2717,1.4086,1.35737,-0.303714
1581147885.910066800,0.293208,27.3481,-0.629109,-23.1574,1.41828,1.34736,-0.299042
1581147885.950278856,0.478392,27.649,-0.438225,-23.1157,1.42709,1.31098,-0.306718
1581147885.956861966,0.447528,27.6927,-0.477209,-23.2609,1.43237,1.30731,-0.306384
1581147885.963128474,0.3858,27.6438,-0.536356,-23.3442,1.42533,1.30197,-0.313393
1581147885.969377370,0.280348,27.5512,-0.610289,-23.3241,1.4447,1.3053,-0.311057
1581147885.976237624,0.27006,27.6027,-0.630453,-23.0458,1.43325,1.29396,-0.312392
1581147885.982404039,0.342076,27.5512,-0.559208,-22.9356,1.42181,1.30163,-0.317398
1581147885.989053811,0.442384,27.3558,-0.457045,-22.7098,1.41036,1.28261,-0.320068
1581147885.995381298,0.54012,26.9468,-0.372357,-22.6412,1.41828,1.28227,-0.323072
1581147886.002087253,0.555552,26.9417,-0.342784,-22.9087,1.43589,1.29896,-0.325742
1581147886.008241477,0.506684,27.006,-0.399242,-22.9894,1.44029,1.28695,-0.323405
1581147886.015176053,0.429524,27.168,-0.462422,-23.1332,1.44117,1.28995,-0.321737
1581147886.021237373,0.352364,27.1963,-0.517536,-23.1117,1.44822,1.27627,-0.324073
1581147886.061044876,0.789604,27.3069,-0.143835,-23.0929,1.42269,1.25324,-0.319067
1581147886.067192697,0.74588,27.1577,-0.204326,-23.2596,1.43149,1.25958,-0.313393
1581147886.074045460,0.702156,27.2555,-0.241965,-22.9181,1.42621,1.23521,-0.310723
1581147886.081050423,0.632712,27.1294,-0.284981,-22.6842,1.42797,1.22921,-0.306384
1581147886.087315115,0.498968,26.8491,-0.395209,-22.82,1.44205,1.25991,-0.304715
1581147886.134282414,0.414092,26.543,-0.448979,-22.7272,1.42357,1.28862,-0.327744
1581147886.142174508,0.329216,26.6845,-0.516192,-22.7985,1.42269,1.28261,-0.328078
1581147886.148445002,0.280348,27.0883,-0.539044,-22.9571,1.42533,1.27293,-0.328078
1581147886.155148729,0.24434,27.0163,-0.576683,-23.2784,1.45086,1.28561,-0.331749
1581147886.161927578,0.182612,26.9828,-0.630453,-23.3953,1.44998,1.29963,-0.33542
1581147886.168296010,0.234052,26.8542,-0.604912,-23.1466,1.42533,1.27293,-0.341762
1581147886.175099260,0.416664,26.7925,-0.451668,-22.824,1.3998,1.25724,-0.340427
1581147886.181978642,0.65586,26.6305,-0.209703,-22.6936,1.40596,1.25124,-0.337757
1581147886.188242550,0.738164,26.5276,-0.126359,-22.8065,1.41388,1.26258,-0.331415
1581147886.195068234,0.637856,26.435,-0.233899,-22.8697,1.40948,1.2726,-0.330414
1581147886.201333031,0.439812,26.4504,-0.408652,-22.9692,1.4174,1.26726,-0.33275
1581147886.209155228,0.365224,26.5919,-0.497372,-23.0189,1.42885,1.28494,-0.33008
1581147886.215491451,0.401232,26.4993,-0.457045,-23.031,1.42357,1.28862,-0.322738
1581147886.222329885,0.442384,26.3604,-0.412685,-23.1655,1.41036,1.29829,-0.318399
1581147886.230106370,0.406376,26.381,-0.440914,-23.0956,1.42709,1.30964,-0.318399
1581147886.271509380,0.36008,26.6768,-0.509471,-23.1628,1.42004,1.30597,-0.317064
1581147886.278242249,0.403804,26.7694,-0.469143,-23.3752,1.43325,1.31732,-0.312392
1581147886.284989317,0.47582,26.4607,-0.371013,-23.2259,1.41388,1.30998,-0.314728
1581147886.291884659,0.516972,26.417,-0.348161,-22.9746,1.42004,1.28995,-0.310389
1581147886.298106243,0.483536,26.2061,-0.345472,-22.8684,1.39892,1.30163,-0.313059
1581147886.305038305,0.46296,26.0235,-0.372357,-22.6345,1.39187,1.28361,-0.318399
1581147886.311272618,0.4501,25.972,-0.356226,-22.8563,1.40508,1.29562,-0.322404
1581147886.318240216,0.434668,25.9412,-0.384455,-23.0619,1.41124,1.32199,-0.322738
1581147886.325146741,0.396088,25.8049,-0.423439,-23.0888,1.40332,1.32333,-0.325408
1581147886.333172165,0.362652,25.8743,-0.435537,-23.0445,1.40596,1.32132,-0.328078
1581147886.339340382,0.388372,25.9772,-0.438225,-23.0136,1.39539,1.31231,-0.33008
1581147886.346131708,0.483536,26.0158,-0.349505,-23.1198,1.40068,1.31231,-0.334085
1581147886.352905386,0.635284,26.0312,-0.204326,-23.1708,1.40244,1.32066,-0.33008
1581147886.359275161,0.676436,25.9,-0.174752,-22.8859,1.38307,1.28328,-0.329747
1581147886.366130459,0.63014,26.0466,-0.228522,-22.8079,1.39099,1.27593,-0.329079
1581147886.373041947,0.542692,26.1778,-0.293046,-23.1601,1.40508,1.30163,-0.328745
1581147886.379507620,0.416664,26.399,-0.399242,-23.4719,1.41652,1.32333,-0.326743
1581147886.386294073,0.318928,26.3604,-0.46511,-23.2891,1.39804,1.30497,-0.327077
1581147886.392518918,0.300924,25.954,-0.500061,-22.8576,1.39011,1.29796,-0.32207
1581147886.399163603,0.352364,25.72,-0.444947,-22.6694,1.38307,1.28094,-0.320402
1581147886.450104514,0.444956,25.6685,-0.36698,-22.8738,1.38923,1.29195,-0.320735
1581147886.456249712,0.408948,25.6042,-0.380423,-23.152,1.39099,1.32967,-0.319734
1581147886.463025054,0.550408,25.666,-0.282292,-22.984,1.39363,1.31031,-0.3194
1581147886.469269085,0.666148,25.6042,-0.129048,-23.0579,1.39804,1.31298,-0.321737
1581147886.476124960,0.699584,25.8049,-0.108884,-23.3765,1.41124,1.32266,-0.328078
1581147886.482919054,0.54012,25.7817,-0.256752,-23.2542,1.40684,1.30864,-0.331082
1581147886.489040918,0.37294,25.558,-0.407308,-22.8818,1.38835,1.28328,-0.334419
1581147886.495948029,0.33436,25.4191,-0.436881,-22.5323,1.37603,1.26425,-0.337423
1581147886.502093068,0.339504,25.2879,-0.408652,-22.5941,1.38923,1.26959,-0.342429
1581147886.509181695,0.352364,25.5322,-0.409996,-23.0794,1.3998,1.29896,-0.345433
1581147886.516377090,0.380656,25.6454,-0.392521,-23.3389,1.413,1.31732,-0.345767
1581147886.523156901,0.434668,25.5219,-0.360259,-23.3644,1.42973,1.32666,-0.342429
1581147886.529999373,0.534976,25.4525,-0.263473,-23.191,1.413,1.33267,-0.342763
1581147886.536201185,0.624996,25.2699,-0.149212,-22.7918,1.39627,1.3003,-0.33809
1581147886.544259193,0.61728,25.3316,-0.169375,-22.8979,1.4086,1.31298,-0.339092
1581147886.550447334,0.47582,25.4525,-0.302456,-22.9006,1.40948,1.3003,-0.333752
1581147886.557233036,0.339504,25.3393,-0.440914,-22.8979,1.39804,1.29896,-0.333418
1581147886.564026777,0.344648,25.3239,-0.432848,-22.9369,1.39804,1.28828,-0.322404
1581147886.570457473,0.452672,25.2442,-0.318587,-22.9329,1.41212,1.28061,-0.323405
1581147886.577172406,0.522116,25.2596,-0.25944,-23.1897,1.42621,1.30063,-0.318399
1581147886.618271234,0.403804,25.2082,-0.371013,-22.906,1.39187,1.28928,-0.313393
1581147886.625076439,0.416664,25.095,-0.353538,-22.8442,1.3998,1.28027,-0.317064
1581147886.631410754,0.447528,25.131,-0.317243,-22.9907,1.40596,1.29295,-0.317398
1581147886.639303097,0.50154,25.0127,-0.276915,-23.0082,1.39451,1.28561,-0.320735
1581147886.645952709,0.534976,24.8584,-0.254063,-22.9531,1.40332,1.25858,-0.328412
1581147886.652387233,0.524688,24.8224,-0.263473,-22.7944,1.40772,1.25157,-0.326409
1581147886.659088965,0.558124,24.7452,-0.229867,-22.7783,1.40332,1.23188,-0.331082
1581147886.665945470,0.581272,24.987,-0.208359,-23.0606,1.4042,1.2509,-0.327077
1581147886.672331693,0.606992,25.2107,-0.192228,-23.0929,1.4042,1.24389,-0.332083
1581147886.679208061,0.537548,25.1027,-0.245998,-22.8496,1.40332,1.23588,-0.331749
1581147886.686038061,0.491252,24.8455,-0.286325,-22.738,1.39804,1.21753,-0.333084
1581147886.692197122,0.504112,24.9638,-0.267506,-22.902,1.40772,1.22954,-0.33275
1581147886.699154412,0.558124,25.1696,-0.228522,-23.2636,1.42004,1.25057,-0.331082
1581147886.705325354,0.524688,25.2236,-0.223145,-23.1574,1.42533,1.25357,-0.328412
1581147886.713416910,0.498968,24.9072,-0.262129,-22.6869,1.413,1.21919,-0.326409
1581147886.720201316,0.46296,24.4931,-0.299768,-22.6479,1.41388,1.2202,-0.322738
1581147886.726444033,0.460388,24.5909,-0.287669,-22.7676,1.41388,1.22353,-0.319067
1581147886.733366153,0.483536,24.9201,-0.286325,-23.2327,1.43237,1.25557,-0.319067
1581147886.741089831,0.470676,24.9201,-0.291702,-23.3281,1.43765,1.26091,-0.315395
1581147886.748013618,0.46296,24.5394,-0.302456,-22.8092,1.41828,1.21819,-0.31673
1581147886.788067885,0.511828,24.5034,-0.22449,-22.8536,1.43149,1.20551,-0.320735
1581147886.795122075,0.519544,24.542,-0.21508,-23.0055,1.42973,1.21118,-0.323072
1581147886.801235823,0.47582,24.8687,-0.26885,-23.2085,1.43413,1.2222,-0.326409
1581147886.808117185,0.419236,24.8172,-0.287669,-22.9719,1.42445,1.19984,-0.332417
1581147886.814430734,0.416664,24.3543,-0.291702,-22.656,1.41212,1.1678,-0.334419
1581147886.821142600,0.478392,24.2385,-0.237932,-22.3576,1.40772,1.15545,-0.333752
1581147886.828059615,0.534976,24.1459,-0.192228,-22.4732,1.41212,1.15378,-0.335087
1581147886.834347487,0.52726,24.4134,-0.163998,-22.8401,1.42709,1.17948,-0.342429
1581147886.846088115,0.452672,24.4906,-0.262129,-23.1789,1.43589,1.18015,-0.346768
1581147886.852377334,0.362652,24.3517,-0.314554,-22.8455,1.43149,1.1471,-0.344765
1581147886.859339671,0.42438,24.3182,-0.25944,-22.5901,1.41564,1.13476,-0.33809
1581147886.866178150,0.491252,24.4263,-0.200293,-22.5121,1.41476,1.12107,-0.334753
1581147886.872899925,0.534976,24.3388,-0.145179,-22.4785,1.41652,1.1154,-0.33008
1581147886.879874321,0.498968,24.2462,-0.155933,-22.6291,1.413,1.12307,-0.329079
1581147886.886105738,0.493824,24.2154,-0.174752,-22.5794,1.42093,1.11306,-0.320068
1581147886.892961304,0.516972,24.1382,-0.145179,-22.8106,1.42093,1.10972,-0.318065
1581147886.899217480,0.542692,24.1794,-0.118294,-22.8294,1.42797,1.10438,-0.31406
1581147886.906037790,0.52726,24.1382,-0.119638,-22.7971,1.41916,1.10705,-0.314728
1581147886.913179621,0.48868,24.0353,-0.157277,-22.7366,1.43325,1.0917,-0.311724
1581147886.919949622,0.447528,24.2514,-0.192228,-22.6909,1.42533,1.08336,-0.30872
1581147886.959506267,0.324072,23.8321,-0.26885,-22.6721,1.41828,1.08169,-0.302713
1581147886.966117578,0.324072,23.7653,-0.274227,-22.5888,1.41828,1.06534,-0.304382
1581147886.973017514,0.34722,23.6315,-0.254063,-22.5847,1.41212,1.06667,-0.307052
1581147886.979394235,0.354936,23.6084,-0.231211,-22.5888,1.41476,1.05799,-0.306384
1581147886.986305405,0.34722,23.8784,-0.241965,-22.6641,1.41476,1.06233,-0.309388
1581147886.992906685,0.324072,24.0456,-0.251375,-22.6667,1.42181,1.05599,-0.305049
1581147886.999213745,0.362652,23.8964,-0.216424,-22.5283,1.40772,1.0373,-0.310389
1581147887.005813878,0.39866,23.6881,-0.194916,-22.3414,1.4042,1.01127,-0.313059
1581147887.012309049,0.480964,23.7344,-0.118294,-22.4772,1.40068,1.01294,-0.315395
1581147887.019089361,0.511828,23.6984,-0.0712452,-22.7514,1.38483,1.02061,-0.318065
1581147887.025499498,0.522116,23.9659,-0.0739337,-22.9517,1.40068,1.03096,-0.310389
1581147887.032275668,0.491252,23.6212,-0.118294,-22.8536,1.39715,1.01694,-0.310055
