timestamp,tdc,tac,pdc,pac1,pac2,pac3,pac4,pac5,pac6,pac7,pac8,pac9,pac10,pac11,pac12,pac13,pac14,pac15,pac16,pac17,pac18,pac19,pac20,pac21,pac22,ele1,ele2,ele3,ele4,ele5,ele6,ele7,ele8,ele9,ele10,ele11,ele12,ele13,ele14,ele15,ele16,ele17,ele18,ele19
1581073976.604678167,13,63,85,1241,1238,1234,1237,1241,1252,1236,1215,1211,1215,1222,1215,1209,1191,1185,1190,1195,1192,1173,1162,1167,1172,67,16,15,32,16,33,19,1,6,3,43,10,13,25,22,31,3,19,23,
1581073976.614732091,13,61,90,1151,1142,1129,1110,1109,1103,1086,1077,1054,1041,1039,1021,998,978,963,946,943,931,907,887,869,857,68,12,17,32,12,33,19,0,8,1,59,10,15,28,23,33,1,19,23,
1581073976.624719903,13,61,90,846,831,802,781,755,738,710,667,650,635,603,572,531,504,459,424,387,374,356,334,309,292,70,12,18,29,12,30,15,0,6,0,69,8,15,30,22,31,0,17,21,
1581073976.634729399,13,61,85,250,226,195,186,166,137,114,103,88,60,48,20,12,3,21,59,75,106,124,150,163,166,68,8,15,26,9,26,11,1,6,2,65,5,11,24,19,24,2,15,19,
1581073976.644729138,14,63,79,199,224,235,253,276,299,313,309,335,362,354,372,404,420,411,411,419,446,450,457,466,502,70,9,12,24,10,24,6,0,6,2,63,3,10,20,17,19,3,15,16,
1581073976.654848228,14,63,70,503,521,516,527,542,570,563,580,595,608,628,647,644,657,660,689,713,721,729,715,705,719,67,8,11,23,9,22,5,0,5,2,56,1,8,17,15,17,2,12,14,
1581073976.664861842,14,63,61,738,739,709,673,671,685,700,713,708,697,698,722,748,773,792,807,833,844,855,839,857,863,57,7,10,18,7,18,4,1,3,0,56,4,9,18,15,18,1,11,14,
1581073976.674843452,13,66,59,861,818,764,731,717,693,669,662,650,631,638,613,554,540,543,550,547,530,532,520,491,476,46,7,10,14,6,15,2,0,1,0,56,7,11,18,14,17,0,12,13,
1581073976.684758848,14,66,56,482,473,464,470,470,454,417,395,375,370,383,377,350,308,269,290,313,307,297,301,289,283,44,6,9,13,5,15,2,0,0,0,57,7,11,19,15,18,0,11,13,
1581073976.694769434,13,65,55,269,275,269,253,265,270,245,198,181,185,186,186,194,213,217,215,215,209,206,209,215,247,43,6,10,14,6,15,2,0,1,1,54,7,9,19,14,19,0,10,12,
1581073976.704904397,13,66,53,245,230,246,265,264,274,269,261,243,222,211,206,177,177,161,156,160,166,150,147,141,131,44,6,10,14,8,15,2,0,1,1,46,5,8,17,11,15,0,10,12,
1581073976.714886116,14,67,52,126,136,149,148,175,209,204,208,246,249,212,197,198,220,209,208,229,242,217,198,194,198,44,7,9,14,8,16,2,0,1,0,42,4,5,14,12,13,2,10,11,
1581073976.724747694,14,64,51,178,166,184,181,161,144,123,106,100,122,125,109,90,90,95,119,120,126,155,181,195,200,46,7,9,15,6,14,3,1,0,0,45,5,8,14,13,15,0,11,12,
1581073976.734781539,13,65,51,194,192,163,171,172,165,152,141,148,157,139,127,115,102,92,74,67,63,49,46,71,86,46,8,8,14,6,15,2,1,0,0,46,6,8,14,12,15,0,10,10,
1581073976.744719057,14,67,50,96,111,117,120,129,144,154,150,141,127,135,138,126,115,89,59,59,71,74,53,24,14,41,5,8,13,7,13,3,0,1,1,46,6,9,16,12,15,0,10,11,
1581073976.754717416,14,66,50,35,91,99,95,65,48,57,58,56,27,21,16,28,53,70,57,29,22,38,25,9,9,36,5,9,11,5,12,3,0,0,2,50,7,9,17,12,17,0,10,11,
1581073976.764781299,14,66,50,4,14,5,10,30,43,25,15,5,12,13,35,57,59,44,64,60,38,9,17,28,15,37,4,8,11,6,12,3,0,0,0,56,8,10,19,14,17,1,8,12,
1581073976.774755699,13,66,51,19,28,27,2,25,51,56,39,60,85,104,115,133,130,110,97,105,92,72,56,48,70,37,5,9,11,5,12,2,1,1,1,51,8,10,17,15,17,0,10,11,
1581073976.784755362,14,65,52,84,79,56,56,69,76,73,34,17,29,67,94,103,72,53,55,74,75,85,71,42,17,37,4,8,11,5,12,1,0,0,0,53,6,10,19,13,18,0,8,12,
1581073976.794885868,14,66,52,43,58,45,7,0,16,22,31,25,14,4,10,59,90,66,29,20,24,44,36,30,10,35,4,9,10,4,12,2,0,0,1,56,8,11,19,15,17,0,10,13,
1581073976.804881251,14,64,52,9,13,25,52,45,38,34,48,65,77,64,48,42,20,29,51,54,28,17,36,40,27,41,6,9,12,5,13,2,0,1,1,55,6,9,19,14,17,0,11,10,
1581073976.814897938,14,64,54,31,21,12,3,4,6,28,29,44,53,67,74,66,70,74,61,65,63,67,54,49,41,40,6,9,12,6,13,2,0,0,0,54,7,9,18,15,17,1,10,13,
1581073976.824901524,14,65,52,39,21,11,12,17,13,44,51,49,58,65,51,49,51,43,25,14,25,18,8,19,18,38,6,8,10,6,11,3,0,1,1,48,5,9,16,14,15,0,8,11,
1581073976.834812576,13,64,50,26,0,16,31,32,28,36,63,97,103,85,86,90,95,115,140,124,94,105,89,94,91,40,6,9,13,7,13,2,1,0,0,47,6,7,16,13,16,0,10,12,
1581073976.844752711,14,62,50,79,45,29,43,59,41,52,50,40,43,41,59,40,30,39,59,43,59,62,94,108,114,46,7,9,14,7,16,2,0,0,0,44,5,8,15,13,15,0,10,13,
1581073976.854759549,14,62,52,86,91,70,70,79,82,73,36,12,17,5,37,46,19,10,1,8,15,41,43,6,21,42,6,9,12,7,15,2,1,0,0,43,5,7,15,13,15,0,9,12,
1581073976.864729466,14,58,51,12,26,15,23,1,39,51,36,26,42,40,56,40,42,26,28,29,12,15,33,25,29,37,5,9,12,5,12,3,1,1,1,49,6,9,17,12,16,0,9,10,
1581073976.874766022,14,58,52,58,75,93,96,73,57,49,58,63,64,34,13,20,18,7,20,18,17,15,0,15,2,40,4,7,12,7,11,3,0,0,0,54,8,10,19,14,17,1,10,12,
1581073976.884729943,13,57,51,9,16,10,31,34,26,34,53,46,48,40,37,24,29,48,45,28,20,18,17,1,4,39,6,8,12,5,12,2,0,1,1,54,7,9,18,14,17,0,10,12,
1581073976.894731539,14,58,51,2,4,27,33,21,20,30,24,12,8,15,22,19,10,7,23,17,8,3,25,60,76,36,3,8,10,4,11,1,0,1,0,51,7,10,16,14,17,1,9,10,
1581073976.904783852,15,56,51,71,47,46,65,54,27,16,0,2,3,3,23,38,37,34,21,3,14,35,14,20,33,38,5,7,10,4,11,3,0,0,0,53,6,10,19,14,16,1,9,12,
1581073976.914780532,14,56,52,31,51,50,32,30,37,38,41,55,91,74,52,41,28,27,25,1,8,31,28,19,20,41,4,8,13,6,14,3,0,0,0,49,5,9,15,14,15,0,10,12,
1581073976.924760338,14,53,51,5,8,16,14,8,15,3,11,21,9,2,12,10,21,17,21,30,38,41,23,11,17,41,6,9,13,7,14,2,0,2,0,45,5,6,14,12,14,0,8,11,
1581073976.934874330,14,55,52,30,56,79,65,34,39,57,72,52,39,27,31,39,42,34,15,9,5,28,33,13,6,41,6,9,13,7,15,3,1,1,1,44,4,7,15,12,15,0,8,10,
1581073976.944868556,14,54,51,1,12,30,36,26,22,10,20,28,42,47,32,21,0,5,8,11,33,50,38,45,32,44,6,8,14,6,14,2,0,0,0,46,5,9,16,11,15,0,10,10,
1581073976.954767107,14,52,53,32,42,27,15,30,34,27,38,55,59,48,55,73,62,55,69,89,62,51,61,32,20,42,4,9,13,6,13,3,1,2,0,48,5,8,15,12,15,0,10,11,
1581073976.964800206,14,52,53,26,13,12,13,28,41,33,17,33,48,64,72,76,46,41,49,57,71,48,55,57,69,39,3,9,12,6,12,3,0,0,0,53,7,8,17,13,17,0,10,12,
1581073976.974820496,13,51,53,75,73,76,71,62,64,62,55,36,22,23,33,27,19,18,28,38,40,54,40,31,22,37,4,9,11,5,10,1,0,0,0,60,8,10,22,15,19,0,9,11,
1581073976.984764141,14,52,53,47,42,34,33,33,42,32,24,24,16,24,57,56,64,54,42,74,92,60,34,40,48,36,3,10,11,4,10,1,0,0,1,54,8,10,19,13,17,0,10,10,
1581073976.994729810,14,50,53,47,60,58,48,52,52,45,24,8,1,2,31,36,17,17,21,7,12,5,4,18,27,35,4,10,10,4,11,3,0,0,0,57,9,10,19,15,19,1,8,10,
1581073977.004744185,14,48,53,45,37,31,34,50,68,64,88,58,41,41,47,29,14,26,16,1,11,33,21,4,3,39,5,9,12,6,14,2,0,0,0,55,7,10,20,15,17,0,10,10,
1581073977.014761806,14,47,54,27,20,8,6,13,7,5,1,19,5,23,6,22,19,20,26,21,0,9,0,29,11,39,4,10,12,5,13,4,0,0,0,51,7,10,17,14,17,0,11,10,
1581073977.024746914,14,43,53,24,35,59,59,78,73,80,64,47,30,0,8,6,12,20,31,27,0,9,10,2,1,37,4,9,10,6,11,3,1,0,1,55,8,9,20,14,19,0,9,11,
1581073977.034780530,14,41,52,1,11,38,45,17,7,17,29,36,45,29,11,9,6,14,3,0,12,5,20,22,27,38,4,10,12,5,13,2,0,1,0,57,8,10,20,15,19,0,8,10,
1581073977.044765007,14,41,51,38,47,43,55,40,31,28,21,30,41,44,41,46,55,68,81,91,90,97,107,115,118,33,3,10,9,3,10,3,1,0,0,58,9,11,21,15,18,0,9,12,
1581073977.054770643,14,43,50,148,161,163,161,148,144,168,173,140,137,140,136,135,145,128,113,107,99,107,116,131,136,33,2,10,9,4,9,3,0,0,0,58,8,11,21,14,19,0,9,12,
1581073977.064829624,14,41,49,92,82,95,108,106,128,103,91,83,87,82,110,119,125,143,150,170,187,160,130,125,131,34,4,9,9,5,9,2,0,1,0,56,8,10,20,15,17,0,9,10,
1581073977.074844375,14,38,49,127,152,156,137,109,109,98,98,113,109,83,57,39,23,31,55,62,59,51,50,70,92,33,4,9,9,5,11,2,1,1,1,49,6,9,16,12,16,0,9,11,
1581073977.084786041,14,37,48,97,102,127,124,153,160,167,158,163,145,125,98,63,50,46,73,97,51,18,10,37,44,36,5,8,12,6,12,1,0,0,0,45,6,9,15,11,15,0,9,11,
1581073977.094770937,14,36,47,44,59,66,66,61,35,37,29,6,25,52,62,66,52,50,70,82,92,101,108,79,81,41,5,8,13,7,13,2,0,1,0,41,4,6,14,11,14,0,9,10,
1581073977.104719110,14,36,48,67,32,5,4,1,11,20,62,85,89,63,55,53,55,76,71,27,2,6,19,45,68,42,6,8,14,8,14,2,0,3,1,37,3,6,11,9,12,0,8,10,
1581073977.114780409,14,33,46,93,119,136,126,109,123,157,155,139,128,119,113,122,122,105,75,54,34,45,65,52,33,44,6,8,14,8,15,3,1,1,1,36,3,6,12,10,13,0,8,9,
1581073977.124742459,14,32,46,16,16,12,22,33,34,30,47,51,57,60,61,80,89,100,97,97,85,87,86,88,67,46,7,8,14,8,14,2,1,3,0,31,1,6,10,10,13,1,9,10,
1581073977.134764522,14,31,45,33,23,21,37,12,42,50,46,24,20,42,51,64,79,106,92,117,108,128,134,148,141,40,6,8,13,6,14,3,1,0,1,36,4,6,11,11,13,0,8,10,
1581073977.144774084,14,29,44,149,154,150,140,124,126,128,142,121,126,111,122,122,137,130,120,108,120,122,122,119,133,41,6,7,12,7,12,2,1,1,1,37,3,7,13,12,12,1,9,8,
1581073977.154806708,14,28,44,134,151,159,152,145,153,178,184,177,142,125,121,112,84,61,37,21,22,28,20,24,12,39,5,7,12,6,13,2,1,2,1,36,3,5,11,10,13,0,8,10,
1581073977.164861838,15,28,42,27,42,48,62,71,59,63,78,114,126,116,113,111,146,150,136,126,115,108,108,111,94,34,5,8,9,6,10,1,0,0,1,43,6,8,16,11,16,0,9,10,
1581073977.174855505,14,28,41,57,45,28,27,20,2,11,26,21,12,8,9,30,34,39,65,78,74,74,93,97,120,33,5,7,9,6,11,3,1,1,2,41,6,9,15,11,15,0,8,9,
1581073977.184892203,14,26,42,118,100,95,95,78,60,51,53,27,5,13,16,0,4,13,25,27,33,49,61,55,80,33,5,8,9,6,10,2,2,1,1,39,5,9,14,12,14,0,9,8,
1581073977.194819986,14,23,41,103,99,81,102,94,86,81,90,92,97,98,99,84,88,79,57,44,44,57,77,66,55,32,3,8,10,4,10,1,0,0,1,43,6,9,14,11,15,1,8,10,
1581073977.204801134,14,22,38,52,60,59,60,74,68,71,66,101,123,135,169,162,142,158,175,170,162,163,148,154,156,32,5,8,10,6,10,1,0,0,0,37,3,7,11,10,12,0,6,10,
1581073977.214819783,14,20,40,135,108,90,80,100,108,68,31,18,30,43,39,36,28,22,42,54,59,45,53,54,73,33,6,6,10,6,11,2,0,0,0,34,3,7,13,11,12,1,9,9,
1581073977.224785504,14,20,41,51,38,21,28,14,6,19,31,37,34,48,35,33,48,46,28,28,62,72,56,73,72,32,5,8,9,6,10,1,0,0,0,37,5,7,13,10,12,0,8,9,
1581073977.234787662,14,19,40,49,49,62,78,78,73,71,60,42,38,34,15,1,13,13,10,23,18,26,45,56,31,32,5,6,8,5,10,1,0,0,0,40,6,9,14,11,14,1,8,9,
1581073977.244817081,15,19,40,17,10,22,22,18,13,20,23,28,10,12,1,15,30,20,15,13,24,17,41,50,41,30,3,6,8,4,9,1,0,0,2,43,7,9,14,12,15,0,7,8,
1581073977.254767507,13,15,38,55,74,98,112,137,144,133,138,134,158,179,183,172,172,158,142,130,130,141,143,133,134,30,5,6,7,6,8,1,0,0,0,40,6,8,14,11,12,0,8,7,
1581073977.264821592,14,17,33,151,160,152,137,174,204,195,201,211,216,203,226,272,262,252,226,237,251,248,266,282,280,28,2,5,7,3,8,1,0,0,1,39,6,7,13,10,12,1,7,8,
1581073977.274823755,14,17,32,272,283,292,297,293,298,321,314,282,262,266,250,237,248,254,235,236,257,251,240,237,255,28,6,6,8,6,9,0,0,0,1,31,3,6,11,8,11,0,6,6,
1581073977.284839080,14,15,29,260,269,281,299,291,296,319,320,308,298,291,274,269,289,297,284,272,278,251,245,238,242,28,4,6,7,5,8,2,1,1,1,26,3,5,10,7,9,0,5,6,
1581073977.294902280,14,12,26,211,190,198,192,187,194,203,204,198,222,242,244,237,234,238,259,279,273,252,250,251,259,28,5,5,6,5,6,1,0,0,1,28,3,5,9,8,9,0,5,6,
1581073977.304908253,14,12,27,271,250,232,204,196,184,165,169,148,131,117,130,127,113,88,87,80,90,113,116,103,114,27,6,5,7,5,8,0,1,0,0,23,3,4,8,5,8,1,5,7,
1581073977.314847925,14,12,28,128,143,148,134,130,100,87,74,77,59,45,43,46,29,3,25,75,98,89,78,89,108,24,5,5,6,4,6,1,0,0,1,26,3,4,9,6,9,0,6,7,
1581073977.324878571,14,10,29,129,128,135,117,119,118,127,128,121,123,128,106,96,103,124,132,103,97,115,130,141,121,26,3,4,7,5,7,2,0,0,0,27,4,6,9,6,10,1,6,7,
1581073977.334763695,14,10,31,144,159,151,150,158,164,163,177,168,153,161,150,154,152,153,131,118,111,107,95,93,80,28,5,5,7,4,9,1,0,0,2,26,4,4,9,7,8,0,6,7,
1581073977.344750110,14,7,31,83,75,62,74,82,82,59,45,43,33,35,65,53,29,52,67,53,45,61,46,51,57,28,5,6,8,5,8,1,0,0,1,31,4,5,10,9,12,0,6,8,
1581073977.354757453,14,5,28,60,46,46,24,24,6,17,32,52,77,93,121,155,192,213,210,196,170,170,182,187,194,24,4,6,6,4,7,1,0,0,1,28,5,6,10,7,10,1,6,7,
1581073977.364780148,14,3,26,192,187,192,202,213,187,179,178,197,186,200,175,172,176,182,196,204,223,225,234,231,224,24,4,4,5,4,6,0,1,0,0,31,4,6,12,8,11,0,5,4,
1581073977.374771228,14,2,24,253,287,277,279,293,284,243,239,241,218,201,196,187,169,162,181,183,169,165,188,199,181,20,2,5,3,3,5,0,0,1,1,30,5,6,11,7,9,1,6,4,
1581073977.384768590,14,2,22,177,183,192,176,206,240,235,208,218,234,236,242,248,251,235,231,218,179,147,137,121,126,16,2,5,3,2,4,0,0,0,1,27,5,6,9,7,8,0,4,5,
1581073977.394792698,14,1,24,108,81,56,45,40,40,50,26,4,6,33,31,24,34,28,21,19,24,23,1,9,8,17,2,4,3,2,4,1,0,0,0,27,3,5,10,8,7,0,5,6,
1581073977.404891291,13,0,25,9,7,39,37,54,55,48,49,94,108,97,109,99,102,108,112,106,93,79,86,96,91,21,4,4,5,5,5,0,1,0,1,26,3,4,9,5,8,1,4,4,
1581073977.414904444,14,2,25,80,75,69,66,66,60,49,20,9,23,46,23,20,40,30,23,30,24,5,1,4,25,23,2,3,6,4,6,0,0,0,1,29,3,5,9,6,9,1,5,5,
1581073977.424788523,14,4,25,37,46,64,71,60,56,47,53,38,41,39,42,46,47,57,51,33,19,8,6,10,14,21,3,5,4,4,5,0,0,0,1,28,4,4,9,6,9,0,4,4,
1581073977.434824931,13,5,26,0,6,11,27,32,15,27,36,51,34,34,51,40,48,64,72,46,41,47,36,17,18,21,3,3,5,5,5,0,0,1,0,29,3,5,8,8,9,0,5,4,
1581073977.444799668,14,7,25,5,8,1,4,0,5,9,13,7,27,51,55,56,66,70,69,64,72,79,96,92,102,22,4,5,4,5,5,0,0,0,0,31,4,6,11,7,10,0,4,6,
1581073977.454899304,13,7,24,121,106,83,65,62,54,64,54,51,60,76,57,65,71,56,43,62,75,53,44,66,90,17,1,3,3,3,5,0,0,0,1,30,4,5,10,6,9,0,5,5,
1581073977.464822773,14,9,25,93,79,71,48,23,34,49,42,5,17,5,8,7,21,33,57,74,59,47,39,55,59,21,3,3,3,4,5,0,0,1,0,27,2,5,9,6,7,1,4,6,
1581073977.474803560,14,8,25,51,42,23,26,17,32,64,90,89,64,37,45,52,70,92,128,121,109,87,105,101,100,23,4,3,5,5,6,0,1,1,0,26,3,3,8,6,8,0,4,6,
1581073977.484816426,14,9,25,95,102,89,81,71,60,50,34,33,36,32,23,3,12,9,0,8,8,4,17,2,14,23,3,2,5,4,7,0,1,0,0,26,2,5,7,5,8,0,4,5,
1581073977.494821964,14,12,25,13,10,35,51,38,18,22,36,33,34,40,33,24,1,2,9,6,23,36,42,81,58,25,5,4,7,4,7,0,0,1,0,19,0,2,5,4,5,0,5,4,
1581073977.504827749,14,15,27,9,4,38,28,12,24,12,16,6,48,47,13,9,19,35,45,79,63,73,91,102,94,26,3,3,7,6,6,0,0,0,0,22,0,3,6,5,6,0,5,4,
1581073977.514778405,14,15,26,100,112,101,65,84,86,80,64,63,82,62,58,62,71,28,27,43,59,55,35,29,27,26,4,3,6,5,8,0,0,0,0,22,2,3,6,6,7,1,5,5,
1581073977.524812751,14,15,29,44,25,34,40,35,36,54,74,63,76,88,117,99,99,98,119,119,155,145,150,129,118,27,3,4,7,5,9,0,0,0,1,21,0,3,7,5,6,1,4,6,
1581073977.534823383,14,15,31,133,127,120,105,102,102,109,123,145,155,150,157,171,174,194,221,238,256,266,277,291,298,29,5,3,8,5,9,0,0,2,0,23,1,2,6,5,6,0,5,6,
1581073977.544834122,14,17,33,290,285,295,292,300,307,303,295,307,304,288,268,251,235,229,236,243,219,213,216,242,235,30,4,5,8,4,9,1,0,1,1,31,2,5,9,7,8,1,6,7,
1581073977.554837411,14,19,35,240,240,232,230,239,250,264,262,262,265,249,241,218,204,197,186,169,167,184,180,176,153,31,4,3,7,5,9,0,0,2,0,31,1,4,9,8,10,1,4,8,
1581073977.564891488,14,22,36,175,196,207,217,202,190,179,176,184,176,158,145,138,155,142,147,157,134,119,128,131,114,30,4,5,8,5,9,1,0,1,0,38,4,6,11,8,11,2,7,7,
1581073977.574897392,14,21,35,99,105,96,80,81,82,73,59,56,57,41,2,8,16,27,38,9,13,34,36,26,39,29,2,5,6,2,7,0,0,0,1,43,5,7,14,8,12,0,7,7,
1581073977.584897611,14,23,32,53,63,60,65,80,93,94,109,133,119,122,147,162,159,153,149,141,135,138,143,134,134,27,3,4,5,3,6,0,0,0,1,40,3,6,13,9,12,0,6,7,
1581073977.594827300,14,25,31,112,127,129,134,119,110,104,108,93,82,99,114,128,132,140,143,155,162,168,166,172,167,26,2,5,6,4,6,0,0,1,0,39,6,6,12,9,11,0,6,7,
1581073977.604799810,13,24,30,181,214,226,219,209,192,189,199,184,185,200,183,192,173,180,166,147,131,134,118,103,109,22,3,4,5,5,6,1,0,0,0,36,4,5,12,7,10,0,5,5,
1581073977.614802585,14,24,29,110,126,130,152,154,162,145,135,117,124,126,132,119,116,105,106,102,93,75,73,60,65,24,3,5,5,3,6,0,0,1,0,35,4,5,11,8,10,0,5,7,
1581073977.624810274,14,26,30,55,43,36,51,48,47,42,21,30,29,25,21,26,15,19,37,48,43,40,62,45,28,24,2,3,6,4,6,0,0,0,0,32,5,4,10,6,9,2,6,5,
1581073977.634807039,13,28,30,27,24,33,6,4,4,22,46,43,33,44,64,53,54,62,73,55,50,38,26,19,46,21,1,4,5,3,4,1,0,1,0,38,6,7,13,9,11,0,5,5,
1581073977.644827520,13,29,33,76,75,78,104,91,88,101,122,106,89,87,112,110,88,111,152,159,142,151,146,125,113,22,2,3,5,3,5,0,0,0,0,38,4,5,13,9,11,0,5,6,
1581073977.654828116,14,30,34,148,169,158,148,158,180,194,201,204,192,185,212,229,226,222,197,223,242,233,209,194,213,24,3,5,5,2,7,0,0,0,0,40,4,6,14,10,12,0,6,6,
1581073977.664806805,14,31,37,204,223,227,225,209,218,236,246,234,218,209,220,220,223,231,234,211,203,208,192,198,174,27,3,6,7,5,8,0,0,0,0,38,3,6,13,8,10,0,6,7,
1581073977.674946061,14,31,37,166,158,147,137,136,132,117,121,128,127,104,99,100,96,114,133,139,125,121,130,141,129,29,3,5,6,3,9,0,0,0,0,39,4,6,11,8,11,1,6,8,
1581073977.684964471,14,32,38,123,88,77,86,92,79,94,103,109,89,105,94,85,68,95,102,89,88,97,95,75,89,32,4,4,8,6,9,0,0,1,0,35,3,5,11,8,9,0,7,8,
1581073977.694970758,14,35,36,85,56,25,46,32,8,15,23,10,8,16,14,20,48,47,25,36,66,68,70,47,63,33,5,5,9,4,10,1,0,1,0,31,2,6,8,8,9,0,6,7,
1581073977.704799237,14,36,33,80,107,106,116,110,122,140,161,175,175,186,204,208,206,216,227,215,219,228,223,211,217,36,5,5,10,5,11,0,0,2,0,28,2,4,8,7,8,0,6,7,
1581073977.714807680,14,35,31,222,245,264,225,183,205,199,203,242,252,220,217,233,242,233,245,262,257,254,256,251,231,31,5,4,9,6,9,0,0,2,0,27,2,4,8,7,9,0,5,6,
1581073977.724806375,14,39,29,225,237,249,230,213,213,206,197,195,194,175,150,155,176,172,166,164,173,175,171,178,181,30,5,3,8,5,9,1,0,2,0,24,2,3,7,6,7,1,5,6,
1581073977.734903563,14,40,26,173,182,178,181,193,205,215,220,221,231,236,220,213,220,220,217,204,187,188,184,180,177,25,4,4,7,5,7,1,1,0,1,26,4,4,8,7,8,0,4,6,
1581073977.744809804,14,40,27,160,125,101,95,107,112,101,121,113,117,104,92,68,73,88,87,64,67,61,52,45,38,25,3,3,6,4,6,2,0,0,0,26,3,4,8,8,9,1,6,5,
1581073977.754788085,14,40,30,24,0,8,0,9,22,28,25,35,58,58,61,73,89,86,100,113,120,125,132,150,150,22,2,5,6,4,7,1,0,1,0,29,4,5,10,8,11,0,4,6,
1581073977.764799747,14,41,33,153,164,170,169,172,183,197,188,178,192,208,189,179,202,197,175,184,193,187,160,170,178,23,4,5,5,3,6,1,0,0,0,33,5,6,11,8,10,0,6,7,
1581073977.774889110,13,43,33,187,188,190,196,191,189,189,199,166,177,173,178,151,164,134,119,115,97,82,66,54,53,22,2,5,5,3,5,1,0,0,0,36,5,7,13,9,12,0,6,7,
1581073977.784896673,14,44,32,77,73,67,66,68,65,72,69,67,54,44,45,46,31,23,19,0,1,4,5,0,1,23,3,5,7,3,7,3,0,1,0,35,4,6,12,8,11,1,6,7,
1581073977.794895194,13,45,32,6,26,9,13,26,28,29,23,23,19,5,5,20,14,3,16,23,44,57,54,63,83,27,4,6,6,4,8,2,0,1,0,31,4,5,10,6,9,0,5,7,
1581073977.804908743,14,45,30,100,118,125,129,152,144,138,141,157,154,167,166,154,141,158,171,170,158,143,133,137,128,28,5,5,6,4,8,1,0,0,1,29,4,5,9,7,9,0,4,6,
1581073977.814816244,13,45,26,143,155,153,145,150,146,146,167,197,186,186,200,196,193,205,209,207,199,195,194,198,195,26,4,4,6,5,8,1,0,0,0,26,1,4,9,6,8,0,5,5,
1581073977.824832458,14,45,26,184,178,178,174,172,161,151,139,122,116,110,107,99,103,101,108,94,111,125,117,121,131,24,4,5,6,5,7,0,0,0,0,29,3,6,8,7,10,0,5,7,
1581073977.834834869,14,48,27,142,146,156,131,112,95,110,95,84,63,47,44,29,34,13,5,43,53,43,49,45,48,21,2,4,5,4,6,0,0,0,1,30,5,4,11,6,10,1,4,5,
1581073977.844834018,14,48,29,48,59,62,58,69,71,67,56,48,59,77,80,83,93,77,99,106,118,132,126,99,107,22,3,4,6,4,5,1,0,0,0,28,4,4,9,7,10,0,6,6,
1581073977.854829029,14,50,30,129,130,108,119,104,84,77,104,105,120,110,119,97,86,81,92,100,83,83,63,52,56,24,4,6,6,4,7,0,0,0,0,29,4,6,9,6,10,1,5,5,
1581073977.864797922,14,49,31,87,112,112,94,90,95,120,144,155,149,152,143,165,166,132,128,131,115,101,133,135,116,28,5,6,7,4,8,0,0,1,0,27,0,5,8,8,8,0,6,6,
1581073977.874841404,14,50,33,116,125,134,144,152,164,161,152,183,193,170,167,179,182,162,162,179,178,161,171,182,166,27,5,5,8,6,9,0,0,1,1,27,2,4,9,8,9,0,5,7,
1581073977.884819240,14,52,33,176,193,182,167,168,154,147,134,141,146,127,120,107,101,81,89,85,102,89,73,84,96,31,4,6,8,6,8,1,0,1,1,26,3,4,8,7,9,0,6,7,
1581073977.894793947,14,55,32,66,69,68,51,48,56,54,13,2,4,4,7,33,63,68,74,71,76,92,97,93,80,31,4,6,7,4,8,0,0,2,0,30,3,6,10,7,9,0,5,7,
1581073977.904863902,14,54,31,59,48,64,82,74,62,44,59,58,57,78,82,61,61,69,65,83,89,92,82,79,82,31,4,4,8,6,9,1,0,0,0,25,1,3,8,7,7,0,5,5,
1581073977.914791283,13,54,32,79,72,79,80,66,89,79,74,65,71,59,52,44,38,21,8,6,7,14,31,25,18,31,3,5,8,5,9,0,0,0,1,24,0,2,5,6,7,0,6,5,
1581073977.924914833,13,55,30,7,17,10,15,9,4,26,30,29,31,22,16,30,55,57,76,75,74,65,75,71,94,33,4,5,9,5,10,0,0,3,0,20,0,1,4,6,5,2,5,6,
1581073977.934850471,14,55,29,98,108,111,129,114,132,135,136,138,126,122,144,163,156,161,145,146,126,137,137,158,168,32,4,4,9,5,10,0,1,1,0,23,1,3,5,6,6,1,4,5,
1581073977.944831569,14,55,29,151,142,159,177,183,202,191,164,150,143,152,133,97,100,105,97,86,82,86,80,93,96,31,5,5,8,5,8,0,0,2,0,21,3,1,6,5,6,0,5,4,
1581073977.954795117,13,55,28,109,79,63,68,64,69,56,58,51,70,70,70,60,56,58,57,44,38,42,48,45,35,27,3,3,7,5,6,0,1,0,0,25,3,5,7,6,8,0,5,5,
1581073977.964841055,14,56,28,30,9,9,11,24,30,13,11,19,19,28,44,44,39,33,25,15,33,32,10,7,7,25,3,4,6,4,7,0,1,0,0,30,4,4,11,7,10,0,5,6,
1581073977.974838406,13,55,30,5,12,2,0,6,14,18,34,52,78,100,127,117,99,105,114,111,110,112,91,56,50,22,2,5,5,3,7,0,0,1,1,36,4,7,12,8,11,0,4,6,
1581073977.984812792,14,57,30,48,37,16,3,11,20,13,0,9,8,5,17,28,12,7,3,2,16,60,66,58,51,21,3,5,4,2,6,1,0,0,0,37,6,5,12,7,10,0,4,5,
1581073977.994887795,13,58,29,50,48,62,72,63,61,54,63,72,64,48,38,27,23,17,25,17,4,11,15,36,32,19,0,5,5,4,6,0,0,0,1,35,5,5,11,8,11,0,5,6,
1581073978.004881299,13,57,30,24,19,13,16,31,37,35,39,34,41,50,56,68,69,82,70,78,75,79,79,82,92,23,2,5,6,2,7,0,1,0,0,35,3,6,11,8,9,0,4,6,
1581073978.014866970,13,59,32,110,117,105,92,73,64,71,89,93,73,71,57,53,50,72,77,76,86,107,127,130,143,24,1,4,6,3,6,0,1,0,0,37,3,5,10,9,10,0,6,5,
1581073978.024957295,14,61,32,137,131,121,119,115,114,115,116,109,102,119,116,102,88,71,44,44,58,54,40,33,43,24,3,5,5,3,6,1,0,0,0,36,4,5,10,8,10,0,5,8,
1581073978.034964451,14,62,32,44,64,52,42,31,33,28,39,35,32,23,33,29,44,27,30,21,26,21,33,38,36,24,3,5,6,1,6,0,0,0,0,39,4,6,11,9,11,0,4,5,
1581073978.044949165,14,62,31,8,27,41,22,25,6,1,5,1,16,21,17,21,6,6,23,26,35,53,52,38,27,22,2,4,5,2,6,0,0,0,0,38,6,5,11,8,10,0,6,7,
1581073978.054903047,13,62,30,32,54,69,82,85,66,66,60,81,87,72,67,85,97,94,108,108,128,146,142,135,138,23,2,5,3,2,5,0,0,0,0,37,4,6,11,8,11,1,5,4,
1581073978.064886980,13,62,30,127,135,151,150,140,133,124,127,127,111,93,66,71,86,85,77,74,54,39,38,48,51,22,2,5,3,2,5,0,0,0,0,32,3,6,10,8,10,0,6,7,
1581073978.074860056,13,62,31,22,2,0,9,23,8,0,8,21,19,14,11,23,23,7,1,0,6,2,2,9,9,25,2,2,6,5,7,0,0,1,0,31,3,6,10,8,9,0,5,7,
1581073978.084849962,14,62,29,11,8,7,23,18,12,9,8,4,23,30,19,20,43,65,87,89,84,81,78,92,91,24,3,4,6,4,7,1,0,0,0,31,3,6,8,6,10,0,6,7,
1581073978.094863342,13,63,27,78,88,114,129,133,127,116,117,126,132,132,135,128,125,124,151,156,151,152,154,151,145,25,2,5,5,5,6,0,0,0,0,28,3,4,10,8,8,0,4,8,
1581073978.104847950,14,64,27,139,128,121,117,114,114,130,122,87,72,74,75,49,39,31,24,15,21,21,14,4,8,21,2,4,6,4,6,1,0,0,1,26,3,5,9,6,8,1,3,7,
1581073978.114847022,13,65,28,5,4,2,18,16,4,12,4,14,17,20,29,45,52,47,37,45,61,65,70,77,60,21,2,4,6,3,5,1,0,0,0,27,4,4,9,7,8,0,5,6,
1581073978.124864082,14,67,28,46,45,40,41,38,18,16,9,20,22,24,24,28,45,33,32,42,42,33,48,74,63,24,3,4,6,3,6,0,0,0,0,29,2,3,9,7,9,0,3,5,
1581073978.134823349,13,66,26,63,88,75,58,53,53,48,53,64,53,25,18,20,26,41,47,54,65,68,77,88,89,23,2,5,6,5,6,1,0,0,1,27,3,4,7,6,8,0,6,6,
1581073978.144941497,13,65,25,96,97,107,120,110,108,118,137,149,148,154,161,162,171,178,142,105,94,94,100,112,107,21,3,4,4,3,4,0,0,0,0,31,3,4,9,7,8,0,5,5,
1581073978.154895702,13,67,23,98,92,86,83,96,109,110,113,138,159,166,184,191,190,193,180,173,202,192,197,211,210,19,1,4,5,3,5,0,0,0,0,30,3,5,9,6,8,0,4,5,
1581073978.164846035,13,66,21,186,182,196,202,180,174,177,181,172,167,167,155,144,134,146,166,170,164,160,148,143,150,17,2,2,2,1,3,0,0,0,1,29,4,4,9,6,8,0,4,6,
1581073978.174848106,13,67,22,172,177,171,182,197,215,214,211,207,190,197,187,165,137,122,103,97,103,86,55,39,30,14,1,3,1,3,3,0,0,0,0,28,3,5,8,6,8,0,4,4,
1581073978.184865458,13,67,22,33,32,31,25,12,3,3,1,0,9,43,43,39,41,45,35,38,28,10,8,9,10,16,2,3,2,3,3,1,0,0,0,28,4,6,8,6,9,1,4,4,
1581073978.194892486,13,67,23,10,1,30,26,9,22,39,44,49,65,80,90,106,130,134,130,131,131,131,142,144,141,16,1,3,4,3,4,0,0,1,1,26,2,4,8,6,8,0,5,4,
1581073978.204845696,13,67,26,145,160,170,173,160,177,181,181,189,210,214,199,192,197,206,195,191,187,179,185,202,222,18,2,4,5,2,5,0,0,1,0,29,4,5,10,7,9,0,4,5,
1581073978.214845407,12,66,29,200,198,216,225,231,248,257,253,250,258,267,258,242,223,216,210,203,218,225,227,211,200,21,1,3,4,3,6,1,0,0,0,31,4,5,10,7,9,1,4,5,
1581073978.224930520,14,67,32,213,220,231,264,275,270,274,295,291,277,276,310,325,305,302,292,300,297,307,305,300,268,25,4,4,6,5,7,0,1,0,0,29,3,4,10,6,10,0,6,6,
1581073978.234899750,13,69,33,260,266,279,265,258,247,224,208,204,197,204,202,201,201,205,183,171,180,160,152,157,140,27,2,5,6,5,7,1,0,0,0,30,3,5,10,8,10,0,5,6,
1581073978.244886765,13,69,31,124,113,105,106,94,77,79,83,63,51,55,36,5,0,11,14,9,7,12,14,41,49,28,3,5,6,4,6,0,0,1,1,31,2,5,10,7,9,0,5,5,
1581073978.254884845,13,69,30,35,15,9,19,24,37,26,18,22,45,59,81,97,102,103,122,133,132,158,178,166,158,27,4,3,6,4,7,0,0,1,0,28,2,5,9,6,9,0,4,6,
1581073978.264851945,13,70,27,163,164,177,169,183,193,176,167,159,164,154,158,168,183,177,164,145,124,128,130,130,127,26,2,4,7,3,8,1,0,1,0,25,2,5,8,6,7,1,4,5,
1581073978.274816384,13,70,26,137,147,158,150,126,131,141,162,171,167,169,162,154,147,165,149,138,147,155,126,118,98,26,3,5,7,3,6,0,0,1,0,24,3,4,8,6,8,0,5,5,
1581073978.284931933,12,71,26,97,106,124,117,114,130,141,119,114,106,102,92,108,90,93,91,73,70,93,89,72,79,23,3,3,6,4,6,1,0,1,0,24,2,2,7,5,7,0,4,5,
1581073978.294869318,13,71,27,105,97,91,85,81,60,39,35,33,19,15,0,13,26,42,43,52,44,63,86,84,71,25,4,4,6,4,7,1,0,0,0,23,1,3,7,6,7,0,5,5,
1581073978.304853627,13,71,27,74,54,57,65,66,33,23,24,36,33,25,13,19,23,25,52,62,43,21,49,68,47,24,4,3,5,3,6,1,1,0,0,28,4,4,8,6,8,0,4,5,
1581073978.314884192,13,71,26,38,56,53,40,42,57,35,7,0,3,21,47,29,23,29,57,63,63,74,79,54,48,24,3,2,4,3,6,1,0,1,0,25,1,3,6,5,8,0,5,4,
1581073978.324881618,13,71,27,66,48,19,18,38,25,1,6,8,4,10,14,0,12,23,12,15,17,4,6,17,45,24,4,4,6,4,8,1,0,0,1,24,1,3,7,6,7,0,3,5,
1581073978.334831835,13,70,26,42,54,58,41,52,81,85,78,63,66,74,86,98,69,66,68,55,30,29,24,10,26,23,4,3,6,4,7,0,0,0,0,27,3,4,8,6,8,0,5,4,
1581073978.344841781,13,71,26,24,25,29,58,48,42,22,15,14,8,6,27,63,72,74,93,107,112,105,105,104,88,22,2,5,6,2,6,1,1,0,0,31,3,5,10,8,9,0,4,6,
1581073978.354845445,13,71,26,77,97,90,78,81,93,79,63,36,7,0,9,12,18,19,23,9,0,0,20,21,18,17,2,4,3,3,4,0,0,1,0,32,5,6,10,7,8,0,3,5,
1581073978.364867465,13,71,25,27,39,63,69,70,87,101,97,111,116,103,76,66,77,68,47,25,23,16,14,10,12,17,2,2,3,1,4,1,0,0,0,34,3,6,10,6,9,0,5,4,
1581073978.374835853,13,72,24,6,11,23,16,2,10,13,10,23,32,56,55,60,79,110,122,121,124,123,105,96,102,15,1,2,2,2,3,0,1,0,0,33,4,5,11,7,10,0,4,4,
1581073978.384880306,13,72,26,88,63,40,31,20,16,0,1,31,73,60,51,65,67,59,54,61,69,88,93,83,55,14,2,4,2,1,2,0,0,0,0,32,3,5,9,6,10,0,2,4,
1581073978.394883852,13,72,25,45,31,47,54,38,13,3,2,6,9,27,21,0,3,1,10,26,25,24,19,20,18,19,2,3,4,3,6,0,0,0,0,29,3,5,9,6,7,1,4,6,
1581073978.404898069,13,71,25,42,60,57,36,47,46,30,10,0,4,18,1,0,0,25,38,56,69,76,68,72,80,22,3,4,5,3,6,0,0,0,0,24,2,4,7,6,6,0,4,6,
1581073978.414946688,13,71,24,101,95,85,104,109,87,65,50,60,57,56,59,47,4,23,3,9,13,27,34,29,36,21,2,2,4,3,6,0,0,1,0,26,3,3,8,6,8,0,4,5,
1581073978.424870071,13,73,23,52,60,43,17,29,73,83,82,80,87,84,85,105,91,56,39,55,61,51,41,34,9,19,4,3,5,2,5,0,0,0,0,25,2,4,7,6,7,0,5,6,
1581073978.434858164,13,72,24,11,29,22,9,10,2,12,7,6,11,18,40,29,12,9,7,7,14,15,16,27,33,20,3,3,4,3,4,1,0,0,0,26,3,4,10,6,9,0,3,6,
1581073978.444889986,13,72,23,34,46,48,59,47,52,65,69,81,70,64,50,45,57,53,28,26,50,64,62,42,46,16,1,3,1,2,3,1,0,0,0,30,3,6,10,6,10,0,3,3,
1581073978.454893914,12,75,21,69,82,71,71,65,78,93,88,72,64,71,69,98,108,110,100,107,107,105,111,119,130,17,1,3,3,4,4,1,1,0,1,24,2,4,7,7,7,0,3,3,
1581073978.464873922,12,75,19,144,164,180,180,189,190,186,194,217,217,213,229,226,226,226,225,190,178,163,142,127,129,17,3,4,4,3,4,0,0,1,0,20,1,2,7,4,6,0,4,3,
1581073978.474825370,13,75,17,140,144,142,139,137,150,161,164,162,153,137,147,169,170,171,173,161,145,159,151,111,100,17,3,2,4,3,5,0,0,0,0,15,0,1,3,5,5,0,2,4,
1581073978.484958583,13,74,19,102,112,111,113,87,62,67,78,62,41,10,15,25,19,16,19,35,37,34,20,9,35,19,2,2,4,5,5,0,0,0,0,15,1,3,4,3,5,0,4,3,
1581073978.495000811,13,75,20,56,36,28,16,8,29,31,21,37,31,21,29,23,9,38,61,51,60,57,61,68,64,19,3,2,4,3,6,1,0,0,0,17,0,2,4,4,4,2,2,3,
1581073978.504949729,13,75,19,73,65,62,61,71,65,78,71,34,5,12,21,12,5,16,25,45,42,42,47,64,62,20,3,3,5,3,6,0,1,0,0,15,0,3,3,2,4,0,3,4,
1581073978.514935866,13,76,19,52,54,83,90,79,76,63,46,48,73,87,74,37,34,30,36,45,39,26,17,28,35,20,2,2,3,5,4,0,0,0,1,17,0,1,4,3,5,0,4,4,
1581073978.524909939,12,75,19,25,60,63,64,77,89,79,61,64,75,63,59,51,39,33,19,21,2,28,40,19,38,19,1,2,5,4,5,1,0,0,0,17,1,2,4,3,4,0,3,4,
1581073978.534937487,13,76,20,58,53,48,96,86,61,76,95,95,74,82,61,56,47,55,48,26,5,16,15,2,5,18,3,2,4,4,5,0,0,0,1,19,2,3,5,4,6,0,3,4,
1581073978.544947038,13,75,18,20,2,21,9,4,16,36,2,4,14,21,1,3,7,10,7,28,45,55,53,68,76,16,2,2,4,3,6,0,0,0,0,20,1,3,4,4,5,0,3,2,
1581073978.554945429,12,75,16,82,86,105,113,102,84,81,83,87,93,75,66,72,82,59,49,52,84,92,97,84,69,17,2,2,5,4,5,0,1,0,0,17,2,2,5,2,4,0,3,3,
1581073978.564962242,12,75,16,59,71,84,76,71,63,67,69,80,90,97,77,85,88,79,55,53,60,57,43,34,25,16,2,2,3,3,4,0,0,0,0,22,3,4,6,4,6,0,4,2,
1581073978.574965976,13,75,18,6,18,35,22,9,0,6,16,10,14,29,24,17,34,25,19,27,19,17,17,1,6,12,2,1,0,1,3,0,0,0,1,21,1,3,8,5,6,0,4,3,
1581073978.584904321,12,76,20,39,47,41,57,80,68,69,91,106,113,124,132,149,136,121,134,144,127,108,95,94,99,14,2,1,2,3,4,1,0,1,1,18,2,3,8,3,6,0,3,4,
1581073978.594895117,12,76,20,110,110,89,75,76,82,74,82,74,83,86,96,93,90,89,91,99,110,114,111,104,111,18,2,2,3,4,5,0,0,2,0,17,0,2,5,4,6,0,4,3,
1581073978.604901681,12,75,21,122,128,132,135,129,116,99,103,103,100,75,86,79,55,54,77,86,85,76,72,67,57,20,3,2,4,3,5,0,0,2,1,16,1,1,4,4,5,1,3,4,
1581073978.614977498,12,76,20,57,63,56,42,44,54,28,7,16,10,21,15,0,19,31,25,21,29,26,39,49,39,22,4,3,5,4,6,1,0,0,0,13,0,2,5,3,5,0,4,4,
1581073978.624972429,13,77,18,32,40,45,49,43,41,38,38,57,51,42,37,46,53,75,84,81,81,81,96,94,93,23,2,3,5,5,6,1,1,2,0,13,1,1,4,3,5,0,4,2,
1581073978.634874196,12,76,17,96,101,104,117,102,115,111,140,161,176,152,135,133,135,133,126,133,120,102,103,119,107,18,4,2,4,3,5,1,0,0,1,15,1,2,6,3,6,0,5,2,
1581073978.644982468,12,76,14,132,155,142,128,137,138,145,175,181,167,167,171,191,208,215,215,208,211,223,227,225,222,16,2,3,4,3,4,0,0,0,0,17,1,2,5,3,5,1,2,3,
1581073978.654869603,12,77,14,229,232,217,199,186,168,157,162,172,167,130,105,116,123,114,102,98,102,97,112,113,114,11,1,2,1,3,2,0,0,1,0,18,2,4,6,4,6,1,2,3,
1581073978.664858777,13,77,14,125,149,175,175,153,133,134,136,129,120,103,72,44,29,32,47,32,0,3,1,19,12,9,0,2,1,2,0,0,0,0,0,22,3,3,6,5,7,0,3,2,
1581073978.674899965,12,77,14,23,15,20,26,42,41,38,27,24,21,16,23,10,2,4,10,31,42,41,13,8,18,9,0,0,1,2,0,0,0,0,0,19,2,4,6,4,6,0,2,3,
1581073978.684890318,13,77,17,26,8,12,1,30,54,38,58,68,76,104,110,97,135,174,174,172,168,158,160,187,200,11,1,0,0,2,2,0,0,0,0,17,0,2,6,4,5,0,2,4,
1581073978.694950730,13,78,19,187,183,176,170,172,164,172,170,166,171,169,159,163,173,194,200,192,178,181,201,213,208,14,2,2,3,1,4,1,0,1,0,21,2,3,7,4,5,0,4,3,
1581073978.704961112,13,78,19,212,180,156,157,165,162,148,132,123,133,149,130,99,75,76,86,72,77,53,26,32,51,17,1,3,4,3,5,0,1,1,0,18,2,1,5,3,5,0,3,4,
1581073978.714964928,13,79,22,49,51,29,33,40,63,83,90,92,110,133,137,144,149,156,159,153,141,148,145,145,146,17,2,1,3,3,3,0,0,0,0,20,1,3,5,5,6,0,4,4,
1581073978.724970750,13,79,21,154,145,122,132,130,138,138,139,127,120,136,136,127,115,114,115,117,115,105,78,86,93,18,1,2,3,4,5,0,0,0,0,22,2,3,7,6,7,1,3,4,
1581073978.734887698,12,80,19,109,95,73,54,56,47,29,19,3,10,27,27,45,73,77,89,102,88,104,136,130,118,17,0,3,2,2,3,0,0,0,0,27,3,3,9,6,7,0,4,4,
1581073978.744880051,12,80,17,106,125,118,126,127,143,142,136,140,164,181,169,190,190,195,195,219,218,203,202,224,229,13,0,2,1,3,3,0,1,0,0,24,3,3,7,4,7,0,2,2,
1581073978.754930070,12,81,16,202,207,205,217,212,243,238,205,160,161,182,169,170,164,159,134,142,151,143,142,146,131,13,1,2,2,2,3,0,0,1,1,19,3,3,6,4,7,0,2,4,
1581073978.764902894,12,81,16,126,142,135,123,113,121,119,117,130,143,122,107,104,99,81,90,84,65,60,53,54,48,11,0,1,0,1,1,1,0,0,1,23,5,5,8,5,6,0,2,2,
1581073978.774894584,12,81,15,53,53,52,31,12,20,13,4,18,6,11,12,14,1,13,39,46,42,58,48,49,59,10,0,1,1,1,3,1,1,1,1,19,2,4,6,5,7,0,2,3,
1581073978.784908887,12,81,15,71,77,66,42,32,18,14,10,14,10,11,6,7,7,0,16,28,21,18,6,0,13,11,2,0,1,3,3,0,0,1,0,17,2,5,6,5,6,0,2,2,
1581073978.794915567,12,81,15,26,34,26,4,2,26,31,26,33,34,14,7,11,22,14,21,26,34,28,7,1,4,11,1,3,2,2,2,0,0,0,0,20,3,4,7,3,6,0,3,3,
1581073978.804983942,12,81,17,26,32,27,25,65,85,99,103,91,48,42,54,42,15,14,19,2,11,20,31,30,28,13,1,2,2,3,3,0,0,0,0,15,2,2,6,4,5,0,2,4,
1581073978.814994424,12,80,18,41,36,42,34,38,28,39,31,45,68,68,51,75,93,116,122,95,80,95,99,106,132,13,2,1,3,3,2,1,0,0,0,17,2,3,4,5,6,0,4,4,
1581073978.824986400,12,81,17,135,105,86,90,83,70,35,38,45,37,27,35,37,34,50,59,77,69,70,72,103,93,13,3,2,2,2,3,2,0,0,0,18,2,2,7,5,6,0,3,2,
1581073978.834926382,12,78,18,100,90,78,75,87,75,62,67,62,63,74,96,96,82,59,58,49,53,50,28,5,18,15,2,3,1,3,3,0,0,0,0,21,3,3,6,5,7,0,2,2,
1581073978.844936092,13,81,18,24,26,14,24,17,12,7,4,5,4,4,10,0,8,11,4,17,7,12,29,35,44,14,1,2,2,2,3,0,0,0,0,22,3,2,7,4,7,0,3,4,
1581073978.854912772,12,80,15,54,63,63,68,86,114,121,121,127,113,122,136,153,151,134,127,130,130,121,116,110,108,13,2,2,2,1,3,0,0,1,0,20,3,3,6,5,6,0,3,2,
1581073978.864931070,12,83,15,103,112,111,112,118,128,142,150,140,128,113,96,89,101,108,116,111,106,99,90,103,112,10,2,2,0,1,2,0,1,0,0,21,2,4,6,4,6,1,2,2,
1581073978.874920402,12,82,14,104,99,100,88,84,78,79,76,67,59,64,68,66,77,73,53,50,44,40,36,33,55,10,0,1,0,2,1,1,0,0,0,20,2,2,6,4,4,0,2,3,
1581073978.884924758,12,81,14,66,79,77,76,91,100,102,104,99,94,74,67,66,58,55,63,63,45,42,43,44,26,12,2,0,2,2,2,1,0,0,0,17,2,2,5,3,5,0,1,3,
1581073978.894930821,12,81,13,23,27,32,46,25,9,2,0,12,40,37,20,15,18,39,41,57,62,50,26,6,15,13,1,2,2,1,3,0,0,0,0,15,2,1,4,3,5,0,2,1,
1581073978.905008858,12,80,14,28,26,27,31,12,0,16,18,26,20,24,26,53,64,78,67,67,72,72,80,77,66,14,1,1,3,3,4,0,0,1,1,11,0,1,3,1,2,0,1,1,
1581073978.914930907,12,80,15,45,35,29,30,22,19,36,57,84,84,91,94,107,117,117,99,111,127,130,128,134,146,15,3,2,4,3,3,0,0,1,0,13,0,2,4,1,4,0,2,3,
1581073978.924899597,12,80,16,145,151,167,175,158,154,153,149,149,132,121,125,123,116,119,101,86,104,114,111,111,98,16,2,2,3,3,4,0,0,0,0,18,0,3,5,3,4,1,2,2,
1581073978.934898216,12,80,17,111,127,148,152,150,146,145,145,149,130,117,113,127,129,120,117,105,90,72,58,47,30,16,1,1,4,4,5,0,0,0,0,17,2,2,5,3,5,0,3,3,
1581073978.944925326,12,80,17,26,24,32,29,28,21,22,30,37,35,11,1,16,16,6,18,40,34,25,49,65,78,19,1,2,3,3,4,1,0,1,0,15,1,1,4,3,4,0,3,3,
1581073978.954927463,12,80,16,87,86,83,87,78,76,72,86,85,86,86,87,76,71,78,83,81,66,57,59,69,87,17,2,0,3,4,4,0,1,2,0,13,0,2,3,3,4,0,3,4,
1581073978.964917042,12,83,14,93,88,76,69,75,87,86,82,74,79,79,73,84,83,78,81,87,84,80,71,85,85,17,2,1,3,3,3,0,0,0,1,13,1,2,5,3,4,0,3,3,
1581073978.974868902,12,83,14,89,105,114,107,100,108,122,118,117,124,129,120,111,123,120,99,92,87,80,64,71,83,15,2,2,4,2,4,0,0,0,0,12,2,0,3,2,4,0,2,1,
1581073978.984867686,12,84,13,76,63,69,66,73,85,88,87,87,97,110,115,112,111,102,107,106,110,116,118,107,121,13,2,0,0,2,3,0,0,0,0,13,2,2,5,3,4,0,2,2,
1581073978.995017909,12,85,13,119,113,107,110,107,98,86,64,53,52,79,90,82,54,66,70,56,50,47,53,65,75,9,1,1,0,1,2,0,0,0,0,16,2,3,7,4,5,0,3,1,
1581073979.004976098,12,85,12,72,75,86,84,91,97,95,85,80,74,89,89,69,55,39,28,26,21,10,36,60,45,5,0,2,0,1,0,0,0,0,0,17,3,4,6,5,6,0,2,2,
1581073979.014975228,12,86,13,43,40,49,73,77,69,60,59,69,71,38,14,5,4,6,16,18,4,5,10,28,35,7,2,1,0,1,2,0,0,0,0,17,2,3,5,3,5,0,2,1,
1581073979.024941631,12,86,14,35,35,27,12,13,36,46,58,79,88,75,78,87,91,102,96,85,72,77,66,72,54,10,2,1,1,2,2,1,0,0,0,17,2,4,4,3,5,0,4,2,
1581073979.034950030,11,85,14,44,38,20,18,3,18,29,30,25,11,4,0,8,9,13,3,14,21,36,62,59,46,11,2,1,2,0,3,0,0,0,0,14,2,2,2,2,4,0,3,2,
1581073979.044929464,12,84,14,60,54,67,81,102,102,103,81,70,63,68,54,53,34,26,20,16,13,3,29,67,61,13,1,2,3,3,3,0,0,0,0,15,0,2,5,4,5,1,1,3,
1581073979.054962788,11,83,15,16,10,13,0,14,4,14,24,29,20,7,20,45,53,64,97,73,46,17,27,28,8,9,2,1,0,0,1,0,2,0,1,24,4,4,8,5,6,0,2,4,
1581073979.064961095,12,83,14,11,1,23,30,13,3,8,11,20,43,38,27,27,25,24,15,13,17,1,3,5,30,7,1,0,0,1,0,0,0,1,0,24,3,3,8,4,6,0,2,2,
1581073979.074965863,12,83,14,22,14,22,1,0,12,13,46,66,50,15,1,0,0,16,19,7,21,20,13,1,2,7,0,2,0,1,2,0,0,0,0,23,3,2,8,6,6,0,2,2,
1581073979.084961829,12,81,15,8,9,11,20,28,27,30,29,10,10,18,35,28,15,15,32,19,9,10,28,21,21,4,1,2,0,0,0,0,1,0,0,26,4,5,8,5,6,0,2,3,
1581073979.094964096,11,84,15,21,18,20,33,25,9,0,2,10,16,23,15,19,13,17,20,11,6,21,28,32,28,8,0,1,1,0,0,0,2,1,1,20,2,4,5,3,6,0,2,3,
1581073979.104928213,12,84,13,28,13,10,11,12,4,11,17,11,4,13,20,24,24,18,22,27,28,7,11,13,46,11,1,2,1,1,3,0,1,0,0,14,1,3,4,2,4,1,3,3,
1581073979.114952369,12,83,14,42,42,35,50,31,29,22,22,13,10,16,9,19,14,20,14,15,0,6,1,5,11,15,3,2,3,3,3,1,0,1,0,13,0,0,4,3,4,0,2,3,
1581073979.124931248,12,81,15,17,3,7,25,23,13,25,39,25,19,47,36,15,24,26,17,3,8,9,10,11,7,16,1,0,4,2,5,1,0,1,0,13,0,0,4,1,4,0,1,2,
1581073979.134935617,12,80,15,18,27,21,16,17,27,31,27,28,26,28,28,40,35,12,13,4,15,3,9,21,25,14,2,1,3,3,3,0,0,0,0,13,0,2,3,3,4,0,2,2,
1581073979.144964999,12,82,13,17,12,4,14,12,2,14,12,14,34,52,57,70,65,53,41,57,69,61,51,40,22,14,3,0,2,3,3,0,0,1,0,13,1,2,4,3,5,1,1,1,
1581073979.154967232,12,82,14,16,36,33,33,33,33,28,19,36,55,56,47,60,75,63,55,51,44,38,37,47,45,14,2,2,2,4,4,1,0,1,1,14,2,0,5,4,5,0,3,3,
1581073979.164987233,11,83,12,43,55,58,55,57,62,64,68,54,37,31,50,66,67,81,83,79,77,61,61,60,57,11,1,1,2,2,2,0,0,0,1,13,2,2,5,3,6,0,2,1,
1581073979.174960842,12,83,13,50,59,47,23,29,40,56,58,51,32,21,29,31,49,49,57,42,42,49,37,31,37,11,2,2,2,1,3,1,0,1,1,14,2,3,5,4,6,0,2,3,
1581073979.184909508,12,83,13,44,35,43,58,61,37,25,39,46,41,51,42,22,6,7,5,8,4,23,18,2,16,8,0,1,0,1,1,0,0,0,0,17,3,3,6,4,4,0,3,3,
1581073979.194919351,12,81,12,27,25,27,31,30,21,27,33,24,26,28,37,10,27,24,3,4,0,0,2,18,31,7,1,1,0,0,0,1,1,0,1,18,3,2,5,4,4,1,3,2,
1581073979.205031221,12,79,14,30,20,21,18,17,22,16,18,9,9,35,40,23,20,15,9,13,17,22,14,6,25,8,0,1,0,2,1,0,0,1,1,16,1,3,6,3,5,0,2,2,
1581073979.215037104,12,81,13,40,40,41,42,40,43,42,42,40,35,30,19,17,39,47,43,26,13,4,18,39,28,9,1,2,1,0,2,0,0,0,0,15,1,1,4,4,4,0,1,3,
1581073979.225025085,11,81,13,9,25,11,7,6,27,21,8,16,4,1,3,8,7,13,14,17,12,16,34,41,32,10,1,2,1,3,1,0,0,0,1,14,0,2,5,3,4,0,2,1,
1581073979.235019240,11,81,14,36,22,9,1,15,16,11,11,32,34,17,19,15,0,11,33,44,23,4,5,13,38,11,1,1,0,3,2,1,0,0,0,13,1,2,3,3,5,1,2,2,
1581073979.244935857,12,81,13,44,33,36,34,28,13,5,6,10,7,17,11,8,9,2,4,0,0,7,9,0,4,10,2,1,2,2,3,0,0,0,0,11,0,2,2,2,2,0,1,2,
1581073979.254934017,11,81,13,6,26,46,33,20,27,17,19,6,8,29,16,19,24,39,58,43,36,40,41,70,99,12,1,2,2,1,3,1,0,0,0,14,0,2,4,2,4,1,1,1,
1581073979.264959542,11,81,14,107,97,68,56,72,74,68,61,62,58,38,37,33,16,20,37,22,17,8,31,35,32,13,2,2,3,2,3,0,0,1,0,14,0,1,4,3,4,1,2,1,
1581073979.274915996,12,81,13,45,71,79,74,69,66,51,48,42,55,54,47,25,37,26,29,38,46,40,22,29,20,11,2,0,1,1,2,0,0,0,0,18,2,3,6,2,4,0,2,2,
1581073979.284933974,11,81,15,18,13,8,10,19,3,15,18,12,8,3,14,4,8,3,16,23,28,11,22,33,26,12,0,2,2,2,2,0,0,1,1,16,1,1,5,2,4,0,3,2,
1581073979.294940470,12,82,14,24,32,32,33,51,70,71,67,60,52,36,12,13,27,35,40,11,1,1,9,34,20,13,1,0,2,3,3,0,0,0,0,13,0,1,3,3,5,0,1,3,
1581073979.304946771,12,82,15,19,5,2,10,12,20,9,7,10,10,9,9,23,41,52,51,43,33,22,31,29,32,13,1,0,1,1,3,0,0,0,0,14,0,1,2,2,4,1,2,3,
1581073979.314987418,11,84,14,22,17,8,6,30,49,40,15,2,0,6,15,11,11,1,4,14,33,34,18,6,9,15,2,1,2,1,3,1,1,1,0,11,0,1,4,3,3,0,2,3,
1581073979.324971068,11,83,13,5,11,26,27,25,33,38,36,42,33,26,16,4,7,2,5,18,30,46,47,51,41,16,2,2,4,3,3,1,0,1,0,8,0,0,1,1,3,0,1,1,
1581073979.334960036,11,85,14,46,58,56,43,37,33,29,32,43,34,20,8,0,8,30,23,12,9,29,18,14,18,15,2,1,2,2,3,0,0,0,0,9,0,0,1,1,3,0,3,1,
1581073979.344984800,11,83,13,22,7,6,31,27,14,22,52,68,62,58,60,49,37,31,28,25,23,19,25,10,14,14,1,1,3,3,3,1,0,1,0,10,0,1,2,2,4,0,2,1,
1581073979.355000267,12,84,13,2,14,10,0,13,18,18,6,26,31,17,1,2,8,16,12,8,14,16,13,15,13,13,2,1,3,2,3,0,1,0,0,11,0,2,2,3,4,0,3,3,
1581073979.364933036,12,83,14,2,7,20,22,21,17,13,9,34,28,8,13,20,21,19,10,3,3,20,49,35,34,11,2,1,1,3,2,0,0,0,1,14,0,3,4,2,4,0,2,3,
1581073979.374924154,12,87,13,51,62,55,47,45,25,1,11,1,15,29,38,23,17,19,14,4,14,8,2,2,9,11,1,1,2,1,2,0,0,0,0,16,2,3,4,4,5,0,3,2,
1581073979.384941577,12,90,14,19,40,43,28,26,46,39,36,61,72,51,56,52,55,42,33,18,7,4,9,0,11,8,1,0,0,1,1,0,1,0,0,21,2,2,6,5,7,0,2,3,
1581073979.394976702,11,90,15,16,4,0,4,1,8,0,7,8,6,8,10,19,15,10,18,33,35,46,43,60,69,5,0,2,0,0,1,0,1,1,0,26,3,5,9,6,7,1,2,2,
1581073979.404978124,12,85,14,64,49,24,25,34,36,36,11,16,23,9,14,28,28,7,2,15,4,7,3,2,10,3,1,1,2,0,0,0,2,0,0,26,4,5,10,6,8,0,3,4,
1581073979.414956780,11,84,13,14,15,6,16,24,30,14,0,9,4,17,5,6,8,27,24,14,10,17,10,16,10,3,2,0,1,0,1,0,2,0,0,27,3,4,8,4,7,0,4,1,
1581073979.424965362,12,81,14,14,3,2,22,13,8,9,1,3,9,9,30,36,45,36,37,54,46,44,41,44,41,3,0,0,1,0,0,0,0,0,0,24,4,5,9,4,7,1,2,3,
1581073979.435034569,11,84,15,45,34,28,17,7,12,18,23,24,8,13,10,7,22,24,35,30,32,41,53,61,67,9,1,0,0,1,2,0,0,0,0,19,1,2,5,4,6,0,1,2,
1581073979.444957682,11,82,16,74,80,87,81,80,64,47,40,46,59,47,35,24,26,23,16,8,24,30,28,42,47,11,1,2,1,2,3,0,1,0,1,18,2,2,5,3,4,1,4,2,
1581073979.454964700,11,79,17,55,70,78,73,72,81,73,70,73,62,56,69,84,82,91,88,86,89,132,142,132,111,11,1,1,2,2,2,0,0,0,0,17,0,1,4,3,5,1,1,3,
1581073979.464948470,11,81,17,114,101,101,108,102,89,84,69,60,67,55,37,37,43,24,31,25,14,2,6,26,41,16,1,0,1,1,3,1,0,0,1,17,0,1,3,3,4,1,1,3,
1581073979.474975250,11,81,17,44,51,41,41,44,36,46,42,27,1,10,18,23,27,26,39,42,39,28,1,2,1,17,1,0,3,3,4,0,0,1,1,17,0,2,3,2,4,0,3,1,
1581073979.484977592,11,80,16,4,4,13,18,16,10,15,29,23,7,17,40,37,32,42,51,41,40,34,44,40,21,16,2,0,2,2,4,0,0,1,0,15,0,2,3,2,5,0,2,2,
1581073979.494921867,11,81,16,29,22,23,30,53,68,84,72,72,59,64,60,48,43,45,63,63,61,56,43,29,33,15,1,0,2,2,3,2,0,0,1,14,1,2,5,2,5,0,2,2,
1581073979.504953655,11,79,14,43,50,54,70,70,64,91,87,66,47,49,40,44,51,59,47,41,47,68,76,77,67,14,0,1,2,1,3,0,0,0,0,14,0,2,4,4,4,0,3,1,
1581073979.515100294,11,80,14,71,82,64,58,56,52,44,55,70,63,39,34,20,18,16,17,23,37,52,83,102,124,15,2,2,2,1,3,0,0,0,0,12,0,1,2,2,4,1,3,2,
1581073979.525013651,11,80,13,118,113,107,107,91,82,70,79,85,88,72,58,54,52,65,70,70,58,35,32,49,54,14,1,2,1,2,3,0,0,1,0,11,0,1,3,1,4,0,2,3,
1581073979.535000619,11,79,13,62,57,43,25,9,13,41,42,50,50,40,41,38,30,46,53,61,69,55,33,24,23,13,1,2,1,2,3,0,0,0,0,11,1,1,3,1,2,0,4,2,
1581073979.545000897,11,81,14,29,10,0,8,0,1,4,0,4,13,14,10,5,25,27,8,15,11,7,7,20,16,13,2,2,3,1,3,1,0,0,1,11,0,0,2,1,3,0,2,3,
1581073979.555025184,11,81,14,6,3,10,13,6,4,1,2,10,20,42,45,54,59,47,34,50,49,46,43,37,47,14,2,2,3,2,3,0,0,0,0,10,0,0,3,2,4,1,1,1,
1581073979.564959823,11,81,15,52,56,55,53,50,44,36,37,47,54,63,73,79,73,72,81,76,65,60,61,84,92,13,1,0,2,1,3,1,0,1,0,14,0,2,4,2,4,1,2,2,
1581073979.574978391,11,80,16,73,64,57,53,68,71,89,77,56,40,59,70,62,61,44,44,64,60,67,61,59,44,12,0,2,2,1,3,0,0,1,0,18,1,0,5,4,6,0,2,3,
1581073979.584968375,11,80,16,50,71,67,52,40,32,27,33,31,25,18,8,3,13,10,9,7,3,12,16,1,12,11,1,2,0,0,2,1,2,0,0,21,1,3,6,4,7,0,3,3,
1581073979.595053793,11,81,16,17,3,13,1,5,3,0,15,25,27,14,20,31,21,16,24,27,14,6,18,27,16,6,0,1,0,1,1,0,3,0,0,26,3,4,8,4,8,0,3,3,
1581073979.605017024,11,81,15,29,24,11,10,6,16,10,4,4,6,6,1,11,21,20,11,5,24,47,29,10,6,3,0,1,2,1,1,1,2,0,0,27,3,4,9,6,8,0,3,2,
1581073979.615063731,11,80,16,2,12,22,12,17,4,0,20,27,42,44,39,13,12,0,0,2,5,11,19,21,10,5,0,1,0,0,1,0,0,0,0,25,4,5,9,4,7,0,3,2,
1581073979.625027431,11,81,15,5,0,9,14,26,27,33,18,2,22,28,8,1,1,2,19,29,54,33,19,12,15,5,1,2,0,0,0,0,2,1,0,28,5,5,10,6,9,0,3,2,
1581073979.635009687,11,80,14,3,7,39,53,26,3,34,25,20,10,30,26,15,25,52,33,9,13,27,30,15,29,5,0,1,0,0,0,0,0,0,1,25,3,4,9,6,7,0,2,3,
1581073979.644963631,11,76,16,14,9,12,27,22,10,8,15,5,16,16,20,29,23,13,14,14,25,27,22,21,17,8,1,2,0,0,0,1,1,0,0,21,4,3,6,2,6,0,2,1,
1581073979.654947688,11,77,16,28,19,9,2,0,24,41,40,41,26,27,20,27,32,20,9,36,39,42,57,58,52,9,0,0,0,1,1,0,1,0,1,21,3,2,5,2,6,2,2,2,
1581073979.664996835,11,79,15,41,30,23,29,43,50,61,71,49,40,66,56,40,31,32,7,6,0,11,9,17,20,12,1,1,0,1,2,0,0,1,0,17,0,3,5,3,5,1,3,3,
1581073979.674985594,11,80,15,14,0,5,19,20,13,21,23,28,25,31,18,5,5,5,9,3,6,11,5,0,3,15,0,2,3,2,3,0,0,0,0,15,2,2,5,4,4,1,1,1,
1581073979.684988003,10,78,15,6,0,8,5,7,12,17,34,36,54,48,41,45,41,32,30,34,28,29,30,25,17,16,1,0,3,2,4,1,0,0,0,14,0,1,3,3,3,0,2,3,
1581073979.694990471,11,77,15,15,26,33,31,27,20,31,34,30,12,25,31,24,49,60,50,43,43,41,41,45,34,15,2,1,3,3,4,0,1,2,0,9,0,0,2,3,2,0,2,3,
1581073979.704984995,11,77,16,26,42,28,5,9,26,37,34,22,34,47,56,47,31,42,56,64,73,71,76,87,110,17,3,1,3,4,4,1,0,1,0,8,0,1,1,2,4,0,2,2,
1581073979.715000415,11,78,16,124,114,95,92,93,111,126,127,96,68,61,60,58,44,16,26,28,13,8,19,21,15,19,2,2,4,2,5,0,0,1,0,12,0,1,3,1,3,0,2,3,
1581073979.725073830,10,76,15,19,34,23,15,27,27,14,19,39,59,46,29,38,41,45,49,56,55,44,47,55,61,15,2,2,3,3,4,0,1,1,1,11,0,2,2,2,5,0,1,3,
1581073979.735076818,11,76,15,39,31,54,64,63,66,71,77,91,90,64,35,30,24,32,28,22,0,15,4,15,9,16,2,2,2,3,5,0,0,0,0,12,0,2,2,3,3,0,1,1,
1581073979.744947374,11,77,14,5,1,5,8,7,6,10,15,8,0,8,16,19,10,27,49,55,42,54,57,56,61,15,1,2,2,3,3,0,1,1,1,14,0,0,4,3,4,0,1,1,
1581073979.754969665,11,76,15,61,57,40,21,5,1,10,17,25,33,19,6,2,1,22,29,19,34,33,16,10,28,12,1,0,2,2,3,0,0,1,2,14,0,1,3,2,2,0,2,1,
1581073979.764967508,11,77,15,17,0,2,12,1,20,27,38,49,42,25,25,37,32,22,6,24,17,12,10,15,33,13,3,0,2,2,3,1,1,1,0,15,2,3,4,3,4,1,2,2,
1581073979.775011745,11,79,15,56,51,58,54,41,36,23,14,13,28,30,22,1,26,27,4,13,16,9,6,5,13,12,1,1,1,2,2,1,0,0,0,19,3,3,6,4,5,1,3,3,
1581073979.784994110,11,78,16,3,6,10,11,4,4,17,37,31,29,60,78,54,45,60,68,73,95,80,56,36,29,9,1,2,0,1,0,0,2,0,0,22,2,3,6,4,7,0,2,3,
1581073979.795004198,11,78,17,35,47,68,54,38,23,19,22,21,14,19,31,44,53,25,3,3,17,43,51,43,55,7,0,1,0,0,0,1,1,0,0,27,4,4,9,6,7,0,3,2,
1581073979.805000521,11,77,16,52,51,63,79,76,72,109,125,100,79,56,51,61,73,59,35,13,8,19,43,53,55,7,1,2,0,1,1,1,1,0,0,29,5,4,9,6,8,0,2,2,
1581073979.814975250,11,77,18,45,59,50,42,52,33,15,33,57,68,60,61,58,64,66,75,69,59,72,102,114,124,5,0,1,1,0,0,0,1,0,0,31,4,5,10,6,9,0,3,3,
1581073979.824976331,11,76,18,120,100,82,98,107,98,54,38,29,15,29,23,10,25,17,0,2,4,7,9,7,17,6,0,1,1,0,0,0,2,1,0,30,5,6,9,5,8,0,2,3,
1581073979.834980251,11,77,17,57,54,42,43,56,43,40,41,34,27,37,37,26,22,0,8,6,11,0,14,37,42,9,0,2,1,0,0,1,2,1,0,27,3,4,9,6,9,0,2,1,
1581073979.844949848,11,77,17,52,40,43,57,47,38,49,31,19,7,13,4,5,5,10,2,2,4,1,4,14,25,9,1,2,0,1,3,0,0,0,0,24,2,2,8,5,7,0,3,2,
1581073979.855071909,11,78,17,26,31,27,38,46,45,43,26,10,3,19,22,13,13,33,33,41,60,52,45,51,60,13,1,2,2,2,1,0,0,0,0,19,1,3,5,3,5,0,2,2,
1581073979.864982307,11,75,16,68,72,43,37,25,7,4,15,13,17,28,29,24,11,5,18,44,55,62,51,55,54,15,1,1,3,3,3,0,0,1,0,16,0,1,3,3,6,1,2,3,
1581073979.875031687,11,77,15,75,92,88,74,64,77,97,92,92,81,68,68,82,92,95,84,97,113,122,116,92,91,16,2,2,3,3,4,0,0,1,0,14,0,1,3,2,4,0,3,2,
1581073979.884984505,11,77,15,89,82,85,71,63,63,69,71,75,67,71,91,98,89,89,91,89,88,82,68,59,56,15,2,1,3,2,4,1,0,1,0,10,0,0,3,1,3,0,3,2,
1581073979.894983039,11,76,15,65,53,57,58,43,27,32,19,5,6,20,20,18,20,24,38,34,31,22,9,1,16,14,2,1,3,3,3,1,0,1,0,9,0,1,1,3,2,0,2,2,
1581073979.904981883,11,77,16,35,26,10,5,0,26,45,36,11,25,43,49,59,56,55,70,80,83,73,69,67,60,15,1,1,4,4,4,0,0,0,1,12,0,1,4,3,3,0,3,2,
1581073979.914958133,11,76,17,58,56,47,30,41,74,71,48,58,79,65,60,60,52,70,83,85,92,81,70,88,120,16,2,2,3,1,2,1,0,1,0,11,0,1,3,1,3,0,3,3,
1581073979.925080963,11,77,17,138,129,128,143,120,122,118,104,81,64,45,41,42,35,42,49,54,48,46,42,47,56,19,3,1,4,2,4,0,1,1,1,10,0,1,1,2,1,0,2,2,
1581073979.935082827,11,76,18,75,83,99,93,96,101,110,95,83,75,82,64,60,49,34,51,66,46,43,39,32,34,19,3,1,4,3,5,1,0,1,0,12,0,1,2,1,2,0,3,3,
1581073979.945009226,10,77,18,49,28,16,10,6,20,20,14,11,6,9,0,23,29,17,10,19,36,33,42,52,65,19,2,2,3,2,4,0,0,0,0,10,1,0,3,3,3,1,2,3,
1581073979.955008610,11,75,18,57,48,43,47,38,46,53,48,58,68,53,34,37,53,64,69,66,52,24,25,28,43,19,3,0,3,4,5,1,0,1,0,13,1,0,2,2,3,0,3,2,
1581073979.964996835,11,76,20,34,17,21,36,29,32,48,37,44,67,85,101,108,115,109,130,148,138,114,95,80,83,18,1,0,3,3,3,0,1,1,0,18,1,3,5,2,5,0,4,4,
1581073979.974998156,11,76,19,83,78,73,57,39,26,29,23,9,16,16,0,17,34,36,26,27,10,5,11,13,9,17,2,2,3,3,4,0,0,0,1,19,0,3,6,4,6,0,2,2,
1581073979.984975583,11,76,18,18,13,23,26,42,33,25,18,19,9,2,11,23,33,25,4,1,23,40,36,37,36,15,1,0,2,0,3,0,0,0,0,20,0,2,6,5,6,0,2,2,
1581073979.994992125,10,77,17,34,38,48,51,68,44,35,47,49,28,22,17,5,10,20,6,8,10,6,11,14,9,14,2,2,1,2,3,0,0,0,0,23,3,2,7,3,6,1,3,3,
1581073980.005148677,11,75,19,15,14,5,10,16,4,0,1,23,35,44,32,26,17,36,36,33,19,10,10,4,3,11,0,2,2,2,2,1,2,0,0,26,3,4,8,4,8,0,2,2,
1581073980.015057007,11,74,19,1,3,3,17,10,2,6,5,11,13,0,15,17,20,5,1,0,3,5,1,8,14,10,1,1,0,0,0,0,3,0,0,29,5,4,8,4,8,0,4,4,
1581073980.025047681,11,72,18,20,4,25,41,36,32,29,24,35,29,33,26,11,8,3,0,6,19,33,34,26,27,8,0,2,0,0,1,0,0,0,0,28,3,4,8,6,8,0,3,2,
1581073980.035052892,10,72,17,22,15,27,31,37,29,39,38,35,41,52,59,69,68,71,84,70,60,58,67,71,59,8,0,2,0,1,0,0,2,0,0,26,3,5,9,6,7,0,4,2,
1581073980.045040384,11,73,15,42,46,40,41,44,50,56,58,54,51,40,52,63,69,74,78,101,105,118,112,97,82,8,1,2,0,0,0,0,1,0,0,26,3,2,8,6,8,0,4,4,
1581073980.055079345,11,73,16,74,59,58,64,71,73,54,41,44,55,66,82,76,70,61,42,42,60,71,63,34,17,9,0,1,0,0,2,1,1,0,0,21,3,3,8,5,7,0,3,2,
1581073980.065040361,11,72,16,26,25,22,38,43,23,7,0,2,26,16,15,18,26,8,22,24,7,2,7,9,13,9,1,2,0,0,1,1,0,0,0,21,3,4,7,3,6,0,3,3,
1581073980.075058354,11,71,18,31,53,44,43,53,47,30,50,49,40,48,78,76,74,77,67,59,69,84,87,52,39,11,1,2,1,1,1,0,1,0,0,23,2,3,7,4,5,0,2,2,
1581073980.085047496,11,69,18,31,42,38,35,34,38,35,42,54,39,24,20,31,41,47,39,25,27,50,65,64,48,11,0,1,0,0,1,0,0,0,0,23,2,4,7,5,8,0,2,2,
1581073980.095050784,11,70,17,56,32,29,28,18,4,4,12,24,25,4,2,2,15,26,25,25,12,6,12,9,16,11,1,2,1,2,1,0,0,0,0,21,1,2,5,3,7,0,3,4,
1581073980.105059629,11,70,17,19,16,27,30,44,44,24,13,23,30,38,42,34,20,20,15,13,21,16,13,26,25,13,1,2,1,1,2,0,0,1,1,20,2,3,5,4,6,0,2,2,
1581073980.115078272,11,70,18,28,21,23,3,19,23,5,16,13,3,21,2,0,10,12,19,16,9,2,3,3,11,14,1,2,2,2,1,0,2,1,0,19,1,4,7,5,6,0,2,3,
1581073980.125004602,9,70,16,12,18,17,2,18,11,17,25,40,57,60,71,63,42,30,37,50,48,46,41,24,8,13,1,0,1,2,2,1,1,1,1,17,1,2,4,3,4,0,2,2,
1581073980.135034159,11,72,17,16,21,30,8,0,10,23,34,45,37,25,29,44,51,43,37,30,32,35,37,38,8,16,0,1,3,2,2,1,0,0,0,14,0,1,4,2,4,0,3,2,
1581073980.145032387,10,72,17,0,7,24,28,35,28,24,29,39,58,53,34,23,31,27,15,4,5,0,2,0,15,15,2,1,2,2,2,0,1,1,1,17,1,2,3,3,5,1,4,3,
1581073980.155023753,11,73,17,21,19,15,9,0,9,5,4,14,0,2,0,6,5,0,0,11,19,18,17,23,22,13,1,1,2,1,2,0,0,1,0,19,1,2,4,3,4,0,2,1,
1581073980.164985930,9,71,18,21,30,48,40,34,41,68,71,82,88,83,81,76,80,86,77,73,63,56,48,30,20,15,1,1,1,3,4,0,0,0,0,18,0,1,4,3,5,1,2,2,
1581073980.175006812,10,70,19,23,29,29,39,54,61,48,60,56,69,79,87,77,73,65,64,75,88,97,94,81,73,16,1,1,0,2,2,0,1,0,0,20,2,3,7,4,6,0,1,3,
1581073980.185002723,11,70,20,79,64,64,77,83,59,41,39,43,34,36,38,33,29,30,10,20,21,12,19,34,25,14,1,2,2,3,2,1,0,1,1,21,2,3,6,4,6,0,3,3,
1581073980.195003684,11,69,19,22,13,15,8,11,16,31,36,35,28,37,39,27,19,15,9,13,13,7,21,34,44,16,2,2,3,2,3,0,1,0,0,20,1,2,7,4,5,0,2,2,
1581073980.205120785,11,69,18,56,36,46,63,67,49,44,43,43,47,42,38,32,40,51,51,53,49,41,39,37,35,15,3,2,4,2,3,1,1,1,0,17,2,2,5,4,6,0,1,4,
1581073980.215082794,10,71,17,51,53,46,45,48,55,69,69,68,62,48,67,80,74,76,89,102,82,83,105,75,40,14,1,2,1,1,2,0,0,0,0,20,2,4,6,4,7,0,3,2,
1581073980.225098031,10,69,16,37,55,69,56,53,47,33,26,53,53,36,40,63,63,76,86,95,96,89,91,98,110,12,1,2,2,1,3,1,2,0,0,19,3,3,6,3,6,0,0,3,
1581073980.235047097,11,68,16,110,100,91,103,113,105,110,113,91,54,50,62,80,82,85,70,59,73,79,73,68,65,11,0,2,1,1,2,1,1,1,0,17,2,2,4,3,5,0,2,3,
1581073980.245041691,9,69,15,60,64,83,100,115,96,103,108,115,97,94,101,91,79,75,63,29,26,29,29,31,42,11,1,1,1,1,2,0,1,0,0,20,1,2,5,4,7,0,3,3,
1581073980.255035983,10,67,14,44,47,31,25,38,37,26,17,17,15,17,23,29,41,40,44,46,40,30,32,41,26,7,1,1,0,1,1,1,0,0,0,20,3,3,7,4,7,0,4,4,
1581073980.265036870,11,67,16,13,13,5,1,11,14,0,3,5,3,1,3,5,14,2,4,0,11,5,12,16,27,8,0,1,0,1,1,0,1,0,0,19,2,3,5,4,6,1,3,1,
1581073980.275063503,10,66,16,37,46,35,43,56,38,14,13,19,30,37,32,22,25,29,46,56,52,40,9,3,27,10,1,1,0,0,2,1,0,1,0,19,2,2,6,4,6,0,2,3,
1581073980.285059191,10,67,16,41,38,29,36,39,44,60,64,59,50,48,57,48,53,69,67,50,48,39,30,33,32,11,1,2,0,1,3,0,2,0,0,17,1,2,5,3,5,1,2,3,
1581073980.295063206,10,67,17,36,27,13,39,32,12,13,20,3,6,11,18,4,4,0,2,6,10,12,0,18,21,14,1,1,1,2,3,1,0,0,0,14,0,2,5,4,5,1,2,3,
1581073980.305065394,10,67,15,23,18,25,22,24,23,23,32,56,46,48,57,51,44,50,48,41,38,41,53,41,38,13,0,0,3,1,3,1,2,0,0,16,1,2,5,5,5,0,2,2,
1581073980.315141896,11,67,15,16,9,20,34,35,36,36,39,34,27,26,11,13,23,27,32,39,34,29,39,63,72,10,1,2,0,1,1,0,0,0,0,19,2,3,6,5,6,1,2,2,
1581073980.325074977,10,67,16,50,40,29,18,3,0,0,14,29,28,10,14,26,32,42,30,18,24,37,38,53,38,9,0,2,0,2,2,1,1,0,0,19,1,2,5,3,6,0,2,2,
1581073980.335041608,9,66,16,30,21,24,27,28,20,13,19,27,24,28,13,5,10,24,31,24,30,43,47,51,45,11,2,1,1,2,1,2,2,0,0,22,3,3,7,4,6,0,2,1,
1581073980.345010372,11,65,16,43,46,49,63,74,56,39,29,25,23,20,20,6,17,4,14,19,27,28,27,25,23,8,0,0,0,1,0,0,2,0,0,25,3,4,6,6,6,0,3,2,
1581073980.355003321,11,65,17,8,10,7,14,27,16,8,18,21,40,34,36,31,29,44,51,48,37,34,40,52,59,8,0,2,0,1,1,0,0,0,0,24,2,2,7,3,6,1,2,4,
1581073980.364991970,10,63,16,52,33,34,45,37,40,27,11,8,8,0,8,13,7,11,25,38,34,20,17,31,35,10,1,1,0,0,0,0,2,1,0,23,3,3,6,6,6,0,2,3,
1581073980.375001123,10,64,16,38,42,45,54,62,64,39,23,19,21,37,44,33,7,26,42,38,30,18,20,23,25,11,0,0,0,2,1,0,1,0,0,21,1,4,7,5,6,0,3,4,
1581073980.385048121,11,65,15,23,21,30,21,16,22,21,19,17,17,23,1,1,9,27,36,43,55,60,57,58,67,11,0,1,2,2,2,1,0,0,1,19,2,3,6,4,4,0,2,3,
1581073980.395009310,9,66,15,68,79,90,80,77,77,76,59,68,83,64,55,67,74,57,59,73,90,93,100,102,90,13,0,2,3,1,3,1,0,0,1,16,0,3,3,3,5,1,2,3,
1581073980.405030691,11,64,14,82,88,90,81,91,91,96,107,112,107,110,106,112,111,111,113,105,106,109,112,119,125,13,1,1,1,2,3,1,0,1,0,14,2,1,5,3,4,0,2,2,
1581073980.415055146,10,64,13,121,97,99,110,102,94,89,77,86,90,93,95,97,89,75,82,88,97,113,110,104,111,11,1,2,2,3,1,0,0,1,0,13,0,2,4,3,5,0,1,2,
1581073980.425098202,10,64,13,120,124,115,120,130,131,108,98,96,90,80,94,92,89,88,78,68,45,31,18,22,27,11,1,0,1,2,3,1,0,1,0,9,1,1,2,2,5,0,1,1,
1581073980.435059862,10,64,12,45,53,34,24,25,10,4,5,14,15,12,8,10,13,11,8,11,9,6,2,6,0,11,2,0,1,2,2,0,1,0,0,11,0,1,3,3,3,1,2,1,
1581073980.445062826,10,66,13,9,15,15,17,29,38,44,48,48,43,34,23,27,25,32,43,49,59,69,67,83,95,11,2,0,2,3,2,2,2,1,0,14,1,2,5,3,5,0,3,2,
1581073980.455073675,10,64,14,86,80,74,74,50,28,18,24,24,32,34,25,29,35,45,54,48,29,36,48,53,58,10,1,1,0,2,2,1,0,0,0,15,2,3,5,3,5,0,1,1,
1581073980.465020677,9,65,15,66,74,82,84,89,100,97,76,65,64,61,52,55,63,75,69,63,56,43,46,50,58,11,0,1,1,2,3,1,0,0,0,17,0,2,5,4,4,0,2,1,
1581073980.475067392,9,66,16,56,45,22,12,15,44,28,21,9,0,11,35,37,43,42,42,31,35,39,29,25,30,9,1,2,1,0,0,0,1,0,0,19,1,2,4,3,5,0,3,2,
1581073980.485016608,10,65,16,37,37,36,30,32,15,9,11,25,31,14,17,24,5,13,13,15,13,3,17,0,23,11,1,0,0,3,2,0,0,0,0,14,0,3,4,4,4,0,3,1,
1581073980.495076538,10,62,14,35,38,28,4,14,26,30,26,14,28,43,29,46,60,53,34,33,25,16,31,40,17,14,1,1,2,2,2,1,0,1,0,11,1,0,3,2,4,0,2,1,
1581073980.505135546,10,62,14,4,10,0,9,6,2,0,1,3,3,1,14,15,7,5,10,13,3,1,12,13,10,14,3,1,3,2,2,0,1,0,0,14,0,2,3,3,4,0,2,3,
1581073980.515088342,9,61,14,10,1,3,9,7,17,1,6,17,37,36,11,18,15,11,5,19,3,12,17,9,10,13,1,1,2,2,3,1,0,1,0,16,0,3,4,2,5,0,2,1,
1581073980.525061571,10,61,15,16,21,20,21,9,6,17,4,3,9,8,18,21,27,34,47,52,34,24,25,43,53,12,1,2,2,2,3,0,0,1,0,15,0,3,5,2,5,1,1,2,
1581073980.535098023,10,61,16,50,31,31,25,43,42,25,19,33,46,51,43,41,32,50,68,56,46,15,30,40,48,13,0,1,2,1,3,0,0,0,0,18,0,1,4,2,5,0,2,3,
1581073980.545066890,11,64,16,55,61,33,48,76,73,54,52,52,43,60,75,66,32,30,36,29,21,19,28,20,5,12,0,1,0,1,2,1,2,0,0,21,1,3,6,4,6,0,2,1,
1581073980.555148169,11,62,15,7,1,20,10,0,17,8,19,30,42,48,23,1,9,11,9,2,10,25,45,39,50,11,1,0,0,0,1,1,1,0,1,20,2,3,4,3,6,0,1,3,
1581073980.565025026,10,61,15,38,47,65,89,72,59,63,71,64,75,84,65,46,43,41,36,30,29,34,37,34,48,11,1,2,0,1,2,0,2,1,0,18,2,2,5,3,4,0,2,1,
1581073980.575143836,10,62,14,49,49,37,34,23,41,38,43,50,54,58,58,70,61,53,48,62,47,42,36,27,24,11,1,1,1,1,2,1,0,0,1,18,1,3,5,4,4,0,2,3,
1581073980.585067305,11,60,14,46,65,45,34,29,41,51,54,37,44,57,64,76,71,57,29,29,33,29,16,10,0,10,0,2,2,0,1,0,0,1,0,16,3,1,3,2,4,0,2,2,
1581073980.595069571,10,59,14,11,4,10,2,8,1,18,5,0,12,15,9,18,26,34,20,12,5,15,15,1,5,11,2,1,1,2,1,0,0,0,1,14,0,2,3,2,5,0,2,1,
1581073980.605050454,10,58,15,4,4,6,10,17,15,28,47,41,37,34,42,37,37,35,33,16,12,10,25,26,10,12,1,2,2,1,2,1,0,0,0,17,2,1,4,4,5,0,2,1,
1581073980.615075830,10,58,15,3,8,2,14,28,32,34,35,20,10,3,16,17,5,12,17,14,22,27,30,34,36,9,1,2,0,1,0,1,0,0,1,18,3,3,5,3,4,0,2,2,
1581073980.625051751,10,55,15,29,37,45,50,55,45,30,41,61,56,45,29,20,13,21,25,17,0,7,2,11,20,11,0,2,1,0,2,1,0,0,0,15,0,0,5,4,6,0,1,2,
1581073980.635025815,9,57,16,9,2,12,7,7,14,7,2,23,46,66,67,61,70,62,63,76,69,62,52,51,45,12,0,1,2,2,3,1,0,1,1,14,1,1,4,3,5,0,2,3,
1581073980.645073448,10,57,16,37,39,24,19,12,8,16,16,23,30,43,57,60,53,41,18,8,3,3,7,2,13,13,2,1,3,2,4,0,0,1,0,13,0,2,3,2,4,1,2,3,
1581073980.655076178,9,59,14,13,3,16,21,2,20,0,26,17,34,29,27,35,42,46,47,36,38,62,82,78,85,12,2,2,2,2,3,0,0,1,0,12,0,0,3,3,5,1,1,2,
1581073980.665048432,10,58,13,82,78,82,77,77,69,54,54,59,69,66,58,46,55,50,49,46,54,59,50,55,54,11,1,2,1,1,3,0,0,0,1,15,0,2,3,2,3,0,4,2,
1581073980.675064373,9,58,14,43,32,35,33,40,35,38,45,58,36,18,0,10,13,22,15,4,10,15,11,4,7,9,1,0,1,2,2,0,0,0,1,17,1,3,5,3,5,0,1,1,
1581073980.685077145,10,57,14,4,2,8,5,9,11,7,19,15,18,12,15,23,18,25,42,48,52,42,28,37,59,8,1,0,0,1,1,2,1,0,0,18,1,3,5,3,5,1,2,2,
1581073980.695101123,10,58,15,61,47,56,59,61,61,64,65,50,51,63,61,53,51,44,47,41,30,14,21,4,4,9,0,2,0,1,2,1,1,0,1,16,1,3,5,4,5,1,1,3,
1581073980.705078223,9,60,15,8,12,10,35,53,54,39,42,37,43,52,59,77,76,82,85,82,72,79,68,53,53,12,1,1,2,0,2,0,0,0,0,17,1,2,4,3,4,1,1,4,
1581073980.715154793,9,58,16,46,30,4,13,0,23,37,23,22,31,35,15,23,29,16,2,6,11,27,26,24,25,13,2,0,2,0,2,1,1,0,0,17,1,3,5,2,5,0,3,1,
1581073980.725145263,9,59,15,53,56,52,63,69,64,64,66,63,48,43,47,46,29,18,11,8,4,20,34,41,44,13,1,1,1,2,2,0,0,0,0,17,2,2,5,3,4,1,1,3,
1581073980.735082658,10,59,15,42,42,28,26,31,39,21,17,2,1,4,14,7,13,16,6,4,14,10,2,0,18,11,0,1,0,1,2,0,0,0,0,18,0,2,5,4,5,0,2,1,
1581073980.745050502,10,59,14,26,26,37,31,41,46,56,51,44,50,76,81,72,55,48,38,45,50,56,37,24,28,10,0,0,0,1,0,0,1,0,0,21,4,2,6,4,5,0,2,3,
1581073980.755080427,10,58,14,32,49,59,42,18,21,37,31,32,23,24,34,42,42,51,57,42,43,57,57,62,66,7,0,1,0,0,0,0,0,0,0,20,2,3,7,4,6,0,3,1,
1581073980.765047593,9,58,14,59,61,54,45,41,50,51,67,64,54,36,43,42,59,62,54,37,31,26,28,21,19,9,1,1,0,1,1,1,1,1,0,18,2,3,6,2,5,0,2,1,
1581073980.775056487,9,58,13,19,16,17,14,9,5,21,26,34,28,11,16,29,35,30,15,2,11,14,7,29,24,8,0,2,0,0,1,0,1,0,0,19,2,4,6,4,6,0,3,2,
1581073980.785058763,10,57,14,15,7,6,7,1,2,3,2,8,8,35,37,30,23,18,16,26,29,33,29,33,35,7,1,1,1,1,0,0,0,0,0,17,2,4,4,3,4,0,2,1,
1581073980.795049003,10,57,15,46,46,25,28,33,26,17,9,3,1,16,17,11,5,2,5,9,39,51,56,37,46,10,0,1,1,1,2,0,0,0,0,17,2,1,3,4,4,0,2,3,
1581073980.805063229,10,57,15,80,90,82,84,76,58,47,49,48,42,37,44,38,46,35,25,31,27,33,43,39,18,11,1,2,0,1,3,0,0,0,0,17,2,1,5,4,4,1,2,2,
1581073980.815127660,9,55,15,14,21,38,53,86,80,65,57,66,80,86,81,85,81,80,64,63,57,36,38,46,41,12,0,0,2,2,2,0,2,0,0,17,1,2,4,2,5,0,1,2,
1581073980.825076578,9,56,15,40,32,16,8,14,13,4,11,10,3,3,17,2,1,16,40,33,27,12,1,10,6,12,0,1,2,1,3,0,0,1,1,15,0,2,3,2,5,0,1,2,
1581073980.835125347,9,56,16,5,22,17,16,20,9,3,11,25,25,21,15,4,8,16,7,7,26,12,7,10,21,14,2,2,2,1,2,1,2,0,1,15,1,2,5,2,3,0,2,2,
1581073980.845107000,10,55,16,23,23,16,1,21,20,5,3,27,31,25,34,38,9,17,31,45,46,56,59,44,25,13,0,2,2,2,2,1,2,0,0,17,1,3,5,2,5,0,1,2,
1581073980.855114066,9,56,16,38,44,34,22,0,3,11,13,25,29,16,5,10,23,17,9,5,18,26,5,41,47,13,0,2,2,0,2,1,3,0,0,17,3,3,3,4,5,0,3,1,
1581073980.865102762,9,54,17,37,39,33,44,60,68,71,80,70,58,52,49,43,46,67,73,47,38,34,14,14,28,14,0,0,1,2,3,0,1,2,0,17,0,2,5,2,4,0,1,3,
1581073980.875099713,9,55,17,31,18,11,11,25,5,0,7,1,0,25,44,38,27,23,28,31,37,34,29,23,7,14,2,0,2,2,3,0,0,1,0,18,0,1,5,4,6,0,2,1,
1581073980.885106654,9,58,17,0,19,32,33,28,14,2,17,26,11,3,5,12,11,14,24,17,9,16,11,10,27,12,1,1,2,2,3,0,0,0,0,23,1,4,6,4,5,1,2,2,
1581073980.895128788,9,56,17,14,3,5,2,1,8,9,16,1,4,35,38,8,2,17,13,9,22,25,1,17,11,9,0,2,1,1,2,0,1,0,0,24,4,4,6,5,6,1,3,2,
1581073980.905202203,9,56,17,6,0,22,11,10,13,19,23,38,41,28,11,6,12,26,16,3,23,18,5,1,4,10,0,2,2,0,2,0,2,0,0,23,1,4,6,5,6,1,2,3,
1581073980.915154133,10,55,15,4,2,0,5,9,15,10,12,27,28,36,39,40,55,53,46,34,36,37,50,53,49,12,0,2,1,2,3,0,1,0,0,18,0,4,5,3,5,0,2,3,
1581073980.925177285,9,56,16,29,20,26,41,44,40,52,51,50,76,80,70,67,64,66,59,70,60,71,69,79,75,11,2,1,1,1,3,1,2,0,0,17,0,3,5,3,4,1,2,3,
1581073980.935109394,9,54,14,71,53,63,59,89,33,39,64,107,77,42,65,106,107,64,63,67,74,77,97,71,50,11,2,2,3,1,2,0,0,0,0,15,1,2,4,2,5,0,1,1,
1581073980.945089263,9,54,15,59,95,89,32,0,20,42,24,19,8,13,14,15,21,6,26,27,13,15,8,16,17,11,1,1,3,2,3,1,1,0,0,15,0,1,3,3,4,2,2,2,
1581073980.955099652,9,56,16,19,14,0,11,20,17,1,14,33,38,42,63,51,41,59,72,66,64,61,52,68,74,11,1,1,2,0,2,0,1,0,0,18,1,3,4,4,4,0,2,4,
1581073980.965075422,9,56,17,81,71,57,52,54,59,64,67,62,48,59,54,39,24,21,31,29,43,46,42,40,60,11,0,1,1,1,1,0,0,0,0,19,1,3,6,4,5,1,1,3,
1581073980.975154173,10,56,16,83,88,107,121,107,105,99,106,112,105,94,65,45,52,49,39,32,31,12,5,18,17,11,1,2,1,1,1,1,1,0,0,19,2,1,6,4,4,0,2,3,
1581073980.985057718,9,55,17,0,3,3,9,32,32,26,47,47,44,52,86,98,82,72,76,49,45,64,69,35,18,12,1,1,2,0,3,0,0,0,0,20,1,4,6,4,4,0,2,3,
1581073980.995059837,9,55,17,21,26,25,23,13,0,12,22,21,11,2,0,10,7,7,28,21,19,25,42,47,47,11,0,2,2,0,1,1,2,1,1,20,2,3,7,4,6,0,2,3,
1581073981.005081180,9,54,17,61,55,51,57,68,49,22,21,17,14,6,7,2,8,13,0,11,9,9,16,22,24,12,1,2,1,0,2,1,0,2,0,19,1,2,6,5,4,0,1,1,
1581073981.015115409,9,55,17,40,40,52,50,47,55,60,35,31,23,1,7,13,4,5,24,18,15,26,38,33,38,13,0,2,1,1,1,1,1,2,0,22,0,2,6,4,5,2,2,2,
1581073981.025108848,9,53,18,32,20,22,37,47,70,78,55,42,52,43,41,47,55,58,55,54,45,53,44,52,52,13,1,2,1,2,1,0,0,1,0,21,2,3,5,3,6,2,2,3,
1581073981.035092437,10,52,18,38,30,8,15,27,38,39,52,39,33,21,19,18,18,7,9,7,18,20,0,7,1,11,1,2,1,0,1,1,2,0,1,24,2,4,8,4,7,0,3,3,
1581073981.045080127,9,52,18,9,2,1,11,29,33,41,40,17,5,21,30,23,20,14,14,5,5,3,9,3,4,12,0,2,0,1,2,1,0,1,0,22,2,3,7,5,5,1,2,3,
1581073981.055116659,9,52,19,11,3,10,27,19,0,18,26,16,8,2,6,30,28,18,22,22,30,28,22,18,15,15,1,2,3,1,3,1,1,1,0,19,0,2,6,4,4,0,2,3,
1581073981.065108983,9,52,19,12,11,5,18,10,5,10,10,2,6,9,10,10,0,2,11,17,14,5,7,8,8,17,1,2,2,3,4,1,1,1,0,19,2,1,5,3,5,2,3,4,
1581073981.075120569,9,53,17,14,20,20,3,4,22,26,25,17,6,0,6,3,7,12,10,9,1,0,14,16,6,17,2,2,3,3,5,0,0,0,0,17,0,2,5,4,4,1,2,2,
1581073981.085057155,9,53,18,11,8,7,3,13,0,8,16,9,8,9,14,27,32,24,19,15,10,12,16,17,35,17,2,1,2,1,3,1,0,1,0,17,1,1,4,3,5,0,2,4,
1581073981.095130289,9,52,17,36,30,22,16,16,21,30,44,46,39,37,41,25,31,35,29,23,20,27,37,44,49,14,2,1,2,3,3,1,0,1,0,20,3,3,4,3,4,0,3,4,
1581073981.105186882,9,52,17,60,60,65,65,61,62,71,63,52,72,70,65,71,74,56,35,36,39,34,26,14,4,11,0,2,0,1,1,1,1,0,0,22,3,4,6,5,7,0,3,3,
1581073981.115133080,10,51,17,3,4,6,0,5,14,15,16,6,2,13,7,16,19,23,15,10,0,5,4,5,15,10,1,2,1,1,2,1,0,0,0,24,2,3,7,4,5,0,2,3,
1581073981.125102602,9,51,19,28,0,15,4,7,28,50,49,71,70,61,65,89,98,96,89,90,85,99,98,79,63,11,1,2,2,0,1,1,1,0,0,22,2,4,8,4,8,0,1,4,
1581073981.135112260,9,52,20,53,38,44,61,66,64,65,65,65,67,76,86,83,82,104,98,86,83,76,60,65,82,12,1,3,1,1,3,0,0,1,0,23,2,3,6,5,6,0,2,4,
1581073981.145117180,9,52,20,72,64,81,93,91,103,83,75,75,76,73,74,58,60,69,79,61,55,42,46,36,32,15,1,3,2,0,3,0,0,1,0,24,2,2,5,4,6,2,2,3,
1581073981.155100539,9,52,20,35,37,15,20,40,39,38,25,24,19,24,34,33,25,28,53,47,50,42,33,21,42,14,0,2,3,2,3,2,2,0,0,24,2,2,7,4,7,1,4,3,
1581073981.165113346,9,52,21,60,66,38,30,28,15,22,23,23,20,35,40,52,52,63,67,83,73,60,58,57,55,13,0,2,1,1,3,0,0,0,0,24,2,4,8,4,7,0,2,2,
1581073981.175154914,9,51,22,79,68,51,41,45,61,58,74,61,44,46,47,64,69,60,59,50,73,99,116,104,100,12,0,2,2,0,2,0,0,0,1,27,3,4,7,4,6,2,2,4,
1581073981.185205664,9,51,22,91,93,77,70,73,80,75,58,51,57,61,66,66,63,56,63,41,40,41,51,51,64,14,0,2,2,0,3,0,1,0,0,28,2,3,8,5,7,1,3,3,
1581073981.195130840,9,50,22,71,66,80,86,79,74,68,68,73,53,34,47,37,33,34,30,8,8,17,9,13,7,14,0,2,2,1,3,0,1,0,1,28,2,3,8,6,7,1,3,3,
1581073981.205119899,9,50,21,32,35,13,9,1,12,23,29,19,14,7,7,7,18,1,29,34,30,11,9,17,14,14,1,2,2,0,2,0,2,1,1,29,1,3,8,4,7,1,3,3,
1581073981.215069934,9,49,22,8,14,8,10,2,5,3,6,20,24,39,58,37,12,15,16,5,1,17,20,7,25,17,0,1,3,2,4,1,1,1,0,22,1,1,5,3,5,1,3,4,
1581073981.225173708,9,51,23,37,51,59,59,54,67,81,62,45,25,25,27,39,40,41,28,20,25,39,43,36,37,18,1,3,3,0,6,1,1,0,1,21,1,2,4,4,5,2,2,3,
1581073981.235177027,9,50,23,30,38,56,76,59,52,57,81,84,90,81,76,73,82,69,76,90,86,76,65,64,69,21,0,1,3,1,6,1,0,1,0,24,1,3,6,2,6,1,3,3,
1581073981.245194313,9,50,25,73,74,75,70,62,48,46,53,45,27,43,52,59,50,53,31,28,36,49,59,41,22,21,1,2,6,4,6,0,1,2,0,22,0,2,5,3,6,1,3,4,
1581073981.255189741,9,50,23,29,30,23,54,54,33,26,38,41,27,11,7,13,24,22,25,36,49,32,29,31,37,22,0,3,4,4,6,1,0,1,1,21,0,2,4,2,4,1,5,4,
1581073981.265122543,9,51,23,49,56,32,26,20,5,19,28,13,5,2,9,3,30,35,22,39,55,51,29,24,18,21,2,3,5,3,6,1,0,0,0,22,0,1,5,3,6,0,3,3,
1581073981.275089985,9,50,23,19,23,17,11,8,20,22,15,0,3,12,30,27,0,23,28,5,8,13,12,40,37,21,1,2,4,3,5,0,0,1,0,21,1,2,4,5,6,0,2,4,
1581073981.285116659,9,48,25,27,31,25,21,42,50,44,46,51,45,53,62,58,57,53,56,56,66,74,77,84,70,21,2,2,4,3,6,1,0,3,0,17,0,2,3,4,4,2,2,4,
1581073981.295096461,9,50,24,68,74,78,77,87,79,89,95,79,80,89,80,77,88,74,73,81,67,50,54,70,81,22,3,1,6,2,7,1,0,2,0,24,2,2,6,5,6,2,4,3,
1581073981.305111863,9,51,25,84,97,88,81,78,86,89,58,43,48,58,55,52,15,4,4,0,1,13,22,47,26,19,1,2,4,1,5,0,2,2,0,31,3,4,9,7,7,1,4,3,
1581073981.315085099,9,50,24,12,0,3,4,19,0,12,14,17,26,21,17,29,42,40,17,9,4,7,10,9,18,14,0,2,1,0,1,0,2,0,1,33,5,6,11,7,10,0,4,4,
1581073981.325091522,9,51,24,33,45,40,41,33,23,36,40,35,45,27,8,0,4,9,10,5,1,3,8,7,2,11,1,1,1,0,1,0,1,0,0,37,6,7,12,8,11,1,4,5,
1581073981.335148970,9,50,24,3,11,35,49,59,50,40,11,1,1,10,21,39,34,47,44,45,42,53,43,31,27,8,2,3,0,1,0,0,0,0,1,40,5,6,15,8,12,0,4,5,
1581073981.345191886,9,49,25,16,2,9,16,3,11,16,4,18,8,17,26,21,16,20,30,17,1,1,5,9,19,9,0,4,0,1,0,1,1,0,0,38,7,7,12,8,9,1,3,5,
1581073981.355199994,9,48,25,19,12,5,15,20,23,21,15,3,3,0,19,10,8,10,7,44,38,16,5,9,11,11,1,4,2,0,3,0,0,0,0,29,4,5,10,7,9,0,3,4,
1581073981.365122129,9,49,23,25,11,5,19,19,12,5,16,29,24,37,56,58,53,77,92,90,79,79,77,93,113,15,1,2,3,0,2,0,0,0,1,29,3,4,10,8,9,0,5,4,
1581073981.375158524,9,47,22,119,115,105,101,92,91,99,87,84,89,108,114,124,119,105,100,102,102,127,107,118,125,13,0,2,1,0,2,1,0,0,0,30,4,5,9,8,9,1,3,5,
1581073981.385175704,9,46,21,130,138,132,122,104,104,110,90,64,62,58,43,42,57,60,41,42,55,59,59,59,45,12,0,4,1,2,3,0,2,0,0,26,3,3,7,5,8,1,3,4,
1581073981.395125505,9,45,21,46,50,53,56,54,51,49,59,60,60,65,63,54,39,36,35,20,20,10,7,6,7,13,1,2,3,3,3,0,0,0,0,21,1,4,6,4,6,0,3,4,
1581073981.405149320,9,45,22,6,1,9,18,24,30,35,18,14,24,6,0,5,12,0,0,3,0,17,16,7,5,17,2,3,3,1,4,1,1,1,2,21,0,3,6,3,5,0,3,4,
1581073981.415127320,9,45,23,7,12,20,46,60,58,47,40,48,56,53,35,49,66,66,63,75,70,57,53,48,17,20,1,3,4,4,7,2,0,1,0,16,0,0,4,3,3,1,3,3,
1581073981.425121287,9,45,22,15,21,15,25,26,7,2,6,8,6,13,25,36,46,40,29,25,11,10,0,17,24,24,2,2,7,3,8,1,0,1,0,13,0,1,2,2,4,1,3,4,
1581073981.435157144,9,45,22,22,6,3,3,4,5,0,6,1,12,13,8,28,39,36,28,33,34,37,50,32,29,23,1,1,6,3,7,0,0,1,0,16,0,1,2,4,4,0,3,2,
1581073981.445227322,9,47,22,35,39,39,28,8,0,10,11,1,4,0,15,13,5,6,16,27,27,38,50,47,53,19,2,2,4,3,4,2,0,0,0,19,1,2,4,5,4,1,2,3,
1581073981.455155174,9,46,22,67,57,46,48,46,26,21,39,34,9,5,3,20,16,1,1,1,2,12,26,17,21,21,2,2,5,4,6,1,0,0,0,19,0,3,5,3,4,0,3,5,
1581073981.465153976,9,46,22,33,30,40,32,35,33,33,48,59,57,53,52,47,26,23,2,13,21,24,23,19,43,21,3,1,4,3,6,1,1,1,0,19,0,2,5,5,6,0,2,3,
1581073981.475110484,9,46,20,70,71,91,105,101,89,101,117,122,131,139,131,130,130,137,140,148,150,137,124,133,129,19,2,3,5,1,6,1,1,0,1,19,2,2,4,3,6,0,2,4,
1581073981.485139082,8,45,16,136,137,146,156,159,188,210,217,211,221,223,230,235,248,255,248,249,273,282,280,276,267,17,1,4,3,2,4,3,0,0,0,16,0,2,3,5,4,0,4,4,
1581073981.495195531,9,44,17,251,260,271,266,246,222,205,206,197,174,149,137,137,136,133,123,124,126,143,154,155,161,15,1,0,3,2,4,1,2,0,0,15,2,2,3,4,5,0,2,4,
1581073981.505098085,9,44,16,169,165,181,184,190,197,200,189,192,192,179,170,165,132,107,101,106,90,81,64,18,16,11,1,2,0,1,3,1,1,0,0,20,2,4,6,5,6,0,3,2,
1581073981.515215653,9,44,16,42,8,6,13,23,2,6,8,14,28,41,46,65,87,87,78,78,78,71,66,66,47,8,1,2,0,0,1,1,1,0,0,22,2,4,8,4,8,1,3,4,
1581073981.525217854,9,44,17,22,6,22,35,29,43,46,57,90,97,101,109,106,88,90,84,86,83,72,39,17,0,6,0,1,0,0,0,0,1,0,0,25,4,5,9,6,7,0,4,4,
1581073981.535165874,9,45,17,0,16,20,21,30,30,23,30,25,28,16,16,8,3,11,23,42,40,61,62,74,77,6,1,3,0,0,0,0,1,0,0,28,6,5,8,7,8,0,2,3,
1581073981.545152298,9,43,16,91,83,73,73,63,50,48,36,12,9,21,1,15,6,22,41,40,33,36,46,62,82,5,0,2,0,0,0,2,2,0,0,25,4,5,8,6,8,0,3,3,
1581073981.555130696,9,41,16,75,52,26,4,14,22,19,30,33,17,4,1,6,0,23,35,39,52,66,72,56,80,7,0,3,0,0,1,1,0,0,0,22,2,4,7,5,7,0,2,3,
1581073981.565143689,9,41,14,81,85,76,84,87,102,87,97,107,112,121,115,122,124,136,126,125,138,97,59,59,64,10,1,1,0,2,2,1,0,1,0,17,1,3,5,4,5,0,2,2,
1581073981.575142500,9,43,13,76,89,93,81,71,54,43,58,60,68,77,85,82,98,95,91,107,121,120,126,141,131,10,0,1,1,2,2,1,0,0,1,13,0,3,3,4,3,1,2,1,
1581073981.585157347,9,45,13,151,167,168,164,163,139,94,70,73,78,87,94,47,33,35,27,32,41,21,1,0,21,10,1,1,1,0,2,0,1,1,0,12,0,2,3,2,5,0,3,2,
1581073981.595135759,9,43,13,30,52,59,63,67,85,102,97,92,100,90,77,88,76,92,69,36,14,30,47,37,47,9,0,2,1,1,1,0,2,1,0,13,0,2,3,2,5,0,2,2,
1581073981.605219755,9,42,12,46,35,18,28,9,6,2,7,11,0,3,16,23,10,5,15,23,23,37,41,41,48,9,1,1,2,1,3,1,0,1,0,14,0,2,4,3,5,0,2,0,
1581073981.615233175,9,39,13,35,31,16,18,28,43,38,32,16,1,7,1,6,1,14,42,60,60,57,57,43,50,11,1,1,3,3,2,1,1,0,0,9,0,1,3,2,3,0,1,1,
1581073981.625228355,9,38,14,62,46,36,51,48,15,16,10,7,20,8,17,3,2,7,13,19,27,30,28,16,15,14,1,0,2,2,4,1,0,1,1,9,0,1,1,2,1,0,2,2,
1581073981.635224871,8,37,14,22,38,36,50,57,60,53,68,54,45,31,23,25,26,14,0,5,0,16,7,1,22,13,2,0,2,2,4,1,1,1,0,11,0,0,1,1,2,1,1,2,
1581073981.645135996,9,38,13,26,30,18,8,19,24,24,14,7,1,7,15,4,4,6,9,0,10,16,15,35,59,14,1,1,3,2,4,1,0,1,0,11,0,0,2,1,3,0,2,2,
1581073981.655106524,9,39,12,71,72,77,77,72,72,75,79,69,71,66,75,91,95,93,86,70,60,61,49,41,39,11,1,1,1,2,3,1,0,0,0,12,1,2,3,3,3,0,2,1,
1581073981.665225810,9,39,11,23,52,75,76,51,55,75,102,111,95,74,71,75,113,120,123,112,111,122,123,107,93,7,1,0,0,0,2,2,0,0,0,13,2,3,4,2,4,1,2,2,
1581073981.675229307,9,37,10,98,97,110,109,105,89,95,76,62,58,59,65,65,65,61,67,75,86,94,103,100,87,7,2,2,0,1,1,2,1,1,0,11,1,2,2,2,3,0,0,2,
1581073981.685219834,9,37,10,76,82,91,82,81,94,90,75,67,47,30,18,29,22,20,36,42,19,13,38,23,6,9,0,1,2,1,1,1,2,1,0,7,0,1,0,1,2,0,2,1,
1581073981.695156391,9,35,10,15,39,26,31,35,43,33,26,38,47,34,33,44,56,23,30,39,41,36,46,37,32,8,1,0,0,2,1,1,0,1,0,11,1,1,3,3,4,0,3,1,
1581073981.705130023,9,37,9,18,28,48,34,27,29,19,18,12,23,20,14,16,27,26,21,18,29,22,22,25,31,4,0,1,0,0,0,1,1,0,0,15,1,3,4,2,6,0,1,2,
1581073981.715156506,9,36,11,18,16,31,27,28,32,36,12,21,26,13,18,11,9,5,2,11,28,52,38,23,4,3,0,1,1,1,0,2,0,1,1,14,2,3,4,2,5,1,2,2,
1581073981.725135170,9,36,9,9,29,26,30,31,3,9,9,14,14,17,19,23,37,17,10,15,30,21,14,9,14,3,0,0,1,0,0,1,0,0,0,17,3,3,6,5,7,0,3,2,
1581073981.735161103,9,36,8,15,21,25,33,16,16,23,36,25,5,27,40,35,38,27,22,27,44,38,28,13,21,0,0,2,2,0,2,1,3,0,1,18,3,5,7,3,7,0,2,2,
1581073981.745138652,9,35,9,34,62,87,100,78,59,72,78,85,70,47,27,19,37,36,18,7,4,12,18,5,13,0,1,0,2,0,1,1,2,0,0,17,2,2,6,2,5,0,0,1,
1581073981.755164943,9,34,8,22,32,26,8,12,7,6,10,0,4,21,18,10,14,22,28,23,19,13,31,28,23,2,1,0,1,1,0,0,0,0,0,13,1,2,4,3,4,0,1,1,
1581073981.765133489,8,35,8,25,19,5,5,10,17,24,10,3,10,17,13,12,30,50,41,25,7,12,20,12,9,5,0,0,1,1,0,1,0,1,0,14,2,1,4,2,4,0,2,1,
1581073981.775149569,9,34,9,6,10,5,13,15,20,23,29,28,11,18,16,5,0,7,17,16,9,12,20,26,23,5,0,1,0,0,0,1,1,0,0,12,1,2,2,1,2,0,1,0,
1581073981.785164573,9,34,10,42,42,44,58,58,57,49,47,35,42,43,50,59,59,45,21,14,23,38,30,29,23,8,1,0,0,2,1,0,0,1,2,7,0,1,1,1,2,1,0,1,
1581073981.795148867,9,34,10,34,30,33,32,41,36,39,32,40,45,50,62,58,43,36,43,62,53,42,27,33,34,11,2,1,0,2,1,1,0,1,0,8,1,0,1,0,1,0,0,2,
1581073981.805128240,9,34,11,50,44,35,44,48,41,37,30,14,4,4,20,24,18,9,3,10,13,15,11,7,6,9,0,1,1,2,2,1,0,1,0,9,2,0,2,1,2,0,2,1,
1581073981.815143042,8,34,10,9,21,11,11,11,13,10,4,10,11,12,7,1,11,12,4,10,22,14,16,23,21,9,1,0,1,0,2,1,2,1,0,9,0,1,1,2,3,0,1,2,
1581073981.825141383,9,35,9,11,12,12,17,21,27,30,49,54,63,71,62,49,37,40,37,37,42,46,32,32,43,8,1,0,1,1,3,1,0,0,0,9,0,1,2,1,2,1,1,2,
1581073981.835149073,9,33,9,29,30,25,31,20,31,49,75,72,69,54,54,58,67,69,70,57,39,42,55,76,81,8,0,1,1,0,1,1,1,1,1,8,0,2,2,0,1,0,1,2,
1581073981.845137576,9,33,8,64,64,62,42,39,27,23,33,48,54,51,44,34,32,29,23,14,19,16,9,15,1,7,0,0,0,1,1,1,0,0,0,8,1,0,2,0,3,1,1,1,
1581073981.855181931,9,35,10,13,7,1,2,20,22,6,31,26,8,9,16,1,3,1,13,25,21,14,35,38,46,8,0,0,0,0,1,1,1,0,0,6,0,0,2,0,1,0,1,2,
1581073981.865277621,9,36,9,52,41,32,52,59,44,50,51,48,42,32,20,18,2,15,25,14,8,8,7,0,4,8,1,1,1,2,2,1,1,1,1,9,0,1,3,0,3,0,2,0,
1581073981.875191948,9,35,10,20,16,7,7,12,14,15,15,8,20,33,34,35,36,40,28,28,34,41,30,14,4,7,1,0,0,1,0,1,1,1,1,9,0,1,3,2,4,0,2,1,
1581073981.885219070,9,35,10,6,10,13,15,20,27,26,28,30,27,27,36,35,16,11,13,16,22,26,20,6,4,8,1,0,0,0,1,1,0,2,0,9,0,1,2,1,3,0,2,1,
1581073981.895277114,9,32,9,0,7,24,25,22,6,17,26,17,12,27,40,32,30,39,30,33,42,45,40,36,31,8,1,0,0,0,2,1,1,0,1,8,0,1,2,2,3,0,2,2,
1581073981.905177389,9,32,8,43,40,49,53,34,30,28,17,15,18,24,36,35,40,24,22,27,28,36,29,21,34,5,0,2,0,0,1,0,1,0,0,10,0,1,2,2,3,0,1,1,
1581073981.915187538,9,32,8,47,47,44,45,24,7,13,9,2,1,1,13,17,12,13,1,1,14,8,14,8,13,5,0,1,0,0,0,1,1,0,1,12,2,2,4,3,3,1,2,0,
1581073981.925160155,9,32,8,1,7,10,22,30,37,28,33,34,42,39,27,18,30,22,23,33,16,6,4,3,1,3,0,0,0,0,0,1,1,0,1,14,0,1,4,2,4,0,2,2,
1581073981.935156309,9,35,8,14,24,16,0,5,3,21,4,1,3,4,20,33,46,52,63,71,68,57,53,65,61,1,0,0,1,1,0,1,2,0,0,15,4,3,6,3,5,0,0,1,
1581073981.945151981,8,34,9,44,49,30,31,29,55,59,34,17,22,13,1,7,18,29,35,26,21,30,37,28,19,0,0,0,2,0,0,1,2,0,0,17,2,3,6,3,5,0,1,3,
1581073981.955160751,9,36,8,13,10,0,10,20,32,19,9,17,25,24,35,34,27,30,29,29,39,38,12,19,20,2,0,0,1,1,0,1,0,0,0,14,2,3,5,2,4,0,2,0,
1581073981.965154131,9,32,7,4,31,27,34,42,24,9,13,34,44,24,9,0,11,22,20,17,38,57,44,27,39,3,0,1,1,0,0,1,1,0,0,11,1,2,4,2,4,0,1,2,
1581073981.975179713,8,34,8,43,33,28,47,48,41,45,64,58,46,42,57,30,2,1,3,4,9,3,13,2,24,4,0,0,0,1,0,1,1,1,0,10,0,1,3,0,3,0,1,1,
1581073981.985246886,9,36,7,30,23,20,29,16,25,30,29,23,41,68,69,71,60,48,51,71,74,60,46,53,47,5,1,0,0,1,0,1,2,0,0,9,0,0,3,1,3,0,1,1,
1581073981.995196089,9,37,7,45,51,71,46,47,41,48,40,24,26,42,55,63,65,61,52,52,43,29,31,45,63,4,0,0,1,0,1,1,0,2,0,7,1,1,2,1,2,0,0,0,
1581073982.005201558,8,36,6,67,86,91,79,75,75,57,42,42,52,36,34,41,47,46,58,53,36,20,35,49,61,4,0,0,0,1,1,1,0,0,2,7,1,1,2,1,2,0,0,2,
1581073982.015267612,8,34,5,46,32,16,15,25,38,42,25,12,44,44,56,51,45,30,49,74,75,59,60,67,67,3,0,1,0,0,0,1,0,2,1,6,1,0,2,2,2,1,0,0,
1581073982.025159203,9,34,5,82,99,71,49,48,68,71,66,65,28,20,19,27,12,13,2,13,15,13,21,14,28,3,0,1,0,0,1,1,2,2,0,5,0,0,2,1,3,1,0,0,
1581073982.035170763,8,35,5,29,26,31,12,15,25,42,38,47,32,44,54,64,54,28,6,8,5,5,5,23,40,5,0,0,0,0,0,1,2,1,0,3,0,0,1,0,1,0,0,0,
1581073982.045211704,9,35,5,50,37,37,40,53,41,44,38,23,13,14,0,13,6,1,0,0,12,35,42,35,49,6,0,0,0,0,0,0,1,0,0,4,2,0,1,1,2,0,1,1,
1581073982.055259104,9,34,5,48,36,44,48,29,2,8,30,37,33,29,34,33,37,27,20,18,27,30,22,8,9,5,0,0,0,1,0,0,0,1,0,4,0,0,1,1,1,0,0,1,
1581073982.065270303,9,35,4,2,9,13,17,38,49,45,38,39,34,29,42,46,45,44,39,48,48,44,40,18,1,4,0,0,0,0,1,1,1,0,1,6,0,1,0,1,1,0,0,0,
1581073982.075263923,9,35,4,6,22,30,18,12,23,22,17,20,20,6,5,12,34,52,52,51,32,32,35,45,54,3,1,0,0,0,0,1,0,2,0,6,0,1,1,1,1,0,0,1,
1581073982.085188679,9,35,6,61,41,26,31,30,32,25,16,7,0,7,10,12,4,23,24,21,15,6,5,12,5,3,0,0,0,0,0,0,2,0,0,6,1,1,0,0,2,1,1,0,
1581073982.095167624,9,35,4,7,0,1,9,29,40,40,38,35,37,35,31,34,35,35,39,48,38,26,22,17,19,3,1,1,1,0,0,1,3,1,0,7,0,0,2,2,2,0,0,0,
1581073982.105175973,9,37,4,14,28,24,0,17,16,42,49,43,30,35,24,14,12,7,16,27,31,29,25,23,16,2,0,0,0,1,0,0,1,1,0,6,0,0,1,1,1,1,1,1,
1581073982.115172748,9,36,5,8,20,25,14,3,15,14,18,10,6,1,9,12,13,27,26,20,17,17,25,16,18,3,0,2,1,0,0,1,0,2,0,5,0,0,1,0,1,0,0,0,
1581073982.125194619,8,37,5,23,31,29,27,6,10,21,19,21,27,24,19,24,23,12,8,3,8,10,7,7,15,4,1,1,0,1,0,1,2,2,0,4,0,1,1,0,2,0,0,0,
1581073982.135214367,9,36,5,11,3,10,3,9,29,25,14,17,27,29,26,38,50,38,18,37,55,40,34,19,8,3,0,0,0,0,0,1,2,0,1,7,0,0,1,1,2,0,0,1,
1581073982.145267007,9,37,5,9,4,4,5,8,15,14,2,8,14,8,11,28,12,9,16,20,15,25,39,30,28,3,0,0,1,0,0,2,1,1,0,9,1,1,3,1,2,0,1,0,
1581073982.155210494,8,37,5,31,8,3,0,16,15,18,5,11,0,8,20,16,7,1,5,22,27,30,30,23,29,2,0,0,0,0,0,1,0,0,0,10,0,0,3,1,3,0,1,1,
1581073982.165169171,9,35,5,44,37,27,20,24,23,26,33,44,42,36,45,47,43,43,54,59,39,25,19,14,16,0,1,0,3,1,1,1,1,0,0,10,0,3,3,1,4,0,0,0,
1581073982.175200824,9,34,4,27,36,36,59,68,61,58,48,59,60,57,54,58,59,61,69,62,58,46,52,67,67,1,1,0,1,0,0,2,2,0,0,8,0,1,2,1,3,0,0,0,
1581073982.185199435,8,36,4,34,45,59,62,79,90,75,56,55,53,60,56,49,45,39,39,42,57,59,58,56,52,1,0,0,1,0,0,1,1,1,1,4,1,0,1,1,1,0,1,0,
1581073982.195260512,9,35,3,45,39,44,61,49,44,65,57,52,64,65,55,60,52,53,51,49,53,70,55,49,56,1,0,0,0,0,0,1,0,0,0,4,0,0,0,0,1,0,1,0,
1581073982.205267503,9,36,2,54,51,46,47,24,16,2,3,7,24,21,30,30,39,48,25,19,33,46,50,59,49,1,0,0,0,1,0,1,2,1,0,2,0,0,0,1,2,0,0,0,
1581073982.215273983,9,38,4,28,30,51,39,11,1,7,4,1,1,14,20,17,11,2,18,32,40,43,39,37,48,1,0,0,0,0,0,1,2,1,1,4,0,2,2,0,1,0,0,1,
1581073982.225265993,9,37,3,54,57,36,18,25,32,26,24,10,3,24,6,11,4,5,12,12,0,16,5,7,12,1,0,0,1,0,1,0,2,0,1,7,0,1,2,1,2,0,1,0,
1581073982.235210864,9,35,4,3,11,24,49,59,64,62,72,71,72,67,68,64,50,40,40,24,26,7,7,0,1,0,0,0,2,0,0,1,1,0,1,8,0,0,2,0,3,1,1,0,
1581073982.245182051,9,37,4,3,2,8,3,12,14,6,9,5,9,19,28,33,37,38,31,29,25,34,53,61,72,1,0,1,1,0,1,1,0,1,0,5,0,1,1,0,0,0,0,1,
1581073982.255177918,8,36,3,79,70,46,34,31,16,4,7,9,4,5,21,39,43,39,35,27,13,16,14,12,6,1,0,0,0,0,0,1,3,0,1,4,0,0,1,0,2,0,0,0,
1581073982.265171354,9,35,4,15,1,1,0,8,10,18,17,0,14,32,37,48,43,23,7,8,12,1,7,19,40,2,1,0,1,0,0,0,2,0,1,4,0,0,2,0,2,0,0,0,
1581073982.275210313,9,36,3,38,44,55,66,63,63,71,76,73,83,92,80,54,43,25,17,29,23,15,6,0,13,2,0,0,2,0,0,1,2,0,0,4,0,0,1,0,1,0,1,0,
1581073982.285232961,9,38,2,2,12,4,6,7,20,29,21,22,39,61,69,72,71,75,75,91,93,91,102,113,104,1,0,0,2,0,0,1,2,0,0,3,0,0,2,1,1,0,0,0,
1581073982.295324325,8,37,3,89,81,72,59,29,30,11,4,4,7,25,23,20,40,46,29,18,29,33,33,20,9,1,0,0,2,0,0,0,1,0,1,3,0,1,1,0,2,1,1,0,
1581073982.305340307,8,38,3,3,13,9,11,18,16,29,32,28,20,23,13,14,14,0,24,50,70,69,72,75,74,1,0,0,2,0,1,0,1,0,0,4,0,0,2,0,0,0,0,1,
1581073982.315290353,9,37,4,93,99,96,86,70,71,94,87,65,55,34,16,17,20,24,6,26,19,1,22,21,0,2,0,0,0,0,0,0,1,0,1,2,0,0,1,0,1,0,1,0,
1581073982.325193642,9,38,3,8,11,2,26,22,30,33,48,57,57,53,63,46,44,46,47,35,12,2,6,10,2,3,1,0,0,0,0,1,1,2,1,3,0,0,1,0,1,0,0,1,
1581073982.335160735,9,36,3,1,4,19,35,41,48,48,44,45,44,40,28,26,14,12,24,36,31,30,23,39,30,1,0,1,0,0,1,0,2,1,0,4,0,1,2,0,1,0,0,0,
1581073982.345182406,8,37,2,16,23,19,17,10,16,26,36,36,27,31,46,42,37,39,38,38,45,51,48,42,52,0,0,0,1,0,1,1,1,0,0,3,1,0,1,0,2,0,0,0,
1581073982.355217927,9,37,2,53,66,81,87,58,50,55,62,63,59,49,37,34,21,27,18,22,22,26,25,33,17,1,0,0,0,0,0,0,0,0,1,4,0,0,0,0,0,0,0,0,
1581073982.365218521,9,37,2,35,41,36,48,44,34,37,36,38,35,44,56,48,56,47,45,50,60,48,40,30,42,0,0,0,0,0,1,1,1,1,0,3,0,1,1,0,1,0,0,1,
1581073982.375252287,8,36,2,37,51,57,45,48,45,40,39,36,37,46,40,50,52,46,33,15,4,8,24,12,0,0,0,0,1,1,1,1,2,0,0,2,0,1,1,0,0,0,0,0,
1581073982.385204518,8,36,1,11,25,20,9,1,35,45,29,13,16,35,38,25,24,14,5,14,15,23,13,7,10,0,0,0,2,0,0,1,0,0,0,2,0,1,1,0,2,0,0,0,
1581073982.395263924,9,37,2,22,32,31,42,56,57,46,57,68,67,64,68,58,50,49,45,35,32,26,20,23,18,1,1,1,1,1,2,1,2,1,1,3,0,0,1,0,2,0,1,0,
1581073982.405249176,8,39,2,21,0,2,17,22,21,16,8,5,6,16,9,16,25,39,51,56,49,53,53,66,78,1,0,1,0,0,0,1,1,1,0,2,0,0,0,0,0,1,1,0,
1581073982.415302155,9,40,2,87,97,92,95,87,79,67,48,35,29,29,31,10,12,5,3,23,12,17,14,4,5,3,1,0,0,0,0,2,1,1,1,1,1,1,0,0,1,1,0,0,
1581073982.425227076,9,39,3,1,9,6,7,14,29,34,40,38,21,18,19,18,17,12,7,6,3,2,17,23,30,2,0,0,2,0,0,0,2,0,0,5,0,0,2,1,1,0,0,0,
1581073982.435266341,9,39,2,34,39,40,45,47,50,44,39,38,41,50,48,30,13,13,25,30,34,33,19,21,38,1,0,0,2,0,0,0,1,0,1,4,0,0,2,0,1,1,0,0,
1581073982.445281442,8,40,1,46,25,22,21,1,5,6,5,3,3,29,40,40,45,30,15,14,43,46,32,39,61,0,0,1,0,0,1,1,1,0,1,2,0,1,1,0,1,0,0,0,
1581073982.455289901,9,38,2,64,69,73,67,29,22,54,60,53,35,32,33,30,36,27,23,31,21,18,28,28,24,1,1,0,1,0,0,1,1,0,0,2,0,1,0,0,1,0,0,1,
1581073982.465193123,9,37,0,32,47,52,51,49,49,48,59,51,41,42,59,64,82,80,62,48,52,64,59,61,48,1,0,0,0,0,1,1,2,0,0,2,0,0,1,0,1,0,1,1,
1581073982.475196538,9,39,0,23,22,31,43,37,24,18,22,33,26,26,23,7,12,37,23,11,15,26,33,44,48,1,1,1,1,1,1,1,0,1,1,0,0,0,0,1,1,0,0,1,
1581073982.485222520,9,38,1,27,0,12,16,21,15,29,23,18,14,22,19,2,5,9,21,36,21,3,17,26,40,0,0,1,0,0,0,2,1,0,1,1,0,0,0,0,0,0,0,0,
1581073982.495225666,9,39,2,57,53,40,38,52,55,43,49,31,15,15,23,35,27,9,0,0,8,21,25,30,20,0,0,1,2,0,0,2,2,1,1,3,0,0,0,0,2,0,0,1,
1581073982.505209015,9,39,2,30,47,53,40,51,52,51,56,65,53,46,52,42,35,42,41,44,46,37,33,23,14,0,0,0,0,0,0,1,2,1,0,2,0,0,0,0,1,0,0,0,
1581073982.515234362,9,39,1,11,19,11,1,12,7,10,13,1,4,3,2,3,15,3,7,11,18,16,11,7,3,0,0,0,1,1,1,1,1,0,0,1,0,1,1,0,0,0,0,0,
1581073982.525229329,8,39,2,8,14,20,9,1,2,8,8,6,3,14,21,28,37,46,43,35,38,36,29,15,27,0,0,0,1,1,1,2,0,0,0,2,0,0,0,0,0,0,0,0,
1581073982.535198166,9,39,1,17,5,7,22,17,8,17,21,17,21,13,7,14,18,27,36,44,22,11,11,19,20,0,1,0,1,0,0,1,1,1,0,1,0,0,0,0,1,0,0,0,
1581073982.545310330,9,39,0,12,19,28,32,29,46,55,50,35,38,44,21,13,26,28,20,37,48,43,31,33,36,0,1,0,1,0,0,0,2,1,0,2,0,0,0,0,0,0,0,0,
1581073982.555314825,8,40,1,28,30,37,9,0,14,13,10,0,20,15,10,23,27,34,39,54,58,47,33,39,44,0,0,2,2,0,0,1,1,0,1,1,0,0,0,0,1,2,0,1,
1581073982.565310641,9,39,1,57,57,43,35,36,36,39,45,33,10,2,2,3,15,21,24,16,9,14,9,12,3,0,0,0,1,0,0,1,2,2,0,1,0,0,0,0,0,0,0,0,
1581073982.575248687,8,39,1,5,10,3,1,4,10,12,13,0,1,6,1,6,0,10,19,6,2,2,10,0,6,0,1,0,0,0,1,1,1,0,0,0,0,0,1,0,0,0,0,1,
1581073982.585230969,8,40,1,4,12,6,3,11,18,15,8,7,8,0,23,38,37,37,36,32,18,23,35,25,5,0,0,1,1,0,2,1,2,1,0,3,0,0,0,0,0,0,0,0,
1581073982.595187693,9,40,1,7,10,13,2,8,8,3,3,6,4,8,6,13,7,3,16,14,14,4,0,25,42,0,0,1,1,0,0,1,2,1,0,2,0,1,1,0,1,0,0,0,
