timestamp,fx,fy,fz,tx,ty,tz
1581158604.711183766,-1.63626,2.36208,-2.02995,1.78064,1.49296,0.266773
1581158604.722718423,-1.89372,3.32616,-0.0983108,2.08283,1.58125,0.251797
1581158604.729341041,-1.7387,3.02291,0.383616,1.98265,1.49824,0.258432
1581158604.735568961,-1.68763,2.7272,0.484701,1.92437,1.45593,0.260488
1581158604.742226469,-1.77041,2.66919,0.459001,1.93906,1.4557,0.259642
1581158604.748694179,-1.83269,2.88008,0.52632,2.00355,1.46735,0.254353
1581158604.755244208,-1.96952,3.01896,0.728423,2.05836,1.48744,0.250647
1581158604.761601110,-2.02842,3.2433,0.797153,2.11895,1.49944,0.245242
1581158604.768172823,-2.35747,3.33248,0.680091,2.15497,1.53584,0.240307
1581158604.774487966,-2.30243,3.25985,0.558678,2.12305,1.50428,0.240619
1581158604.780644096,-1.93775,3.25323,0.664024,2.13774,1.47201,0.242687
1581158604.788368557,-1.99395,3.25538,0.387661,2.185,1.50794,0.23957
1581158604.864341341,-1.78238,3.62648,0.520393,2.3617,1.61771,0.244037
1581158604.870579440,-1.68589,3.47473,0.683095,2.30601,1.58228,0.24558
1581158604.877285841,-1.78843,3.51738,0.874388,2.33584,1.6061,0.242592
1581158604.884396614,-1.99519,3.60959,0.662953,2.37663,1.64176,0.236404
1581158604.891019229,-1.90295,3.74383,0.589483,2.40701,1.64052,0.234279
1581158604.897221438,-1.52025,3.65649,1.00075,2.34735,1.56764,0.236377
1581158604.903349495,-1.5727,3.71025,1.1108,2.36402,1.57723,0.232825
1581158604.909585099,-1.55798,3.7418,1.01463,2.39457,1.59111,0.226482
1581158604.915680436,-1.79373,3.84745,0.865608,2.44137,1.63394,0.221407
1581158604.922333078,-1.92617,3.88077,0.597651,2.45804,1.65561,0.219614
1581158604.928530531,-1.68565,3.87612,0.734139,2.43059,1.61524,0.223948
1581158604.971490703,-1.53628,3.81528,1.03735,2.39621,1.58369,0.228838
1581158604.978276612,-1.88339,3.67172,0.64886,2.39428,1.63245,0.222331
1581158604.985450643,-2.00466,3.62845,0.567495,2.40467,1.64789,0.218491
1581158604.991680402,-1.82508,3.62427,0.613624,2.39591,1.62212,0.22119
1581158604.998418996,-1.81871,3.7079,0.697952,2.41871,1.62613,0.219128
1581158605.004723621,-1.7305,3.79643,1.0206,2.43714,1.61576,0.220541
1581158605.011354005,-2.01663,4.05899,0.757429,2.54385,1.69018,0.211321
1581158605.017649081,-1.79751,4.06151,0.88423,2.52023,1.64886,0.214608
1581158605.024386280,-1.87535,4.10231,1.02385,2.5363,1.65941,0.212545
1581158605.030543723,-1.96746,4.06479,0.948316,2.52672,1.66256,0.211177
1581158605.037243650,-1.95543,4.10013,0.873264,2.564,1.6786,0.207258
1581158605.043570470,-2.04135,4.11172,0.758552,2.58423,1.69507,0.203484
1581158605.085754115,-2.04482,4.41029,0.828758,2.69649,1.71813,0.205621
1581158605.092347084,-1.93323,4.35453,1.02294,2.6668,1.6875,0.211732
1581158605.098654345,-2.06993,4.42865,0.993482,2.7167,1.72083,0.209403
1581158605.105625545,-2.06721,4.37094,0.784908,2.71234,1.7181,0.211285
1581158605.112465328,-2.11214,4.36108,0.809153,2.71679,1.72145,0.212037
1581158605.118680259,-2.0502,4.23024,0.829681,2.68017,1.69808,0.214689
1581158605.125291345,-1.85788,4.21376,0.880793,2.67458,1.67317,0.215393
1581158605.165698676,-2.17855,4.57638,1.16569,2.80475,1.73895,0.20522
1581158605.172068492,-2.32495,4.59189,1.02396,2.81255,1.75454,0.203665
1581158605.178452535,-2.23851,4.58964,1.0303,2.80839,1.74017,0.202747
1581158605.185669762,-2.00963,4.55565,1.00114,2.79548,1.70889,0.203162
1581158605.192486080,-2.04122,4.61975,1.08103,2.82323,1.71932,0.199606
1581158605.235280651,-2.05974,4.48936,1.00386,2.79553,1.67999,0.19043
1581158605.241517873,-2.12301,4.42656,1.06612,2.75768,1.66345,0.193141
1581158605.247761907,-1.92455,4.43803,1.21317,2.76177,1.64317,0.19351
1581158605.254586453,-1.72226,4.42447,1.2456,2.75933,1.61951,0.195183
1581158605.261324112,-2.00131,4.49335,1.2306,2.80541,1.66549,0.190073
1581158605.267551401,-2.15642,4.60372,1.07894,2.84343,1.69354,0.187539
1581158605.306841524,-2.24094,4.86519,0.933554,2.95541,1.72725,0.18019
1581158605.313296305,-2.05838,4.90752,1.12403,2.9728,1.71239,0.181253
1581158605.319289649,-2.165,4.90084,0.989711,2.99379,1.73309,0.181248
1581158605.325517969,-2.13043,4.90902,1.09304,2.98513,1.71894,0.183907
1581158605.334322668,-2.22276,4.85634,1.02841,2.9647,1.7185,0.185788
1581158605.374617627,-2.03255,4.85744,1.00778,2.95259,1.68944,0.189647
1581158605.382263472,-2.15951,4.9016,1.39279,3.03595,1.73441,0.183973
1581158605.388521493,-2.4183,5.01301,1.24438,3.07791,1.77773,0.182037
1581158605.395150889,-2.39911,5.18019,1.04216,3.11367,1.78291,0.182281
1581158605.401422248,-2.18746,5.14906,1.03711,3.08584,1.74932,0.187423
1581158605.408310006,-2.2447,5.15907,1.18724,3.09381,1.7559,0.188722
1581158605.414453900,-2.36662,5.14884,1.01258,3.1046,1.77201,0.188129
1581158605.420646190,-2.30285,5.14688,0.918057,3.11724,1.76993,0.188919
1581158605.427271274,-2.3055,5.09269,1.05982,3.09704,1.75731,0.190615
1581158605.433609782,-2.14551,5.01349,1.35083,3.06541,1.72386,0.192714
1581158605.439705621,-2.06137,5.0273,1.50677,3.07384,1.7152,0.191379
1581158605.446423872,-2.097,5.08032,1.30911,3.10911,1.73231,0.187834
1581158605.489380041,-2.34155,5.4112,1.17889,3.21507,1.77735,0.174404
1581158605.495581284,-2.12571,5.38639,1.21543,3.20223,1.74842,0.176618
1581158605.502300844,-1.99638,5.24897,1.33242,3.15786,1.71884,0.178054
1581158605.508574806,-2.13904,5.37479,1.32442,3.22942,1.75984,0.171489
1581158605.515226706,-2.26425,5.35391,1.10128,3.22122,1.76693,0.1701
1581158605.521590139,-2.4333,5.43,1.00681,3.24021,1.78699,0.166404
1581158605.527821210,-2.27849,5.34402,1.31466,3.18046,1.74019,0.169516
1581158605.534537794,-2.00071,5.39786,1.4404,3.19009,1.71066,0.168662
1581158605.541138314,-2.02404,5.36085,1.35607,3.19961,1.71614,0.16448
1581158605.547454482,-2.18783,5.42493,1.22501,3.23288,1.74287,0.161049
1581158605.553748227,-2.23706,5.29525,0.976585,3.18774,1.73036,0.16309
1581158605.607639224,-1.9203,5.153,1.26097,3.12565,1.67081,0.169083
1581158605.608638378,-2.18984,5.41906,1.09054,3.26579,1.77292,0.164891
1581158605.615257662,-2.28192,5.44179,1.00599,3.27744,1.78931,0.16307
1581158605.621459024,-2.24732,5.3652,0.869042,3.24333,1.77516,0.165294
1581158605.627766022,-2.22418,5.19605,0.811312,3.19099,1.75595,0.168001
1581158605.634386253,-2.1099,5.11713,0.747823,3.19751,1.75193,0.165445
1581158605.641250017,-2.13285,5.26995,0.569225,3.27813,1.78483,0.159718
1581158605.647506065,-2.11021,5.38168,0.761146,3.29728,1.78387,0.159411
1581158605.688525701,-1.9144,5.96718,1.53049,3.46416,1.80268,0.164043
1581158605.695543281,-2.11959,5.90953,1.28774,3.46253,1.82699,0.163855
1581158605.701685959,-2.35055,5.94215,1.11847,3.47808,1.85597,0.161711
1581158605.708532964,-2.42323,5.92164,0.752091,3.48794,1.87113,0.160593
1581158605.751553946,-1.95212,5.31487,1.11992,3.30556,1.75713,0.164279
1581158605.758370357,-1.78905,5.40798,1.22603,3.33545,1.7496,0.163805
1581158605.764588987,-1.97991,5.60881,1.13357,3.40684,1.78978,0.159774
1581158605.771411459,-2.17387,5.75501,0.994502,3.45196,1.82154,0.156302
1581158605.777683937,-1.95782,5.80819,1.05689,3.45365,1.79571,0.157539
1581158605.785409613,-1.88621,5.91376,1.06225,3.485,1.79719,0.155287
1581158605.791641765,-1.85512,5.90583,1.15895,3.48617,1.79333,0.153174
1581158605.830642343,-2.36048,5.91434,0.806281,3.50969,1.85418,0.13568
1581158605.836749387,-2.3316,5.64944,0.657763,3.41357,1.81804,0.140732
1581158605.843257596,-1.98638,5.38107,0.925916,3.32533,1.7539,0.147287
1581158605.849442703,-1.97084,5.35216,1.16645,3.32252,1.75018,0.14737
1581158605.855530555,-1.97312,5.50796,1.24603,3.38656,1.76935,0.144032
1581158605.899351745,-2.00712,6.04744,1.21999,3.53631,1.78873,0.141387
1581158605.905635286,-2.0233,5.94395,1.1407,3.49233,1.77239,0.143906
1581158605.911661763,-1.86812,5.94891,1.22916,3.48334,1.75293,0.144933
1581158605.918459147,-1.82987,6.00898,1.23399,3.50875,1.75903,0.143189
1581158605.924729117,-2.1894,6.13611,1.08028,3.55567,1.8108,0.138202
1581158605.931384482,-2.17406,6.11515,0.963181,3.54598,1.80598,0.138398
1581158605.937723809,-1.99581,6.05388,0.876335,3.51028,1.77458,0.143482
1581158605.944335286,-1.75495,5.89548,0.880464,3.45452,1.73032,0.150036
1581158605.950659688,-1.84961,5.72256,1.03027,3.42112,1.7295,0.152026
1581158605.957259253,-2.00338,5.72422,0.836173,3.4575,1.75936,0.150006
1581158605.963486123,-1.90329,5.64552,0.890726,3.42658,1.73595,0.154189
1581158606.005803771,-1.68081,6.02915,1.22355,3.54003,1.71763,0.154724
1581158606.045382357,-1.88613,6.10485,1.05563,3.60871,1.75652,0.149644
1581158606.051501120,-2.05135,6.23428,0.951885,3.66075,1.78921,0.147331
1581158606.058344293,-2.16784,6.23454,0.978923,3.65905,1.79794,0.148545
1581158606.064569105,-1.98866,6.17754,1.03306,3.61983,1.76321,0.153212
1581158606.070749562,-1.92618,6.25022,1.16004,3.64378,1.76368,0.153209
1581158606.077121167,-2.03208,6.17474,1.12025,3.61825,1.76333,0.155387
1581158606.084412058,-2.07289,6.11882,0.789186,3.61758,1.76609,0.156093
1581158606.090648036,-1.84083,5.92448,0.662286,3.5513,1.72,0.161517
1581158606.096695416,-1.67324,5.88784,0.809464,3.54668,1.69848,0.162513
1581158606.142652610,-1.61738,6.29764,1.30594,3.68257,1.72952,0.141597
1581158606.148807637,-2.02434,6.32886,1.131,3.70935,1.7797,0.13691
1581158606.193398877,-1.8473,6.46072,0.872348,3.72059,1.75607,0.137378
1581158606.199629848,-1.71615,6.33925,1.04791,3.67934,1.73103,0.139452
1581158606.206520153,-1.52088,6.23256,1.1612,3.65513,1.70513,0.140435
1581158606.212724195,-1.58497,6.17816,0.993504,3.6614,1.71758,0.138763
1581158606.219290392,-1.63597,6.1064,0.969988,3.63594,1.71491,0.139256
1581158606.225593964,-1.71748,6.0007,0.97054,3.58841,1.70595,0.141109
1581158606.231705083,-1.39607,5.77956,1.10586,3.50411,1.64709,0.145696
1581158606.238565707,-1.38341,5.76918,0.959266,3.52958,1.65886,0.141713
1581158606.244680506,-1.51925,5.84526,0.76694,3.57944,1.69084,0.135655
1581158606.251256155,-1.60724,6.03669,0.777181,3.62841,1.71193,0.131863
1581158606.257507095,-1.59343,6.141,0.797052,3.63987,1.71181,0.132359
1581158606.300576856,-1.6687,6.34913,1.00915,3.68227,1.73119,0.130155
1581158606.307304669,-1.81991,6.1743,0.628595,3.63645,1.73607,0.142389
1581158606.313467807,-1.82055,6.11843,0.593768,3.6339,1.73285,0.141056
1581158606.319679961,-1.55641,6.00309,0.579184,3.58227,1.68513,0.145605
1581158606.326346497,-1.34109,5.98209,0.807336,3.56964,1.65365,0.146563
1581158606.333140399,-1.46277,5.95148,0.935798,3.54455,1.64743,0.146567
1581158606.339192727,-1.61118,6.02727,1.07393,3.57463,1.66554,0.141186
1581158606.345457637,-1.63344,6.02843,1.0469,3.57175,1.66075,0.138863
1581158606.387382053,-1.88393,6.33084,0.872678,3.70248,1.71171,0.129521
1581158606.393590102,-1.75543,6.46107,0.87764,3.73882,1.7064,0.129144
1581158606.399731648,-1.66214,6.54042,0.724707,3.77155,1.7053,0.129814
1581158606.406277420,-1.79547,6.6367,0.442944,3.80799,1.72681,0.127959
1581158606.448797919,-1.35174,6.04132,0.996541,3.61132,1.59001,0.149515
1581158606.455418351,-1.22335,5.99993,1.2739,3.59482,1.56943,0.151967
1581158606.462143570,-1.36883,6.19966,1.36214,3.67408,1.60729,0.14718
1581158606.468574424,-1.45184,6.38508,1.14658,3.729,1.63169,0.142985
1581158606.475500325,-1.72025,6.34159,0.702265,3.72525,1.6603,0.142869
1581158606.483198625,-1.47973,6.20987,0.758511,3.66655,1.61872,0.148758
1581158606.489566018,-1.31534,6.09765,0.790027,3.64027,1.59738,0.151661
1581158606.528488316,-1.49072,6.45233,1.05423,3.75997,1.63549,0.138037
1581158606.534607953,-1.61101,6.47125,1.01634,3.7742,1.64785,0.134844
1581158606.540716515,-1.67104,6.48915,1.03232,3.78447,1.65081,0.132265
1581158606.547265727,-1.53726,6.40008,1.01136,3.74577,1.62068,0.134763
1581158606.556699783,-1.37092,6.31318,1.10426,3.72102,1.59453,0.135759
1581158606.596580440,-1.57927,6.56903,0.90268,3.8298,1.64151,0.11671
1581158606.602727643,-1.6776,6.58339,0.893144,3.8323,1.6496,0.114012
1581158606.609327634,-1.62815,6.54638,0.923175,3.81837,1.63915,0.113491
1581158606.615479381,-1.69253,6.48427,1.07309,3.79255,1.63588,0.113641
1581158606.622232891,-1.75372,6.39563,0.950725,3.76056,1.62891,0.114683
1581158606.628394777,-1.55048,6.35587,0.904056,3.75292,1.60447,0.11594
1581158606.634810741,-1.5206,6.27526,0.711026,3.73408,1.59255,0.117651
1581158606.641281787,-1.43794,6.19398,0.779989,3.71693,1.57622,0.11913
1581158606.647402562,-1.37325,6.26618,1.03032,3.72659,1.56673,0.119806
1581158606.653754995,-1.4341,6.3132,1.09848,3.73251,1.572,0.120575
1581158606.660638289,-1.44264,6.49472,1.24138,3.78813,1.58576,0.117188
1581158606.710831382,-1.44285,6.38765,0.772902,3.75955,1.57432,0.1206
1581158606.719186184,-1.37541,6.30594,0.993419,3.73394,1.55739,0.122008
1581158606.725456783,-1.40283,6.36462,0.917187,3.75844,1.56493,0.120123
1581158606.732309632,-1.53395,6.41797,0.807079,3.77166,1.57998,0.119115
1581158606.771874631,-1.47658,6.38237,1.10342,3.73163,1.55193,0.126677
1581158606.778447400,-1.34208,6.2734,1.14292,3.68962,1.52506,0.130802
1581158606.785630593,-1.23804,6.26871,1.1116,3.69947,1.51524,0.130379
1581158606.792187000,-1.3576,6.38452,0.907313,3.76257,1.54537,0.123206
1581158606.798548709,-1.62141,6.53614,0.672693,3.82403,1.58671,0.115463
1581158606.804698862,-1.76903,6.61982,0.766161,3.82622,1.59239,0.112348
1581158606.811345415,-1.56532,6.57688,1.06167,3.7954,1.55713,0.113709
1581158606.853610875,-1.33068,6.60384,1.24821,3.80512,1.53041,0.111713
1581158606.859794705,-1.51661,6.47662,1.41459,3.84702,1.54391,0.0987948
1581158606.865743835,-1.5761,6.52244,1.06193,3.88206,1.56195,0.0964943
1581158606.872523115,-1.50374,6.54662,0.893093,3.87286,1.54863,0.100036
1581158606.878766823,-1.26904,6.55225,1.01389,3.86044,1.51947,0.103549
1581158606.886612993,-1.40794,6.71362,1.12184,3.92485,1.54966,0.101094
1581158606.893294129,-1.54163,6.89523,1.06017,3.99996,1.58264,0.0965825
1581158606.899507301,-1.53328,6.93751,1.01065,3.99766,1.57898,0.0992838
1581158606.905807866,-1.51815,6.84609,1.08109,3.94462,1.55765,0.106619
1581158606.912395164,-1.48041,6.78161,1.00237,3.91644,1.54427,0.111513
1581158606.918571290,-1.2072,6.68916,1.05705,3.8972,1.51023,0.115399
1581158606.925308905,-1.30502,6.71373,0.967139,3.93037,1.52678,0.114175
1581158606.967702309,-1.26765,6.78871,0.992423,3.95341,1.51616,0.117985
1581158606.974554414,-1.14282,6.78426,1.23496,3.93675,1.49688,0.121088
1581158606.981258037,-1.26926,6.73752,1.21982,3.91976,1.50543,0.122642
1581158606.988557262,-1.40149,6.8284,1.19086,3.96714,1.53427,0.118206
1581158606.994794596,-1.52929,6.80052,1.07805,3.96636,1.54861,0.11771
1581158607.001470170,-1.63506,6.8058,1.08772,3.96241,1.55653,0.118766
1581158607.007864756,-1.36571,6.68972,1.22246,3.91021,1.51327,0.124112
1581158607.014393054,-1.39412,6.79668,0.997756,3.95796,1.5281,0.122171
1581158607.055389718,-1.51986,6.79374,0.726916,3.96515,1.53743,0.122301
1581158607.061691260,-1.46469,6.66897,1.11778,3.95603,1.50883,0.115464
1581158607.068301018,-1.07438,6.74065,1.15783,3.96082,1.46701,0.117315
1581158607.074577915,-1.03738,6.89569,1.27849,4.00803,1.47498,0.114243
1581158607.117267452,-1.21106,7.22513,0.964876,4.13451,1.5289,0.0991516
1581158607.123761187,-1.47237,7.19394,0.642228,4.13675,1.55517,0.0983706
1581158607.130494074,-1.60771,7.06164,0.581158,4.07857,1.5502,0.102253
1581158607.136794376,-1.38326,6.94734,0.952144,4.03067,1.50975,0.106695
1581158607.143348128,-1.18197,6.88852,1.20768,4.00879,1.47922,0.107993
1581158607.149628877,-1.32998,7.12374,1.26534,4.08014,1.50869,0.101983
1581158607.156297882,-1.39676,7.10483,1.24832,4.04676,1.49969,0.104564
1581158607.162728175,-1.36441,6.948,1.06106,3.97813,1.47529,0.110417
1581158607.168805221,-0.984225,6.65437,1.28375,3.87144,1.40695,0.118573
1581158607.175631572,-0.926387,6.47505,1.33662,3.83183,1.39165,0.12051
1581158607.183319841,-0.956951,6.38798,1.17044,3.84064,1.40294,0.117841
1581158607.226299298,-1.22962,7.10019,0.822121,4.04585,1.48449,0.0910091
1581158607.232497163,-1.29729,7.03571,0.859589,4.02757,1.48824,0.0896921
1581158607.238714779,-1.33409,6.94616,0.98276,4.00054,1.48539,0.0885537
1581158607.245454816,-1.37706,6.84437,1.18891,3.97754,1.48297,0.0874818
1581158607.251629725,-1.486,6.84717,0.936178,4.00695,1.50326,0.0821993
1581158607.258495633,-1.40285,6.84529,0.873671,4.01175,1.49418,0.0813606
1581158607.264748665,-1.27856,6.74107,1.00294,3.96379,1.46327,0.0853994
1581158607.271370901,-1.23107,6.58806,0.770179,3.91204,1.44379,0.0896115
1581158607.277595210,-1.0431,6.53466,0.78213,3.89892,1.42053,0.0911858
1581158607.317637482,-1.07204,7.33179,1.33557,4.15715,1.47614,0.0824442
1581158607.323770256,-1.17085,7.27167,1.14214,4.14274,1.48546,0.0846612
1581158607.330474651,-1.22147,7.25916,1.21151,4.14453,1.4929,0.0848513
1581158607.372610191,-1.03496,7.17248,1.15506,4.1206,1.46359,0.0847788
1581158607.379782083,-1.3131,7.24616,1.06916,4.14412,1.49355,0.0810315
1581158607.387496267,-1.2113,7.11513,1.11744,4.10806,1.47269,0.083216
1581158607.393762352,-1.07005,6.90708,1.29504,4.0462,1.44191,0.0875828
1581158607.400447064,-0.899362,6.73587,1.45363,4.00112,1.41503,0.0912555
1581158607.406715739,-0.806738,6.74229,1.47141,4.01617,1.4101,0.0912529
1581158607.413496455,-0.92489,6.79962,1.35748,4.0496,1.43035,0.0883932
1581158607.419500114,-1.08074,6.93108,1.15325,4.09241,1.45568,0.0849091
1581158607.425700061,-1.13548,7.04812,0.994676,4.12606,1.46972,0.0825664
1581158607.432181992,-0.98724,7.14168,1.13253,4.14012,1.45741,0.0826524
1581158607.438606026,-0.984739,7.21138,1.17469,4.15609,1.46083,0.0815085
1581158607.482688838,-0.996284,7.19363,1.12062,4.19573,1.46889,0.079046
1581158607.522743787,-1.25879,7.73776,0.818868,4.39763,1.54189,0.0648726
1581158607.529424873,-0.978254,7.62037,0.899256,4.3388,1.49825,0.0718383
1581158607.535679487,-0.863644,7.52028,1.23891,4.3095,1.47942,0.0753468
1581158607.542397908,-1.06568,7.59792,1.27256,4.36205,1.51475,0.0693297
1581158607.548776669,-1.24104,7.56952,1.18692,4.36828,1.53494,0.0678518
1581158607.555365661,-1.19027,7.67902,1.08315,4.3983,1.53543,0.0667848
1581158607.561800166,-0.981259,7.79224,0.910576,4.40308,1.51272,0.0689954
1581158607.568676279,-0.949503,7.76438,0.959752,4.36944,1.49869,0.0723507
1581158607.574882468,-1.10911,7.70401,0.822723,4.37438,1.51803,0.0704857
1581158607.582666263,-1.15259,7.5737,0.832613,4.34369,1.51612,0.0708078
1581158607.589331004,-1.24058,7.38664,1.00552,4.29856,1.51439,0.0712598
1581158607.631420125,-1.02009,7.56251,1.21191,4.35717,1.4897,0.0586819
1581158607.637598733,-1.0967,7.60982,1.24619,4.38338,1.50152,0.0542502
1581158607.643702423,-1.13881,7.73056,1.19913,4.4446,1.51925,0.0470562
1581158607.649819047,-1.18719,7.79147,1.00542,4.47212,1.52889,0.0431973
1581158607.656555017,-0.93439,7.81383,1.0002,4.47424,1.50202,0.0427921
1581158607.662742547,-0.882531,7.81842,1.08877,4.47648,1.49515,0.0414189
1581158607.668871366,-1.03374,7.84581,1.06727,4.49216,1.51214,0.0377771
1581158607.675502956,-1.24416,7.78148,0.915851,4.49078,1.53268,0.0342568
1581158607.681702414,-1.22209,7.86117,0.851306,4.52314,1.53564,0.0303329
1581158607.688491434,-1.12605,7.85781,0.895906,4.5075,1.51735,0.0316217
1581158607.694636189,-0.959711,7.92336,1.19569,4.52488,1.50043,0.0308078
1581158607.739692921,-1.04879,7.95219,1.20586,4.54715,1.51239,0.0290949
1581158607.783617790,-1.18846,7.97128,0.727107,4.52655,1.53187,0.0290877
1581158607.790352675,-0.939835,7.71886,1.11385,4.42613,1.48057,0.036039
1581158607.796654557,-0.898353,7.59672,1.3166,4.39815,1.46943,0.0363333
1581158607.803257860,-0.846505,7.60461,1.46438,4.41703,1.46585,0.0322314
1581158607.809603498,-0.809684,7.69047,1.3393,4.45973,1.46911,0.0272605
1581158607.815799619,-1.01968,7.82796,1.12741,4.50135,1.49597,0.0214031
1581158607.822519682,-0.925133,7.79714,1.28761,4.46779,1.47395,0.0237607
1581158607.828687860,-0.900968,7.79134,1.41202,4.45908,1.46851,0.0240479
1581158607.835370807,-0.784038,7.85159,1.41196,4.49139,1.46321,0.0207517
1581158607.841564344,-0.912419,7.95254,1.44711,4.54436,1.48785,0.0151903
1581158607.847657953,-1.20074,8.05766,1.24077,4.5931,1.52754,0.00971805
1581158607.889807462,-0.991807,7.93575,1.16553,4.54061,1.49218,0.0215693
1581158607.896413232,-0.884674,7.94094,1.30856,4.54295,1.47891,0.0226419
1581158607.902485887,-0.88026,8.04461,1.24423,4.58322,1.48569,0.0207654
1581158607.908815808,-0.834553,8.13752,1.08205,4.62212,1.48692,0.0191555
1581158607.915435891,-0.83431,8.04082,1.17805,4.58626,1.47534,0.0234883
1581158607.921452016,-0.889738,8.07247,1.2678,4.59905,1.47988,0.0233713
1581158607.927460396,-1.01074,8.0652,1.17813,4.59579,1.48792,0.023933
1581158607.933717161,-0.943572,8.0866,1.25885,4.59557,1.47564,0.0253118
1581158607.939834347,-1.04698,8.25541,1.12217,4.66508,1.49983,0.0195294
1581158607.946441061,-0.940104,8.28055,1.07078,4.68133,1.48914,0.0188213
1581158607.952655443,-0.80116,8.33871,1.24712,4.68092,1.47044,0.0202368
1581158607.958859752,-0.795612,8.43819,1.23368,4.69255,1.46911,0.0199887
1581158608.002879783,-1.12445,7.81974,1.11413,4.56376,1.48077,0.0171011
1581158608.009490614,-0.9427,7.87557,1.00963,4.57821,1.46345,0.0166535
1581158608.015745908,-0.935927,7.90216,0.874918,4.58522,1.46261,0.0171054
1581158608.022342283,-0.78732,7.90249,1.08935,4.57847,1.44112,0.0191607
1581158608.028651105,-0.731753,7.92425,1.14395,4.5838,1.43465,0.0199051
1581158608.035311536,-0.84144,8.01764,1.0572,4.62939,1.45331,0.0165125
1581158608.041536622,-0.98262,8.11812,1.14526,4.66439,1.4707,0.0142679
1581158608.047787791,-0.972165,8.21787,1.3295,4.68829,1.46986,0.0132154
1581158608.054344648,-0.832982,8.32277,1.3212,4.71552,1.45784,0.0135747
1581158608.060790594,-0.601333,8.42457,1.46209,4.735,1.43328,0.0151215
1581158608.100887819,-0.882593,8.15038,1.36507,4.70749,1.46475,0.0139504
1581158608.149562789,-0.925886,8.3531,0.844622,4.76536,1.47804,0.0102535
1581158608.156472420,-0.611575,8.47649,1.56899,4.79737,1.44039,0.00853121
1581158608.162632344,-0.574017,8.54623,1.54577,4.82111,1.43854,0.00738552
1581158608.169274577,-0.531883,8.64321,1.35011,4.86647,1.44312,0.00417014
1581158608.175571994,-0.644901,8.66411,1.12804,4.86479,1.45211,0.00430754
1581158608.182833344,-0.924615,8.66789,0.865332,4.86439,1.47932,0.00399626
1581158608.189582595,-0.935603,8.47167,1.02397,4.78083,1.45902,0.0102345
1581158608.195853133,-0.797271,8.41754,1.09271,4.77559,1.44424,0.0109823
1581158608.202672872,-0.793922,8.32776,1.11751,4.75779,1.44018,0.0113854
1581158608.209410174,-0.773755,8.42151,1.06496,4.79722,1.44367,0.00800844
1581158608.247650992,-0.868885,8.15081,1.36697,4.75156,1.44838,0.00516196
1581158608.253782199,-0.937858,8.31384,1.36625,4.80069,1.46502,0.000123652
1581158608.297570633,-0.768152,8.83555,1.28035,4.96817,1.46339,-0.0163473
1581158608.303832912,-0.826055,8.80814,1.51479,4.95853,1.46128,-0.0175035
1581158608.310861727,-0.940979,8.84005,1.41282,4.97301,1.47061,-0.0206729
1581158608.317623583,-0.828731,8.82959,1.40365,4.9601,1.45126,-0.0196654
1581158608.324483976,-0.515193,8.74109,1.45694,4.93266,1.41084,-0.0159889
1581158608.334708420,-0.671119,8.73652,1.35063,4.94261,1.42587,-0.0178985
1581158608.337634288,-0.773775,8.63602,1.29272,4.91852,1.42921,-0.0175214
1581158608.343503446,-0.970229,8.62916,1.28589,4.92478,1.44846,-0.0193838
1581158608.350247552,-1.03641,8.51489,1.37571,4.88062,1.44286,-0.0172586
1581158608.356570068,-0.810204,8.56667,1.56025,4.89648,1.41977,-0.0180403
1581158608.363308523,-0.869017,8.64359,1.48863,4.92323,1.42765,-0.0202357
1581158608.369587458,-1.02209,8.76833,1.23039,4.95999,1.44669,-0.0222608
1581158608.444731624,-0.975058,8.86038,1.00331,4.97981,1.42105,-0.0283453
1581158608.450892859,-0.887847,8.69233,1.33971,4.91343,1.39698,-0.0238704
1581158608.457571230,-0.830103,8.69848,1.47965,4.92999,1.39153,-0.0267181
1581158608.463643820,-0.718739,8.65364,1.68386,4.93301,1.37788,-0.0281839
1581158608.469865062,-0.709041,8.75503,1.53618,4.97604,1.38292,-0.0324442
1581158608.476541973,-0.817538,8.80844,1.21476,4.98961,1.39443,-0.0332534
1581158608.483669354,-0.483102,8.89379,1.21362,4.99653,1.35764,-0.0303785
1581158608.490364520,-0.501119,8.84193,1.35445,4.97515,1.35519,-0.0282484
1581158608.496553413,-0.583808,8.89751,1.58977,5.00562,1.36797,-0.03157
1581158608.502709227,-0.768274,8.90246,1.73003,5.00803,1.38833,-0.0333031
1581158608.508899306,-0.951997,8.90514,1.67896,5.01038,1.40977,-0.0347829
1581158608.553038919,-0.852449,8.73617,1.12647,4.96726,1.39053,-0.0298534
1581158608.559614088,-0.701492,8.7946,1.3887,4.98319,1.37379,-0.0301356
1581158608.565854229,-0.759761,8.90355,1.56984,5.02943,1.38424,-0.0352105
1581158608.572558732,-0.879168,9.05407,1.60268,5.08702,1.40297,-0.0408887
1581158608.578907046,-0.791421,9.09835,1.67162,5.08746,1.38694,-0.0402894
1581158608.586705500,-0.611124,9.18376,1.5691,5.11139,1.36825,-0.0399285
1581158608.593390457,-0.45647,9.18153,1.37997,5.11032,1.34894,-0.0380133
1581158608.600585617,-0.525142,9.20415,1.47362,5.13205,1.35704,-0.040323
1581158608.606908152,-0.849137,9.16698,1.55705,5.13179,1.3864,-0.0433667
1581158608.613562601,-0.992385,9.16264,1.63073,5.13908,1.40158,-0.0464603
1581158608.619827272,-0.770685,9.10512,1.89588,5.11377,1.37146,-0.0448284
1581158608.626524809,-0.94512,9.10257,1.7976,5.12384,1.38837,-0.0467647
1581158608.670552174,-0.982966,9.21394,1.64767,5.20453,1.38433,-0.0485847
1581158608.676816188,-0.744435,9.20934,1.65665,5.20514,1.35708,-0.0465799
1581158608.688542399,-0.613606,9.26832,1.74045,5.21953,1.3416,-0.0446833
1581158608.694847541,-0.510934,9.40539,1.75145,5.2604,1.33122,-0.04366
1581158608.701734929,-0.785866,9.4654,1.47819,5.27566,1.35922,-0.044917
1581158608.708490477,-0.980862,9.54431,1.34055,5.29641,1.37977,-0.0465735
1581158608.748931779,-0.535374,9.26856,1.58344,5.23238,1.30531,-0.0427131
1581158608.755616736,-0.527833,9.28847,1.62749,5.24437,1.30817,-0.0446903
1581158608.761867643,-0.607378,9.19604,1.8663,5.22469,1.31404,-0.0455704
1581158608.768570126,-0.759914,9.27045,1.86868,5.26754,1.33898,-0.051507
1581158608.774836072,-1.0178,9.3547,1.56885,5.2979,1.37205,-0.0567622
1581158608.818511631,-0.798923,9.44692,1.75598,5.31794,1.35425,-0.0585526
1581158608.825744723,-0.416218,9.683,1.60028,5.39131,1.33548,-0.0636019
1581158608.832372648,-0.563349,9.72761,1.76272,5.42212,1.35645,-0.0672084
1581158608.838670909,-0.757246,9.69171,1.84453,5.40818,1.37382,-0.0673235
1581158608.844922765,-0.909815,9.7118,1.64849,5.4056,1.38895,-0.0668915
1581158608.851481146,-0.625341,9.59134,1.67765,5.34772,1.34953,-0.0597321
1581158608.857908507,-0.276532,9.61529,1.70879,5.36104,1.3184,-0.0577376
1581158608.909624438,-0.498457,9.62272,1.19465,5.3844,1.34362,-0.0613161
1581158608.915999447,-0.499175,9.6821,1.23858,5.38675,1.33973,-0.0621846
1581158608.921861336,-0.621168,9.68034,1.34105,5.37778,1.34828,-0.0632983
1581158608.928462537,-0.674435,9.64818,1.56674,5.36944,1.34987,-0.0653884
1581158608.934872832,-0.68263,9.64685,1.58262,5.38505,1.35165,-0.0689741
1581158608.978514261,-0.641347,9.60085,1.39548,5.39914,1.34647,-0.0792373
1581158608.985775889,-0.553447,9.54798,1.68138,5.38299,1.33389,-0.079015
1581158608.992509924,-0.576654,9.6492,1.57207,5.42241,1.34192,-0.0827138
1581158608.998869945,-0.57939,9.73302,1.52239,5.45262,1.34376,-0.0846549
1581158609.005644105,-0.563926,9.86513,1.41216,5.49451,1.34577,-0.0866702
1581158609.012336734,-0.502116,9.93009,1.41099,5.51098,1.33843,-0.0859658
1581158609.018932563,-0.223596,9.94326,1.55138,5.50951,1.30731,-0.0837196
1581158609.025394013,-0.336502,9.92483,1.5967,5.51169,1.31725,-0.0838037
1581158609.031902167,-0.622558,9.95377,1.53615,5.5209,1.34513,-0.085531
1581158609.038417455,-0.691822,9.87244,1.53939,5.49549,1.34681,-0.0838329
1581158609.044736314,-0.713379,9.87767,1.59866,5.49426,1.3456,-0.0837032
1581158609.087836869,-0.517508,9.77593,1.78247,5.46011,1.31704,-0.0811768
1581158609.093742190,-0.401066,9.83069,1.79153,5.47881,1.29178,-0.0866833
1581158609.100481285,-0.430727,9.81613,1.72709,5.48854,1.29595,-0.0888606
1581158609.106697232,-0.615192,9.91933,1.56521,5.52571,1.3179,-0.0927605
1581158609.113415339,-0.500075,9.89949,1.75891,5.50517,1.30031,-0.0916265
1581158609.119577725,-0.471922,9.97886,1.71522,5.53153,1.30139,-0.0937808
1581158609.126245143,-0.262192,10.0549,1.76042,5.55651,1.28478,-0.096277
1581158609.132653185,-0.273883,10.1822,1.78712,5.59793,1.29367,-0.100684
1581158609.172552442,-0.624411,10.0369,1.60945,5.58734,1.33574,-0.109157
1581158609.179022507,-0.478745,10.0144,1.41897,5.57202,1.31548,-0.105711
1581158609.186806224,-0.145771,9.95498,1.52207,5.55371,1.27604,-0.100807
1581158609.192826975,-0.207555,9.97936,1.67604,5.57147,1.28307,-0.102539
1581158609.234943390,-0.346462,10.3485,1.54881,5.69085,1.30495,-0.109261
1581158609.241650884,-0.402334,10.3459,1.60027,5.68346,1.30917,-0.109392
1581158609.247965126,-0.44239,10.3556,1.62607,5.68064,1.31359,-0.109529
1581158609.254409038,-0.622015,10.351,1.48588,5.68044,1.33302,-0.111047
1581158609.260895271,-0.518918,10.3222,1.59115,5.67257,1.32117,-0.111472
1581158609.267598110,-0.491716,10.3471,1.48848,5.70096,1.32388,-0.114872
1581158609.274316397,-0.396364,10.367,1.56445,5.70784,1.31448,-0.115651
1581158609.280532145,-0.220905,10.3692,1.7079,5.71224,1.29716,-0.115559
1581158609.320580824,-0.274302,10.334,1.89638,5.76186,1.31694,-0.127821
1581158609.326709339,-0.435857,10.4063,1.64842,5.78609,1.33684,-0.130245
1581158609.334257068,-0.595445,10.4912,1.46578,5.81186,1.35572,-0.133201
1581158609.339572198,-0.497607,10.5644,1.38116,5.83553,1.34764,-0.134243
1581158609.384501510,-0.247664,10.7382,1.897,5.88365,1.29806,-0.129035
1581158609.390817975,-0.260359,10.7557,2.11796,5.89056,1.29471,-0.128408
1581158609.397435511,-0.390878,10.7335,1.91492,5.89191,1.30589,-0.127883
1581158609.403725382,-0.285215,10.7574,1.68336,5.91033,1.29578,-0.127225
1581158609.410522455,-0.196306,10.6964,1.74491,5.89691,1.28304,-0.124619
1581158609.416751357,-0.122373,10.6346,1.90639,5.88873,1.27369,-0.124123
1581158609.423263097,-0.297762,10.6839,1.95926,5.91478,1.29504,-0.127185
1581158609.429618398,-0.486298,10.7594,1.88067,5.95079,1.31933,-0.131128
1581158609.436004134,-0.658828,10.9597,1.54004,6.00648,1.34445,-0.135648
1581158609.442591172,-0.664454,10.993,1.55325,6.00528,1.34108,-0.135093
1581158609.449406839,-0.454308,11.0121,1.69087,6.01109,1.31728,-0.133542
1581158609.524915102,-0.153056,11.0736,1.87329,6.10191,1.29233,-0.140478
1581158609.531547594,-0.40915,11.0929,1.75489,6.12823,1.32234,-0.14521
1581158609.538430657,-0.5301,11.0664,1.77266,6.12046,1.33236,-0.1456
1581158609.544722912,-0.428174,11.1151,1.72595,6.1304,1.32117,-0.145487
1581158609.551427808,-0.286673,11.1643,1.64109,6.1375,1.30448,-0.143377
1581158609.557744712,-0.0197983,11.2286,1.58619,6.15943,1.27932,-0.142848
1581158609.564611472,-0.177282,11.2894,1.40259,6.18567,1.2978,-0.144682
1581158609.571292069,-0.163416,11.3372,1.47316,6.20152,1.29532,-0.145986
1581158609.577642162,-0.275127,11.3368,1.64857,6.19367,1.30174,-0.146153
1581158609.585393168,-0.425461,11.2739,1.8006,6.16426,1.3085,-0.145629
1581158609.591732366,-0.352087,11.2431,1.99597,6.15339,1.29733,-0.145649
1581158609.597961915,-0.371555,11.2471,1.83915,6.17053,1.30119,-0.148295
1581158609.640663842,-0.413162,11.4112,1.67871,6.25824,1.30308,-0.160456
1581158609.647384824,-0.194952,11.5148,1.94678,6.28879,1.2806,-0.163272
1581158609.653601496,-0.0774481,11.557,2.02444,6.30558,1.26902,-0.164861
1581158609.660462281,-0.25045,11.6568,1.78769,6.3317,1.28732,-0.168354
1581158609.666801207,-0.303552,11.6644,1.75195,6.32988,1.29029,-0.169425
1581158609.673497593,-0.289946,11.6673,1.64942,6.33274,1.28746,-0.169194
1581158609.679714789,-0.0779992,11.6117,1.78227,6.32575,1.26407,-0.168769
1581158609.686750263,0.0792566,11.6083,1.9029,6.33048,1.2478,-0.168423
1581158609.692884137,-0.30947,11.6199,1.72477,6.34244,1.28792,-0.172156
1581158609.700493580,-0.460607,11.5925,1.74848,6.32219,1.29676,-0.171751
1581158609.706864604,-0.468505,11.6111,1.73639,6.32722,1.29523,-0.172338
1581158609.748957517,-0.141127,11.5808,1.92508,6.30957,1.25669,-0.168768
1581158609.755975120,-0.0880155,11.3875,2.0795,6.25568,1.22438,-0.163189
1581158609.761878640,-0.173065,11.4295,1.94928,6.26629,1.2313,-0.165554
1581158609.768717823,-0.417644,11.5519,1.64907,6.29982,1.25695,-0.169246
1581158609.774926804,-0.123814,11.5556,1.78445,6.28323,1.21821,-0.167688
1581158609.782642668,-0.0600692,11.5508,1.88929,6.28233,1.20997,-0.167519
1581158609.789426897,0.0774769,11.5243,1.95628,6.27786,1.19173,-0.16749
1581158609.795574958,0.0421563,11.5249,1.95938,6.28708,1.19538,-0.169416
1581158609.837659758,-0.0759506,11.5382,1.81402,6.30468,1.2018,-0.181313
1581158609.843849876,-0.0438369,11.5321,1.69256,6.3113,1.20049,-0.182416
1581158609.850759810,0.198646,11.4797,1.90082,6.29412,1.17339,-0.180497
1581158609.856800604,0.0735219,11.5788,2.00507,6.33626,1.19279,-0.184964
1581158609.899403239,-0.0729128,11.6248,1.76309,6.33441,1.20413,-0.182115
1581158609.905722186,-0.125711,11.6693,1.68474,6.35281,1.21063,-0.183323
1581158609.911908628,-0.161088,11.6078,1.81121,6.32581,1.20726,-0.179956
1581158609.918646925,-0.134416,11.6472,1.84892,6.32478,1.20064,-0.178724
1581158609.925249164,-0.0659096,11.6208,1.95652,6.30847,1.18831,-0.175781
1581158609.931625280,0.0424815,11.6656,1.96816,6.32486,1.17629,-0.175961
1581158609.937936103,0.0148521,11.6567,2.06735,6.32705,1.17667,-0.176629
1581158609.944741146,0.108188,11.6737,2.33246,6.33213,1.16376,-0.176828
1581158609.951573114,-0.0128992,11.6451,2.2114,6.32271,1.17244,-0.176595
1581158609.957867920,0.0361928,11.6681,2.03133,6.33549,1.16798,-0.177594
1581158609.964707836,0.0992358,11.6972,1.85565,6.36253,1.16462,-0.179619
1581158610.008659616,-0.0367645,11.7684,1.90654,6.39472,1.17935,-0.185189
1581158610.015552396,0.0442508,11.9776,1.9281,6.49357,1.16728,-0.201045
1581158610.022258309,0.0760423,12.0049,1.85233,6.51467,1.16539,-0.202861
1581158610.028690791,-0.110368,12.065,1.66966,6.53485,1.18391,-0.20556
1581158610.035377568,-0.159735,12.0013,1.85938,6.51701,1.18386,-0.204884
1581158610.041707129,-0.118131,11.9871,2.04971,6.52138,1.17707,-0.205601
1581158610.047897324,0.0991445,11.9688,2.27293,6.5263,1.1541,-0.205157
1581158610.054568164,0.198092,12.0214,2.31606,6.5516,1.14682,-0.206821
1581158610.094579839,-0.0978609,12.1046,1.99385,6.58049,1.17842,-0.210003
1581158610.100852858,-0.376501,12.0351,1.69157,6.52469,1.19095,-0.200246
1581158610.106941273,-0.103048,11.9811,1.89539,6.50036,1.15537,-0.195881
1581158610.119950085,0.0152634,11.9668,1.83933,6.50106,1.14214,-0.194139
1581158610.162925124,-0.0351695,12.001,2.20167,6.53987,1.1383,-0.196935
1581158610.169578030,-0.145042,12.0447,1.95745,6.55682,1.15238,-0.199332
1581158610.175757469,-0.0908822,12.1041,1.85122,6.56989,1.14764,-0.200087
1581158610.183437257,0.13758,12.1072,1.93644,6.56856,1.12333,-0.198406
1581158610.189819144,0.174228,12.1865,1.73509,6.60638,1.12551,-0.202035
1581158610.196514098,0.0257816,12.2491,1.72751,6.63004,1.14148,-0.20608
1581158610.202756549,-0.0561462,12.3034,1.82221,6.6476,1.14907,-0.209466
1581158610.209483429,-0.032545,12.3694,1.88484,6.66262,1.14523,-0.211446
1581158610.215601760,0.0593867,12.3513,2.04362,6.65977,1.13329,-0.211599
1581158610.221861582,0.114812,12.4259,1.99678,6.6973,1.13237,-0.215471
1581158610.228444371,0.0293715,12.4147,1.98677,6.69832,1.13926,-0.217005
1581158610.272680211,0.0485363,12.4728,2.05764,6.71861,1.1362,-0.219654
1581158610.277604107,0.0632153,12.4807,2.49564,6.73612,1.131,-0.221619
1581158610.284677785,0.125077,12.582,2.24846,6.75788,1.12688,-0.222176
1581158610.291380957,0.0913687,12.6014,2.10235,6.7577,1.12935,-0.221096
1581158610.297662933,0.0370856,12.6131,1.78336,6.76619,1.13557,-0.221742
1581158610.303883142,0.206371,12.5659,1.64767,6.75634,1.11702,-0.219203
1581158610.310674462,0.347078,12.5169,1.83119,6.74648,1.10093,-0.218503
1581158610.316934873,0.192035,12.4577,1.84782,6.73957,1.11578,-0.22043
1581158610.357646810,0.154297,12.6502,1.94606,6.80686,1.10522,-0.233952
1581158610.363934915,0.153709,12.6718,1.80497,6.8146,1.10414,-0.235532
1581158610.370665031,0.182088,12.5873,1.9141,6.79387,1.0963,-0.235171
1581158610.376983451,0.298142,12.555,2.21282,6.79581,1.08153,-0.237629
1581158610.420895959,0.308525,12.7478,2.07615,6.86683,1.072,-0.249735
1581158610.427535144,0.231226,12.7498,1.87528,6.87329,1.08062,-0.251401
1581158610.433672135,0.18506,12.6943,1.85057,6.84804,1.0821,-0.2493
1581158610.439925317,0.226527,12.622,2.17911,6.82271,1.07351,-0.246754
1581158610.446713644,0.334932,12.5931,2.36194,6.81414,1.06068,-0.245212
1581158610.452903801,0.290349,12.6244,2.36618,6.82511,1.0661,-0.246223
1581158610.459697108,0.174315,12.6341,2.22267,6.82605,1.07671,-0.246249
1581158610.465960622,-0.044204,12.6417,2.0006,6.81771,1.09615,-0.244506
1581158610.472820278,0.0901446,12.6686,1.98987,6.81565,1.07988,-0.242037
1581158610.479422606,0.408073,12.6725,2.09979,6.81474,1.04537,-0.238334
1581158610.486750782,0.381689,12.7134,2.0771,6.83394,1.04952,-0.239719
1581158610.493515447,0.22165,12.7456,2.09895,6.84544,1.0626,-0.24193
1581158610.568858476,0.197804,12.8674,2.00243,6.87485,1.05813,-0.246612
1581158610.575474300,0.198063,12.8901,2.10243,6.91225,1.05365,-0.256117
1581158610.582706321,0.266207,12.8985,2.20334,6.90549,1.04307,-0.255281
1581158610.588909815,0.267158,12.9131,2.04536,6.91791,1.04091,-0.256376
1581158610.595640940,0.411032,12.9481,1.91075,6.93245,1.02489,-0.256703
1581158610.601869129,0.611324,12.9622,2.11777,6.94012,1.00134,-0.2566
1581158610.608552337,0.537627,13.0234,2.18809,6.9529,1.00728,-0.257442
1581158610.614783820,0.411638,12.9954,2.24639,6.93085,1.01421,-0.25579
1581158610.620939262,0.274645,12.9838,2.28938,6.91642,1.02304,-0.254877
1581158610.627660930,0.183573,12.9645,2.00721,6.91468,1.03152,-0.255382
1581158610.633846556,0.378942,12.9576,2.00748,6.91314,1.00802,-0.253969
1581158610.676962085,0.362565,12.7758,2.27793,6.86836,0.992608,-0.248604
1581158610.719671005,0.613945,13.0278,2.11468,6.95755,0.956832,-0.255292
1581158610.725848612,0.357059,13.0653,2.00189,6.96967,0.982615,-0.258656
1581158610.732479935,0.367492,13.0029,2.18685,6.95233,0.978383,-0.258649
1581158610.738673714,0.540529,13.0297,2.35633,6.97047,0.962027,-0.261644
1581158610.744856280,0.535707,13.025,2.29588,6.98085,0.964377,-0.264194
1581158610.751441817,0.440565,13.0803,2.17335,7.00259,0.975068,-0.268002
1581158610.757634099,0.237419,13.1257,1.8222,7.01589,0.996463,-0.270022
1581158610.764505603,0.249323,13.1608,1.73939,7.01395,0.991831,-0.269792
1581158610.770619841,0.486465,13.1078,1.90933,7.00618,0.965681,-0.268679
1581158610.776844636,0.599431,13.1158,2.15109,7.01945,0.952653,-0.26982
1581158610.784497802,0.396904,13.0489,2.27331,7.01499,0.970006,-0.271965
1581158610.826965395,0.40828,13.3022,2.13828,7.04928,0.961188,-0.267119
1581158610.833633204,0.373026,13.2879,1.97223,7.03679,0.961912,-0.264307
1581158610.839840136,0.748731,13.2388,2.00475,7.02932,0.922531,-0.259832
1581158610.846576429,0.758553,13.2078,1.99325,7.03028,0.922295,-0.259529
1581158610.852815309,0.631531,13.1532,2.02021,7.0272,0.933505,-0.260006
1581158610.859496182,0.372243,13.1538,1.8826,7.03284,0.957528,-0.261772
1581158610.865792846,0.384653,13.1363,1.97546,7.02386,0.952872,-0.260703
1581158610.871920141,0.469861,13.1383,2.06519,7.02065,0.942124,-0.258753
1581158610.879073780,0.524085,13.1379,2.25499,7.01969,0.934501,-0.258501
1581158610.886555960,0.489988,13.1571,2.1824,7.04272,0.938227,-0.261432
1581158610.892970560,0.518391,13.305,1.92491,7.09799,0.939305,-0.265734
1581158610.935858923,0.721523,13.3468,2.03544,7.11392,0.91785,-0.265875
1581158610.975982584,0.461762,13.5927,2.33654,7.23952,0.930789,-0.283149
1581158610.983518663,0.42809,13.6127,2.24945,7.23839,0.930721,-0.282593
1581158610.989928650,0.593196,13.6806,2.06057,7.27047,0.91486,-0.283386
1581158610.996516280,0.78436,13.6547,2.05592,7.26784,0.893504,-0.281603
1581158611.002895712,0.91833,13.6535,2.21479,7.28615,0.880043,-0.282421
1581158611.009443635,0.867284,13.6594,2.23148,7.29118,0.88336,-0.282871
1581158611.015580686,0.657064,13.7183,2.07158,7.3094,0.903557,-0.284556
1581158611.021806194,0.660255,13.7662,2.08211,7.3213,0.901131,-0.28566
1581158611.028473379,0.565105,13.8086,2.2224,7.32688,0.908559,-0.286703
1581158611.034826964,0.645209,13.8095,2.424,7.3249,0.897744,-0.286911
1581158611.076513695,0.752645,13.8665,2.28257,7.38551,0.884268,-0.29896
1581158611.119957997,0.66971,14.3693,2.44301,7.54421,0.889859,-0.319057
1581158611.126785652,0.496485,14.4246,2.27663,7.55306,0.905632,-0.3203
1581158611.132940426,0.751271,14.3761,2.41316,7.54172,0.877111,-0.318028
1581158611.139736288,0.988239,14.3848,2.42801,7.55932,0.854282,-0.317975
1581158611.146754605,0.913104,14.3281,2.34945,7.56156,0.861932,-0.318514
1581158611.153445042,0.739313,14.2983,2.40145,7.54731,0.872658,-0.318332
1581158611.160570365,0.475029,14.2905,2.18975,7.53846,0.895956,-0.31711
1581158611.166855838,0.571477,14.2755,2.34822,7.51918,0.879955,-0.314357
1581158611.173489353,0.818152,14.2646,2.51339,7.51552,0.8514,-0.312184
1581158611.179978943,0.750961,14.2275,2.44611,7.50675,0.855775,-0.311614
1581158611.187714419,0.666515,14.182,2.37132,7.49414,0.85931,-0.310819
1581158611.231188274,0.673619,14.1091,2.24993,7.47222,0.855934,-0.307864
1581158611.237551961,0.822115,14.2688,2.39056,7.4859,0.824346,-0.306032
1581158611.243850059,0.916285,14.2692,2.3916,7.48569,0.812579,-0.306458
1581158611.250477749,0.841221,14.2671,2.24048,7.49205,0.819144,-0.308387
1581158611.256881144,0.892954,14.2638,2.16344,7.49726,0.81348,-0.30997
1581158611.263525981,0.984969,14.2648,2.37694,7.50204,0.802978,-0.311208
1581158611.269835615,0.813506,14.2435,2.46016,7.49496,0.817652,-0.312928
1581158611.276731928,0.740167,14.264,2.57939,7.49624,0.822839,-0.314919
1581158611.378975010,0.872585,14.2335,2.1364,7.47085,0.774634,-0.310186
1581158611.387576604,0.791492,14.0852,2.21164,7.4415,0.776538,-0.30971
1581158611.393836805,0.886912,14.0044,2.40575,7.42853,0.762608,-0.310227
1581158611.400567160,1.03883,13.9657,2.44993,7.43107,0.74542,-0.31088
1581158611.442968647,1.12654,14.5239,2.48547,7.58399,0.732364,-0.325077
1581158611.449731489,1.00361,14.5545,2.28405,7.60514,0.745484,-0.328712
1581158611.455996537,0.806303,14.6197,2.18534,7.62546,0.763591,-0.331733
1581158611.462815367,0.943305,14.6117,2.46417,7.62521,0.746942,-0.332004
1581158611.469542746,0.953213,14.5957,2.44077,7.63931,0.745657,-0.333999
1581158611.475778186,1.0081,14.676,2.37591,7.67141,0.740632,-0.336444
1581158611.483511737,0.966281,14.759,2.2932,7.69176,0.744467,-0.338259
1581158611.489832643,0.787058,14.8634,2.22374,7.70805,0.75935,-0.339354
1581158611.496026379,0.996192,14.8516,2.44101,7.71243,0.735799,-0.338357
1581158611.502795573,1.07747,14.7695,2.45981,7.70065,0.72628,-0.33662
1581158611.509058337,1.19506,14.7409,2.53011,7.70845,0.712521,-0.336344
1581158611.551700466,1.07486,14.7237,2.43342,7.70827,0.724065,-0.336574
1581158611.558125045,1.01239,14.7601,2.3683,7.68742,0.717561,-0.32681
1581158611.564769426,1.06764,14.7846,2.29252,7.68489,0.710026,-0.325095
1581158611.570943446,1.1539,14.7626,2.43261,7.67876,0.696822,-0.323255
1581158611.577668048,1.04841,14.6713,2.37741,7.66111,0.703586,-0.322947
1581158611.584828660,0.964727,14.6033,2.53511,7.64996,0.70729,-0.32258
1581158611.591686348,1.01577,14.5613,2.75353,7.64602,0.696289,-0.321878
1581158611.597948179,1.10123,14.6179,2.62271,7.66532,0.686446,-0.32279
1581158611.637815289,0.987045,14.8341,2.51436,7.75417,0.688131,-0.331172
1581158611.643976237,0.839179,14.832,2.50138,7.7563,0.700168,-0.332732
1581158611.650742895,0.935633,14.8886,2.43199,7.77776,0.689947,-0.334458
1581158611.657487751,1.12196,14.8965,2.54273,7.79002,0.668667,-0.33431
1581158611.699927026,1.21609,15.1275,2.95284,7.84101,0.643908,-0.334068
1581158611.706670566,1.08483,15.1017,2.85762,7.83554,0.654972,-0.333195
1581158611.712933611,1.19038,15.1473,2.5869,7.84525,0.642287,-0.331715
1581158611.719503518,1.35113,15.1777,2.63361,7.84809,0.625055,-0.330602
1581158611.727073366,1.39951,15.1555,2.74852,7.84608,0.618075,-0.330037
1581158611.733569050,1.18501,15.1118,2.70138,7.82604,0.636869,-0.330465
1581158611.739875306,0.988544,15.1395,2.38376,7.81968,0.655147,-0.330948
1581158611.746573600,0.943518,15.1055,2.14672,7.81074,0.657444,-0.330826
1581158611.785785530,1.17499,14.9993,2.57005,7.82518,0.620784,-0.340526
1581158611.792154124,1.34808,15.1062,2.77296,7.85087,0.601569,-0.342011
1581158611.798461775,1.38588,15.1438,2.83878,7.86051,0.596054,-0.343056
1581158611.804693239,1.27816,15.1362,2.68664,7.8638,0.605632,-0.344476
1581158611.847579809,1.20243,15.3413,2.4197,7.91687,0.599856,-0.350283
1581158611.853888283,1.27766,15.3387,2.49915,7.91146,0.589308,-0.348671
1581158611.860506865,1.36459,15.225,2.60781,7.88602,0.576307,-0.345563
1581158611.866858896,1.23489,15.1764,2.53163,7.88155,0.586959,-0.343881
1581158611.873019742,1.24574,15.1581,2.54855,7.87658,0.582378,-0.34253
1581158611.879729679,1.29793,15.1493,2.66477,7.87653,0.573757,-0.341792
1581158611.887437231,1.33299,15.1632,2.74775,7.86918,0.564836,-0.340404
1581158611.893761928,1.33035,15.2057,2.81403,7.87112,0.562103,-0.339448
1581158611.900091170,1.30812,15.1756,2.90657,7.85633,0.562018,-0.337036
1581158611.906699477,1.29141,15.1571,2.8065,7.84861,0.561745,-0.33544
1581158611.913464524,1.3878,15.217,2.70786,7.86044,0.550216,-0.335665
1581158611.956026100,1.27015,15.1462,2.71815,7.87108,0.551487,-0.341533
1581158611.962929752,1.17739,15.1622,2.55798,7.87574,0.558836,-0.344287
1581158611.969595380,1.19198,15.2514,2.43786,7.891,0.555812,-0.345662
1581158611.975941053,1.2725,15.336,2.42113,7.90435,0.545499,-0.347009
1581158611.983657967,1.38605,15.2918,2.53042,7.89668,0.531473,-0.347429
1581158611.989887561,1.44704,15.2055,2.65188,7.89258,0.521507,-0.349133
1581158611.996723146,1.41749,15.1325,2.46106,7.88901,0.523851,-0.350751
1581158612.003495180,1.35625,15.1061,2.38868,7.88393,0.525633,-0.351866
1581158612.009861713,1.29492,15.1061,2.53885,7.87797,0.527117,-0.351578
1581158612.015993948,1.48531,15.1642,2.64099,7.88495,0.504731,-0.351078
1581158612.022721902,1.56722,15.2204,2.82815,7.88672,0.493593,-0.350172
1581158612.028548277,1.59614,15.2965,2.65956,7.89356,0.488454,-0.349092
1581158612.105730900,1.37558,15.1431,2.4004,7.79667,0.481453,-0.345932
1581158612.111871874,1.46295,15.2418,2.48052,7.81697,0.469198,-0.34816
1581158612.118458043,1.58189,15.2153,2.62067,7.82214,0.455491,-0.349611
1581158612.131572518,1.57383,15.1741,2.46037,7.83922,0.4542,-0.354468
1581158612.137780779,1.48566,15.1667,2.43318,7.84463,0.462053,-0.356909
1581158612.143992078,1.40472,15.2047,2.42156,7.8586,0.468146,-0.360055
1581158612.150702839,1.53032,15.2412,2.73762,7.87155,0.452438,-0.361711
1581158612.157550904,1.68605,15.3188,2.78261,7.90069,0.435727,-0.36389
1581158612.163737380,1.60577,15.3948,2.63341,7.91904,0.443966,-0.365401
1581158612.219733349,1.56469,15.3935,2.66982,7.87795,0.422547,-0.35406
1581158612.225839986,1.67201,15.3708,2.65132,7.86698,0.406302,-0.350479
1581158612.268830723,1.66809,15.2837,2.62459,7.84453,0.400225,-0.346114
1581158612.275016856,1.68033,15.2786,2.74471,7.85664,0.37806,-0.341728
1581158612.282836789,1.71826,15.2889,2.91166,7.86488,0.372347,-0.341965
1581158612.289566559,1.64857,15.4086,2.73097,7.88687,0.37659,-0.342835
1581158612.295984611,1.59624,15.4241,2.73354,7.88779,0.379158,-0.342613
1581158612.302801841,1.55166,15.471,2.59811,7.89903,0.381813,-0.343156
1581158612.309572216,1.71948,15.4706,2.72716,7.91024,0.361685,-0.343708
1581158612.315909242,1.88026,15.4687,2.73881,7.92641,0.344717,-0.344714
1581158612.322557761,1.67639,15.4888,2.46116,7.93459,0.364456,-0.34644
1581158612.328794185,1.51136,15.4812,2.50308,7.92588,0.377024,-0.346746
1581158612.335417438,1.53935,15.512,2.53419,7.93208,0.369665,-0.346506
1581158612.341696329,1.74847,15.5354,2.68302,7.94033,0.345446,-0.345759
1581158612.385611538,2.00353,15.466,2.82513,7.93089,0.312746,-0.339559
1581158612.392803214,1.72681,15.4397,2.53948,7.91359,0.34,-0.33836
1581158612.399000603,1.67364,15.481,2.5512,7.91146,0.341995,-0.337873
1581158612.405745716,1.7149,15.4902,2.73611,7.91122,0.335827,-0.337209
1581158612.412027322,1.7077,15.5239,2.89406,7.91649,0.334552,-0.33822
1581158612.418878252,1.77771,15.5384,2.86186,7.92473,0.325197,-0.340136
1581158612.458858256,1.91648,15.5883,2.76152,7.98328,0.299361,-0.351375
1581158612.465499692,1.75537,15.6514,2.75456,7.98874,0.312054,-0.353766
1581158612.471634785,1.79914,15.656,3.02303,7.99194,0.303653,-0.355137
1581158612.477974093,1.94197,15.6949,3.11885,8.01326,0.286795,-0.357676
1581158612.485797160,1.97218,15.7145,2.99772,8.03248,0.281451,-0.360246
1581158612.531718383,1.95872,15.7352,2.7686,8.04102,0.281035,-0.361659
1581158612.535960477,1.75724,15.7235,2.81645,8.00793,0.277404,-0.358387
1581158612.542807538,1.89724,15.744,2.80457,8.008,0.260132,-0.35557
1581158612.549074987,2.06321,15.7665,2.8258,8.00971,0.240216,-0.352694
1581158612.555828962,2.02815,15.7563,2.66093,8.00105,0.241564,-0.350691
1581158612.562605303,2.0914,15.6466,2.81528,7.97157,0.232093,-0.347631
1581158612.602659399,1.96258,15.473,2.78137,7.9004,0.226123,-0.339069
1581158612.608752077,1.88215,15.4912,2.59893,7.90296,0.232386,-0.3395
1581158612.614845623,1.85301,15.5292,2.43285,7.90868,0.23255,-0.340137
1581158612.621747615,1.80182,15.5018,2.42364,7.90214,0.234725,-0.340348
1581158612.627768711,1.91647,15.4817,2.56278,7.90381,0.219357,-0.340237
1581158612.633964824,2.13628,15.4611,2.69575,7.90897,0.194281,-0.340299
1581158612.677211539,2.27018,15.5453,2.79454,7.89019,0.16299,-0.334573
