timestamp,va1,va2,va3,va4,va5,va6,va7
1581154253.493548693,-0.00859296,-0.0330573,9.7054e-05,-0.0599477,-0.0858378,-0.0138246,0.0908524
1581154253.500260674,-0.00891469,-0.0386187,-7.85845e-05,-0.065747,-0.0942565,-0.0189208,0.108714
1581154253.506609615,-0.00978425,-0.0449756,-0.000159965,-0.0739729,-0.108716,-0.0219679,0.115971
1581154253.513838603,-0.00992001,-0.0501507,-6.7763e-05,-0.077022,-0.113029,-0.0210684,0.122437
1581154253.521303484,-0.0101173,-0.0553514,-0.000151009,-0.0822805,-0.120414,-0.0206708,0.131911
1581154253.527836750,-0.0109012,-0.0632235,0,-0.0914723,-0.134518,-0.0234446,0.139777
1581154253.535452273,-0.00998823,-0.0611606,9.25666e-05,-0.0875521,-0.130723,-0.0232997,0.136993
1581154253.574624349,-0.0110198,-0.0738549,2.80514e-05,-0.0992001,-0.144504,-0.0282906,0.15808
1581154253.580725965,-0.0109603,-0.069733,-1.90513e-05,-0.0933296,-0.133604,-0.0208637,0.145789
1581154253.587401225,-0.0134378,-0.0759446,0.000172746,-0.103184,-0.143594,-0.0242299,0.153771
1581154253.593815163,-0.0117044,-0.068443,0.000192836,-0.0940597,-0.128884,-0.021201,0.143847
1581154253.600297497,-0.0121908,-0.0729327,4.42244e-05,-0.100101,-0.13951,-0.0230193,0.149086
1581154253.606480450,-0.0111966,-0.0662914,-0.000115812,-0.0930376,-0.127872,-0.023368,0.141135
1581154253.612941305,-0.0130348,-0.0730672,-5.71301e-05,-0.108115,-0.145228,-0.0303351,0.158779
1581154253.619509214,-0.0106448,-0.0579792,9.06962e-06,-0.0859115,-0.120151,-0.0264713,0.130841
1581154253.625832611,-0.0136658,-0.0713445,1.89734e-05,-0.102242,-0.14814,-0.032225,0.158859
1581154253.632620014,-0.0115368,-0.0579753,0,-0.082726,-0.114807,-0.0266309,0.126816
1581154253.639703370,-0.0145965,-0.0709637,-9.96946e-05,-0.103712,-0.140911,-0.0321007,0.160769
1581154253.686726832,-0.00174542,-0.00806996,-2.59821e-06,-0.011953,-0.0168661,-0.00340772,0.0187814
1581154253.693411713,-0.0843845,-0.4135,-8.57159e-06,-0.623677,-0.870347,-0.144841,0.97191
1581154253.699407759,-0.0115752,-0.0587693,0.00011971,-0.0856584,-0.118312,-0.0245041,0.132981
1581154253.705646255,-0.0115971,-0.0590274,-0.000143414,-0.0897266,-0.121917,-0.0259571,0.137664
1581154253.712504896,-0.0127599,-0.062478,-1.74932e-05,-0.0938964,-0.129412,-0.026535,0.145969
1581154253.718831742,-0.0117924,-0.058914,0.000134434,-0.0893361,-0.122103,-0.0244107,0.137245
1581154253.725638984,-0.0128247,-0.0638322,8.83219e-05,-0.0952227,-0.131455,-0.0266917,0.140445
1581154253.731850201,-0.0139227,-0.0707752,-7.68055e-05,-0.103009,-0.140617,-0.0276821,0.157922
1581154253.739562928,-0.0114389,-0.0568529,-0.000108654,-0.0842007,-0.113141,-0.0197115,0.123686
1581154253.745777274,-0.0124303,-0.0604857,-8.76773e-05,-0.0897301,-0.122963,-0.0208276,0.135808
1581154253.752433814,-0.0135184,-0.0694071,8.59853e-05,-0.102367,-0.141241,-0.0220116,0.150336
1581154253.758616505,-0.0106528,-0.0572746,8.11152e-05,-0.0839607,-0.112419,-0.0174122,0.12495
1581154253.799010883,-0.0112893,-0.0629268,-1.79106e-05,-0.092747,-0.12222,-0.0260053,0.136298
1581154253.805493289,-0.0125917,-0.0674379,0,-0.0991128,-0.129737,-0.0300543,0.145847
1581154253.811573375,-0.0114718,-0.0590566,-5.62819e-05,-0.0874499,-0.115082,-0.0260296,0.126649
1581154253.818233028,-0.0142001,-0.0705887,0.000105408,-0.103502,-0.137517,-0.026963,0.152484
1581154253.824647856,-0.0128935,-0.0655175,4.41161e-05,-0.0965818,-0.126418,-0.02306,0.138351
1581154253.831286466,-0.0121569,-0.0601864,-1.92856e-05,-0.0895175,-0.114036,-0.0197984,0.13171
1581154253.838898372,-0.0127383,-0.0634419,-6.04849e-05,-0.0927512,-0.117014,-0.0203056,0.136069
1581154253.845521870,-0.0110431,-0.0572423,9.10028e-06,-0.0852091,-0.106784,-0.0182961,0.12481
1581154253.852348200,-0.0132739,-0.0696762,3.72555e-05,-0.101524,-0.128785,-0.0229335,0.143907
1581154253.858589497,-0.0107383,-0.0571721,-1.7948e-05,-0.0830623,-0.104996,-0.0214496,0.12005
1581154253.864797700,-0.013507,-0.0709969,-1.94373e-05,-0.105742,-0.131908,-0.028074,0.147478
1581154253.905424772,-0.0108857,-0.0617719,-3.39231e-05,-0.0912848,-0.114711,-0.023764,0.127089
1581154253.911577040,-0.010299,-0.0601076,9.53914e-06,-0.0890325,-0.110273,-0.020074,0.121654
1581154253.918260033,-0.0120258,-0.0712453,6.70191e-05,-0.104374,-0.128148,-0.0221559,0.142682
1581154253.924820567,-0.0108664,-0.0639074,-1.74478e-05,-0.0946228,-0.117489,-0.0246106,0.13255
1581154253.931532722,-0.00923978,-0.0556627,6.27302e-05,-0.0833821,-0.105536,-0.025685,0.114086
1581154253.939443992,-0.00899939,-0.0547374,2.26882e-05,-0.080881,-0.102596,-0.0269074,0.116742
1581154253.945846705,-0.0105688,-0.0707873,8.53113e-05,-0.10093,-0.126651,-0.0367965,0.142409
1581154253.951819819,-0.0104222,-0.0723801,2.92493e-05,-0.105148,-0.130003,-0.0376622,0.147568
1581154253.958683069,-0.00784936,-0.0558383,-0.000106076,-0.0807477,-0.102226,-0.0275965,0.113356
1581154253.965329862,-0.00970091,-0.0685055,-3.80382e-05,-0.100823,-0.126972,-0.0297685,0.142603
1581154254.005718034,-0.0012811,-0.00920465,8.8865e-06,-0.0134878,-0.0168056,-0.0030539,0.0189514
1581154254.011873853,-0.0564745,-0.399959,4.75287e-05,-0.577556,-0.716152,-0.113548,0.808805
1581154254.018577511,-0.0133095,-0.0653891,0.000212235,-0.0945727,-0.116197,-0.0245496,0.128779
1581154254.024755069,-0.0130634,-0.0593288,0.000114427,-0.0867238,-0.107574,-0.0276334,0.116836
1581154254.031478838,-0.0144793,-0.0647993,-0.00011619,-0.0936595,-0.117679,-0.0299507,0.131645
1581154254.038780740,-0.0132674,-0.0596498,-9.0486e-05,-0.0873197,-0.108916,-0.0285253,0.116865
1581154254.045500524,-0.0142571,-0.0661731,1.78496e-05,-0.094491,-0.117026,-0.0302896,0.129429
1581154254.051833529,-0.0152085,-0.0704636,-0.000257941,-0.100489,-0.120613,-0.0321366,0.133189
1581154254.058489890,-0.0126505,-0.0565364,-0.000109043,-0.0829643,-0.0965654,-0.0242559,0.111355
1581154254.064759401,-0.0152307,-0.0686741,-8.43574e-05,-0.099323,-0.117962,-0.0264312,0.134077
1581154254.071522932,-0.0124406,-0.0559741,0.000185539,-0.0795477,-0.0959202,-0.020163,0.105251
1581154254.111514428,-0.0134639,-0.0630593,-1.65521e-05,-0.0909803,-0.107776,-0.0247819,0.123073
1581154254.117718036,-0.0111133,-0.0605629,-0.000183612,-0.0866744,-0.098787,-0.0218305,0.115646
1581154254.124492596,-0.0111093,-0.061974,-6.84774e-05,-0.0905174,-0.103951,-0.022655,0.121115
1581154254.130675722,-0.0103795,-0.0608369,-1.93175e-05,-0.0876361,-0.101777,-0.0212325,0.115334
1581154254.138733226,-0.00984084,-0.0639957,0.000158471,-0.090077,-0.104591,-0.0213042,0.1192
1581154254.145422969,-0.00953603,-0.0650699,0.000188927,-0.0948204,-0.107365,-0.0203765,0.124211
1581154254.151742123,-0.00828958,-0.0592814,0.000141465,-0.084584,-0.0966911,-0.0182955,0.11148
1581154254.158486529,-0.00868162,-0.0641417,-1.76515e-05,-0.0916776,-0.108259,-0.0192602,0.12426
1581154254.164788087,-0.00816983,-0.0613557,-1.92801e-05,-0.0860002,-0.101626,-0.0172946,0.113548
1581154254.171468451,-0.00871155,-0.0662886,3.59196e-05,-0.0940757,-0.108375,-0.01842,0.124566
1581154254.177770747,-0.00809599,-0.0594979,0,-0.0849984,-0.0960674,-0.0184738,0.112867
1581154254.184348452,-0.00992332,-0.069626,6.70457e-05,-0.10022,-0.113532,-0.0246263,0.124358
1581154254.224650697,-0.010516,-0.0619679,-5.91211e-06,-0.0888195,-0.101138,-0.0276543,0.112761
1581154254.230648425,-0.0111043,-0.0613008,-0.000164304,-0.0875395,-0.0995657,-0.022025,0.111633
1581154254.238673962,-0.011511,-0.0618802,-8.87065e-05,-0.0888724,-0.100179,-0.0223567,0.110061
1581154254.245528140,-0.0120089,-0.0634579,2.653e-05,-0.0917114,-0.103796,-0.0229389,0.120301
1581154254.251790195,-0.0126497,-0.0689291,8.6495e-05,-0.0999285,-0.114685,-0.0253666,0.126968
1581154254.258637842,-0.0102695,-0.056177,0,-0.0798384,-0.0891473,-0.0202205,0.102244
1581154254.264804173,-0.0110995,-0.0615201,0,-0.0880557,-0.0982294,-0.0245963,0.11502
1581154254.271362115,-0.0123439,-0.0648211,4.48285e-05,-0.0934442,-0.104244,-0.0295196,0.118616
1581154254.277658991,-0.011154,-0.0585417,0.000135193,-0.087011,-0.097097,-0.0266055,0.111328
1581154254.284342111,-0.0125816,-0.0669479,1.88835e-05,-0.0987182,-0.111315,-0.0267395,0.125552
1581154254.325616028,-0.010602,-0.0606855,8.79252e-06,-0.0876133,-0.0970617,-0.0187451,0.110713
1581154254.334610045,-0.0101874,-0.0638566,-0.000148396,-0.0917736,-0.101151,-0.0162369,0.116469
1581154254.338416586,-0.0100006,-0.0626069,-2.62952e-05,-0.0913466,-0.101265,-0.0170738,0.113565
1581154254.344737848,-0.010202,-0.0669891,6.57548e-05,-0.0978393,-0.110369,-0.0232316,0.12496
1581154254.351477348,-0.00792989,-0.0543789,-1.76671e-05,-0.0790605,-0.087628,-0.0239398,0.0987439
1581154254.358156103,-0.0097483,-0.0701282,-0.000211086,-0.099469,-0.111223,-0.0325359,0.121307
1581154254.364523844,-0.00793332,-0.0552411,-8.8539e-05,-0.0799354,-0.0867425,-0.0264385,0.100318
1581154254.371557032,-0.0104177,-0.0691768,-1.70003e-05,-0.101841,-0.112369,-0.034992,0.124019
1581154254.378576176,-0.00956366,-0.0523088,0.000179967,-0.0758066,-0.0848595,-0.0251603,0.0919517
1581154254.385193499,-0.0127443,-0.0653123,0.000379613,-0.0937926,-0.10019,-0.0287244,0.114446
1581154254.391456175,-0.0122396,-0.0594016,4.77808e-05,-0.0847884,-0.0892639,-0.0204948,0.0994549
1581154254.431328087,-0.0151939,-0.0628029,-7.15906e-05,-0.0911618,-0.0946599,-0.0178016,0.109149
1581154254.438941226,-0.0153695,-0.0628544,0,-0.0915977,-0.0944499,-0.0223584,0.112824
1581154254.446448808,-0.0132236,-0.0569881,7.91807e-05,-0.0818595,-0.0863666,-0.0246418,0.0995411
1581154254.452590372,-0.0122135,-0.0594171,-3.83723e-05,-0.0854366,-0.088927,-0.0267583,0.102956
1581154254.459383431,-0.012925,-0.0672513,-0.000207858,-0.0963231,-0.100951,-0.0309046,0.119754
1581154254.465643308,-0.00972415,-0.0555277,-4.54469e-05,-0.0779023,-0.0822427,-0.0260644,0.0955694
1581154254.471873131,-0.0113265,-0.0686441,4.82464e-05,-0.0969605,-0.103795,-0.0310466,0.120569
1581154254.478515349,-0.00863676,-0.0551121,0,-0.0783677,-0.0849937,-0.0241525,0.0960896
1581154254.484738281,-0.0090207,-0.0593101,-7.61148e-05,-0.0826992,-0.0892935,-0.0224756,0.0996273
1581154254.491297022,-0.0103066,-0.0697889,-1.93252e-05,-0.097463,-0.103456,-0.0237331,0.120877
1581154254.497741114,-0.00772272,-0.0538916,8.81564e-05,-0.0771744,-0.0788494,-0.0174907,0.0933339
1581154254.539703185,-0.00857348,-0.0622791,6.87592e-05,-0.0874036,-0.0903938,-0.0229013,0.104721
1581154254.546569562,-0.00876306,-0.0691078,-9.40214e-05,-0.0958953,-0.101697,-0.0263926,0.110892
1581154254.552565367,-0.00736838,-0.0568847,-0.000127191,-0.0798348,-0.0839506,-0.021978,0.0938447
1581154254.559130246,-0.00875934,-0.0677294,-9.42007e-05,-0.0954955,-0.0997019,-0.0237632,0.108861
1581154254.565369008,-0.0072864,-0.0549109,0.000108756,-0.0791355,-0.0808973,-0.0171376,0.0925211
1581154254.571804600,-0.0100514,-0.0686733,7.53697e-05,-0.0953608,-0.0989047,-0.0190948,0.111714
1581154254.578552681,-0.00951305,-0.0565791,4.45691e-05,-0.0772635,-0.0799275,-0.0140779,0.0861792
1581154254.584783516,-0.0136812,-0.0707567,-4.81629e-05,-0.0981191,-0.101711,-0.0180457,0.112899
1581154254.591469298,-0.011433,-0.0549709,-2.6755e-05,-0.0783897,-0.0800342,-0.0138676,0.0918114
1581154254.597697109,-0.0134906,-0.0590956,6.81797e-05,-0.0844112,-0.0865424,-0.0151562,0.0961387
1581154254.604410299,-0.0154324,-0.0643315,0,-0.0892057,-0.0913283,-0.0203411,0.105139
1581154254.645796752,-0.0142817,-0.0619809,-2.32104e-05,-0.0861735,-0.0872392,-0.0288377,0.101199
1581154254.652717383,-0.0133658,-0.063982,-7.03078e-05,-0.0904588,-0.0905327,-0.0193765,0.104352
1581154254.658846402,-0.0123984,-0.0596498,1.93639e-05,-0.084282,-0.0852654,-0.015844,0.0966514
1581154254.665339848,-0.012719,-0.0686865,0.000105283,-0.0969957,-0.0980312,-0.016595,0.113811
1581154254.671597802,-0.00875597,-0.0559063,-4.51874e-05,-0.0784604,-0.0784478,-0.0139698,0.0907043
1581154254.678596568,-0.0093128,-0.0632768,-0.000103863,-0.0880821,-0.088115,-0.0152069,0.100113
1581154254.684899259,-0.0087914,-0.0598163,-0.000182954,-0.0842454,-0.0847982,-0.0140586,0.0968404
1581154254.691553114,-0.00943101,-0.0638185,0,-0.090272,-0.0932224,-0.0169327,0.104046
1581154254.697746979,-0.00847809,-0.0592884,0.000155382,-0.0836835,-0.0818403,-0.0207145,0.0969688
1581154254.704415318,-0.0093418,-0.0685033,9.48377e-05,-0.0963201,-0.0914718,-0.0288126,0.112576
1581154254.710599942,-0.00783386,-0.0564456,0.000172672,-0.0789292,-0.0738382,-0.0273912,0.0900075
1581154254.716788788,-0.00963821,-0.0691886,-4.77985e-05,-0.0961718,-0.0911652,-0.0341353,0.109778
1581154254.773180391,-0.00846509,-0.060669,2.35559e-05,-0.0853351,-0.0824812,-0.0206167,0.0958249
1581154254.779349726,-0.01187,-0.0640581,6.31346e-05,-0.0915413,-0.0865317,-0.0174171,0.0987841
1581154254.785692874,-0.0114728,-0.0579889,-6.62585e-05,-0.0814268,-0.0773942,-0.0166981,0.0941586
1581154254.791945191,-0.0148195,-0.0700218,2.94631e-05,-0.0996509,-0.0935719,-0.0232653,0.110267
1581154254.798660107,-0.0122762,-0.055159,-4.42614e-05,-0.0769411,-0.0735831,-0.0226407,0.0833049
1581154254.804759612,-0.0144234,-0.0605704,-4.8586e-05,-0.0841687,-0.081564,-0.0270973,0.0941407
1581154254.811574882,-0.0161353,-0.0636117,-0.000241367,-0.0898841,-0.0859598,-0.0304292,0.101791
1581154254.817954521,-0.0147122,-0.0580299,-0.000180927,-0.0831025,-0.07749,-0.0272533,0.0899873
1581154254.824585234,-0.0157449,-0.06476,-1.79899e-05,-0.0906748,-0.0840927,-0.0294486,0.102904
1581154254.830804741,-0.0138988,-0.0591719,9.48869e-05,-0.0813626,-0.0764444,-0.0265168,0.0945973
1581154254.838444085,-0.0156844,-0.0691079,5.00162e-05,-0.0955987,-0.0914679,-0.0213628,0.104779
1581154254.878163254,-0.011175,-0.0614979,-3.45225e-05,-0.0866022,-0.0804637,-0.0160473,0.0942784
1581154254.884662480,-0.00827442,-0.0539824,5.42009e-05,-0.0783631,-0.0725981,-0.0181748,0.0838643
1581154254.890726387,-0.00864096,-0.0585792,0.000162131,-0.0825564,-0.0765288,-0.0231379,0.0888512
1581154254.897364722,-0.00940606,-0.0652088,0.000181071,-0.0914806,-0.0831138,-0.0265253,0.0965232
1581154254.903684226,-0.00862981,-0.0591209,3.84354e-05,-0.0839147,-0.0750043,-0.0241788,0.0887966
1581154254.909859883,-0.0101142,-0.0678767,-8.71109e-05,-0.0982194,-0.0890594,-0.0290264,0.107201
1581154254.916560626,-0.00821264,-0.0528711,2.68981e-05,-0.0770876,-0.0731749,-0.0223427,0.0821981
1581154254.922697025,-0.00868351,-0.0574922,1.92604e-05,-0.0820024,-0.07871,-0.0237593,0.0884429
1581154254.929727599,-0.00917462,-0.0625471,0,-0.0882047,-0.081549,-0.0241995,0.0961468
1581154254.937372115,-0.00993718,-0.0669694,-0.000139392,-0.0950756,-0.0871062,-0.0227112,0.1007
1581154254.944414606,-0.00874662,-0.0603961,-5.99049e-05,-0.0854891,-0.0788735,-0.0194873,0.0890237
1581154254.989824093,-0.00884895,-0.0598398,2.10813e-05,-0.0856014,-0.0772489,-0.0207639,0.0898519
1581154254.996717297,-0.0111053,-0.0590479,0.000192979,-0.0826092,-0.0747169,-0.0235613,0.0903665
1581154255.003376311,-0.0125967,-0.0624336,-6.11192e-05,-0.0882032,-0.0801721,-0.02453,0.0927862
1581154255.009878695,-0.0129567,-0.0590927,-0.000110088,-0.0845573,-0.076243,-0.0243637,0.0865812
1581154255.016681398,-0.0125815,-0.0561604,2.82316e-05,-0.0808059,-0.0724213,-0.0230175,0.0863015
1581154255.023590006,-0.0131474,-0.0611431,0.000121583,-0.086144,-0.0783215,-0.0207284,0.0939681
1581154255.029847102,-0.0135041,-0.0639807,-8.08656e-05,-0.0882935,-0.0797849,-0.0166848,0.0929926
1581154255.037747797,-0.0133998,-0.0653884,-0.000232411,-0.088189,-0.0820148,-0.0178317,0.0983831
1581154255.044570764,-0.0109942,-0.0549347,-0.000127426,-0.0760859,-0.0701155,-0.0140522,0.0856058
1581154255.050953766,-0.0125628,-0.0659362,3.72739e-05,-0.0897665,-0.0843686,-0.0165144,0.0967003
1581154255.057532972,-0.0098401,-0.0540635,0.000237012,-0.0722339,-0.0674569,-0.0129299,0.0790192
1581154255.063907179,-0.0115458,-0.0631232,0.000187236,-0.0857246,-0.0798135,-0.0166902,0.0941232
1581154255.108822702,-0.0110089,-0.0606947,-6.38296e-05,-0.0832299,-0.0744272,-0.0242931,0.0865489
1581154255.114837911,-0.0109026,-0.0585462,6.75523e-05,-0.0814707,-0.0718147,-0.023185,0.0821654
1581154255.121493493,-0.0114325,-0.0643823,0.000107083,-0.0876132,-0.0784369,-0.0214816,0.0914418
1581154255.127723031,-0.0107705,-0.0598718,0.000116128,-0.081258,-0.0734525,-0.0183089,0.0870449
1581154255.135861128,-0.00936758,-0.052837,5.9625e-05,-0.0728167,-0.0646862,-0.0170509,0.0759541
1581154255.142463244,-0.0136199,-0.0783267,1.92669e-05,-0.107157,-0.0942619,-0.0252446,0.111591
1581154255.148736711,-0.00903136,-0.055172,0,-0.0736602,-0.0645934,-0.01785,0.0795363
1581154255.155459204,-0.0107385,-0.0650982,7.21386e-05,-0.0874047,-0.0767906,-0.0213778,0.0929407
1581154255.161682605,-0.00976044,-0.0593334,-7.70897e-05,-0.0818605,-0.0719786,-0.0215539,0.0799527
1581154255.168387905,-0.0107925,-0.062143,-0.000105883,-0.0864372,-0.0769366,-0.0258385,0.0891641
1581154255.174599399,-0.0101484,-0.0585045,-1.94853e-05,-0.0808466,-0.0696716,-0.0251958,0.0874207
1581154255.215773402,-0.00185148,-0.0107149,0,-0.0143319,-0.0121528,-0.00405696,0.0148562
1581154255.221702850,-0.0738841,-0.37313,1.8146e-05,-0.508735,-0.428742,-0.099407,0.515492
1581154255.228424024,-0.0125646,-0.0629371,-6.15604e-05,-0.0862022,-0.0715081,-0.0145517,0.0867737
1581154255.235651251,-0.0097894,-0.0501178,-8.29836e-06,-0.0697713,-0.0566739,-0.0120229,0.0689742
1581154255.242956111,-0.0126597,-0.0659621,-1.65002e-05,-0.0913639,-0.0767331,-0.0183338,0.0959824
1581154255.249551901,-0.0118927,-0.0656964,7.28016e-05,-0.0886356,-0.0759094,-0.0241675,0.0914108
1581154255.255763343,-0.010776,-0.0595555,0.000182156,-0.08128,-0.0704081,-0.024687,0.0798899
1581154255.262555523,-0.0121064,-0.0639471,-8.08913e-05,-0.0884834,-0.0760427,-0.0271427,0.0910359
1581154255.268725497,-0.0105397,-0.0580261,-4.81602e-05,-0.0803483,-0.0685947,-0.0258386,0.0853676
1581154255.275390600,-0.0108982,-0.0661248,0,-0.0905422,-0.0765517,-0.0306584,0.0933421
1581154255.281576353,-0.00872419,-0.0562691,1.82409e-05,-0.0763457,-0.0622739,-0.0254425,0.0755792
1581154255.287976809,-0.0109409,-0.070062,-9.6223e-05,-0.094436,-0.0764726,-0.0285021,0.0950519
1581154255.327837844,-0.00961316,-0.0595405,1.50401e-06,-0.0818488,-0.0678833,-0.0145597,0.0818142
1581154255.335631093,-0.00970142,-0.0583638,-7.76021e-05,-0.0812883,-0.0673822,-0.0143096,0.0822972
1581154255.340847362,-0.0106524,-0.0678804,1.6832e-05,-0.0941281,-0.0812577,-0.0187785,0.0936313
1581154255.347424864,-0.00826139,-0.0545252,7.14575e-05,-0.0758172,-0.0649479,-0.019872,0.0734237
1581154255.353665536,-0.0100588,-0.0686633,-4.80438e-05,-0.0948528,-0.0798404,-0.0283319,0.0949393
1581154255.360579882,-0.0075612,-0.0534296,-4.39512e-05,-0.0740206,-0.0621214,-0.0241783,0.0744603
1581154255.366813113,-0.00826545,-0.0584254,1.95519e-05,-0.0813827,-0.0680485,-0.0288165,0.0801992
1581154255.373524146,-0.00838618,-0.0624648,7.04797e-05,-0.0857999,-0.0712333,-0.0297569,0.0850863
1581154255.380880518,-0.00786415,-0.0586273,0.000238554,-0.0801303,-0.0660588,-0.0272366,0.0820552
1581154255.387696446,-0.00848177,-0.0622379,6.17143e-05,-0.0854085,-0.0716631,-0.0208165,0.0822168
1581154255.393927584,-0.00957606,-0.0688527,-0.000213017,-0.0953636,-0.0789632,-0.0168186,0.082602
1581154255.433962474,-0.00985125,-0.0594537,-2.4086e-05,-0.0820105,-0.0667886,-0.012704,0.0773272
1581154255.441414125,-0.0104691,-0.0619627,5.3738e-05,-0.0862013,-0.0704285,-0.0197869,0.0787869
1581154255.447917796,-0.0113231,-0.0676183,0,-0.0933893,-0.0738832,-0.0251875,0.0846923
1581154255.454935025,-0.00999382,-0.0528458,7.86781e-05,-0.073463,-0.0588543,-0.0206697,0.0754478
1581154255.461274931,-0.0126734,-0.0668718,-1.90898e-05,-0.0926197,-0.0756849,-0.0270563,0.0973853
1581154255.467743038,-0.0102424,-0.054465,-0.000107535,-0.0745556,-0.060089,-0.023218,0.0738477
1581154255.473901135,-0.0127913,-0.0691953,3.88745e-05,-0.0956235,-0.0762655,-0.0302286,0.0933004
1581154255.480578153,-0.0102327,-0.0544,8.86688e-05,-0.0733491,-0.0605804,-0.0221147,0.075956
1581154255.486819680,-0.0114234,-0.0579679,-4.83528e-05,-0.0809597,-0.0657892,-0.0237076,0.0820431
1581154255.493586326,-0.0123593,-0.0614599,-6.20146e-05,-0.0861608,-0.0704525,-0.0251616,0.0836535
1581154255.499815752,-0.0113844,-0.0580702,-4.82464e-05,-0.0803373,-0.0650339,-0.0217847,0.0802601
1581154255.506589627,-0.0121726,-0.063377,6.1966e-05,-0.0854736,-0.0686692,-0.0155809,0.0882976
1581154255.548726042,-0.0118704,-0.0616656,1.44606e-06,-0.0834292,-0.0688023,-0.0141668,0.0777056
1581154255.554944897,-0.00962983,-0.0544407,-4.4755e-05,-0.0738167,-0.0578362,-0.0217476,0.0705053
1581154255.561015340,-0.0101699,-0.0575075,-7.71995e-05,-0.0792368,-0.0603944,-0.0254731,0.0754641
1581154255.567685153,-0.0108613,-0.0622851,0,-0.0847484,-0.0664707,-0.0292282,0.0791348
1581154255.573866683,-0.0114806,-0.0697598,5.77898e-05,-0.0917096,-0.0726434,-0.0332089,0.0880497
1581154255.580716251,-0.00910619,-0.0546371,-8.88764e-06,-0.0742279,-0.0578812,-0.0261092,0.0702617
1581154255.586836664,-0.00999741,-0.0589422,0,-0.0800757,-0.0618681,-0.0225424,0.0744015
1581154255.593446270,-0.0117568,-0.0676329,0,-0.0930496,-0.0721367,-0.0189345,0.0861617
1581154255.599689331,-0.00935673,-0.0538977,4.48617e-05,-0.0728623,-0.0576583,-0.0140575,0.0709964
1581154255.605877556,-0.0108349,-0.060205,0.000166685,-0.0802668,-0.0627387,-0.0145021,0.0790705
1581154255.612504435,-0.0119127,-0.0652909,4.48927e-05,-0.0860731,-0.0674077,-0.0144443,0.0811177
1581154255.653556921,-0.0118329,-0.0611478,-3.99323e-05,-0.0824651,-0.0656503,-0.0151842,0.0787441
1581154255.659902161,-0.0101317,-0.0540446,-0.000170205,-0.073878,-0.0562286,-0.0213652,0.0715578
1581154255.665761501,-0.0112834,-0.0594968,7.82294e-05,-0.0798343,-0.0620762,-0.025588,0.0741926
1581154255.672463477,-0.0117942,-0.063179,0.00023178,-0.0848062,-0.0678093,-0.028037,0.077817
1581154255.678787871,-0.0112886,-0.058409,1.91709e-05,-0.0782335,-0.0616277,-0.0257709,0.0749342
1581154255.685484979,-0.0124933,-0.0633632,-8.07036e-05,-0.0860359,-0.0661237,-0.0280359,0.080852
1581154255.691670520,-0.0115007,-0.057494,-0.000183779,-0.0788414,-0.0604964,-0.022866,0.0703005
1581154255.697907347,-0.0131671,-0.0674994,3.80232e-05,-0.0889661,-0.0677656,-0.0198981,0.081988
1581154255.704681174,-0.0103441,-0.0547651,0.000180678,-0.0734749,-0.0553036,-0.0139126,0.0706833
1581154255.710976147,-0.0114954,-0.066314,-0.00018922,-0.0905065,-0.0687569,-0.0151759,0.0863435
1581154255.717761777,-0.00871069,-0.0535122,-0.000168194,-0.0722526,-0.0562582,-0.0121985,0.0660028
1581154255.724458125,-0.00977981,-0.0622563,-4.4501e-05,-0.0846102,-0.0676597,-0.0132237,0.0768326
1581154255.766775530,-0.00845758,-0.0601698,5.11821e-05,-0.080942,-0.0612733,-0.017191,0.0768845
1581154255.772874103,-0.0073737,-0.0582751,-6.67008e-05,-0.0774048,-0.0592335,-0.0243218,0.070336
1581154255.779537678,-0.008161,-0.0625976,-6.27734e-05,-0.0854753,-0.0649867,-0.0288594,0.0787223
1581154255.785782634,-0.00741834,-0.0582578,-0.000126392,-0.0783155,-0.0602646,-0.026533,0.0738918
1581154255.792474835,-0.0082951,-0.0671581,2.84738e-05,-0.0892151,-0.0671201,-0.027277,0.0832832
1581154255.798604373,-0.00687133,-0.0562166,0.000128257,-0.0743569,-0.0552491,-0.0182044,0.0672199
1581154255.804915152,-0.00839126,-0.0686143,0,-0.0909339,-0.0668561,-0.0177054,0.0837509
1581154255.811472158,-0.00867779,-0.0587869,1.94853e-05,-0.0792396,-0.0587791,-0.0136838,0.0744381
1581154255.817774208,-0.00927467,-0.0527936,0.000160066,-0.0723211,-0.0549615,-0.0107686,0.0663543
1581154255.824447509,-0.0131579,-0.0677449,0.000250439,-0.0922691,-0.0714342,-0.0131387,0.0812207
1581154255.830821992,-0.011191,-0.0543069,0.000177208,-0.0725953,-0.0559001,-0.00946318,0.066384
1581154255.838504864,-0.013532,-0.0635889,-3.87655e-05,-0.0842243,-0.0641721,-0.011508,0.0782842
1581154255.879690859,-0.0128815,-0.0592152,-8.76592e-05,-0.0809766,-0.0610342,-0.0200418,0.0742167
1581154255.885968459,-0.0122586,-0.0552445,0.000133135,-0.0758815,-0.0575327,-0.0211506,0.0733709
1581154255.899099782,-0.0139401,-0.0632454,0.000118521,-0.0853088,-0.0634405,-0.0246299,0.0782248
1581154255.905494351,-0.0118909,-0.0548685,-0.0001722,-0.0739556,-0.0533205,-0.0200024,0.0642852
1581154255.911775872,-0.0124088,-0.0567803,-0.000191045,-0.0776718,-0.0562454,-0.0201272,0.0717587
1581154255.918486278,-0.0133364,-0.065289,-0.00013451,-0.0907896,-0.0660903,-0.0195819,0.0858605
1581154255.925078021,-0.00973565,-0.0516444,-0.000160336,-0.0721845,-0.0530018,-0.011811,0.0648271
1581154255.930896330,-0.0114187,-0.0672596,3.88344e-05,-0.0907476,-0.0690404,-0.0139238,0.0796881
1581154255.938808931,-0.00849073,-0.0541217,1.53175e-05,-0.0698629,-0.0541692,-0.00995306,0.0662492
1581154255.945635490,-0.00911545,-0.0606326,-3.49879e-05,-0.0803069,-0.0611242,-0.0118886,0.0752943
1581154255.952054650,-0.00944722,-0.0649627,0.000132918,-0.0876645,-0.0664173,-0.0127134,0.0772773
1581154255.958805997,-0.00693181,-0.0517065,0.000273396,-0.0694593,-0.0526325,-0.0115266,0.0603139
1581154255.999795567,-0.00727301,-0.0594896,1.46608e-06,-0.0796789,-0.0596064,-0.0222063,0.0732376
1581154256.005987626,-0.00707021,-0.0575057,-0.000144491,-0.0766164,-0.0564384,-0.0223858,0.0700664
1581154256.012464899,-0.00796287,-0.0621676,-8.92185e-06,-0.0823961,-0.0606036,-0.0245581,0.073728
1581154256.018690570,-0.00818328,-0.0561043,9.57676e-06,-0.0760833,-0.0560372,-0.020209,0.0695578
1581154256.025608724,-0.0107641,-0.0609376,0.000193789,-0.0816025,-0.0611808,-0.0163927,0.0780262
1581154256.031973063,-0.0129782,-0.0660021,0.000273139,-0.0862322,-0.0674638,-0.013336,0.079875
1581154256.039521596,-0.0117408,-0.0552868,-7.97516e-06,-0.0737343,-0.0570439,-0.0110478,0.0618661
1581154256.045838324,-0.0121707,-0.0564365,-0.000112782,-0.0751484,-0.055788,-0.010667,0.0634757
1581154256.052426963,-0.0151468,-0.0678541,-0.000272374,-0.090657,-0.0639726,-0.0138432,0.0792847
1581154256.058727667,-0.0116953,-0.0537323,-7.14839e-05,-0.0705113,-0.0488183,-0.0112307,0.0633369
1581154256.064917712,-0.0128124,-0.0584976,2.9032e-05,-0.0775227,-0.0519153,-0.011206,0.0661232
1581154256.105772659,-0.012684,-0.0602734,1.47381e-05,-0.0801115,-0.0562848,-0.0215213,0.0706597
1581154256.111934864,-0.0113008,-0.057052,-9.61738e-05,-0.0750562,-0.0550746,-0.0228612,0.0680065
1581154256.118527916,-0.0123791,-0.0623159,-8.94417e-05,-0.0824051,-0.0599063,-0.0234523,0.0713319
1581154256.124711089,-0.010726,-0.0573028,-4.70925e-05,-0.0747809,-0.0532328,-0.0182785,0.0653168
1581154256.131443394,-0.0118316,-0.063423,4.46206e-05,-0.0823124,-0.0591329,-0.0169532,0.074737
1581154256.139379894,-0.0118887,-0.0647853,3.21277e-05,-0.0838795,-0.0623481,-0.0161461,0.0770596
1581154256.145751754,-0.00913001,-0.053477,-5.3919e-05,-0.0714674,-0.0527383,-0.0116012,0.0621127
1581154256.152330549,-0.0102797,-0.0668945,-7.64198e-05,-0.0885812,-0.0640628,-0.0135948,0.0776232
1581154256.158844157,-0.00794066,-0.0541256,0.000150318,-0.0697328,-0.0509193,-0.0100982,0.064047
1581154256.165521165,-0.00938547,-0.0682848,9.50881e-05,-0.0877499,-0.0623492,-0.0134458,0.0809604
1581154256.171697378,-0.00733494,-0.0550527,-9.04403e-05,-0.0723725,-0.0504455,-0.0115677,0.0619445
1581154256.211951937,-0.00790634,-0.0613718,1.49034e-06,-0.0805919,-0.0576128,-0.0207918,0.0702027
1581154256.218454437,-0.00748659,-0.0531584,9.97089e-05,-0.0709413,-0.050278,-0.0233843,0.0636995
1581154256.224821931,-0.00945518,-0.0656838,9.30093e-06,-0.0849385,-0.0586371,-0.0257877,0.0756695
1581154256.231447495,-0.00887772,-0.0608007,-5.84078e-05,-0.0772712,-0.0515063,-0.0168988,0.0637015
1581154256.238904658,-0.00899627,-0.0544535,-6.90861e-05,-0.0703274,-0.048107,-0.012604,0.0583145
1581154256.246490644,-0.0112212,-0.0630464,1.57433e-05,-0.0830651,-0.0575255,-0.0131412,0.0740788
1581154256.252782218,-0.0107593,-0.0563225,0.00016143,-0.0750587,-0.0538022,-0.0123262,0.067889
1581154256.259497552,-0.0129521,-0.0682655,0.000242732,-0.0888588,-0.0657586,-0.0145929,0.0771786
1581154256.265614574,-0.0103911,-0.0552043,-5.37024e-05,-0.0702137,-0.0509655,-0.0109639,0.0582653
1581154256.272559873,-0.0125387,-0.0656034,-0.000383646,-0.0864232,-0.0612485,-0.0123047,0.0747173
1581154256.311844009,-0.00180935,-0.00916502,-1.5359e-05,-0.0120634,-0.00855217,-0.00163118,0.0109897
1581154256.318175833,-0.0675918,-0.350727,0.000140687,-0.464262,-0.31645,-0.108558,0.406483
1581154256.324641063,-0.0101582,-0.0537798,8.00584e-05,-0.0700934,-0.0483467,-0.0205833,0.0590724
1581154256.336472703,-0.0107113,-0.0575184,0.000133663,-0.0751606,-0.0508491,-0.0226351,0.064917
1581154256.342359705,-0.0114666,-0.0615745,-0.000170072,-0.08089,-0.0548007,-0.0235826,0.0710519
1581154256.348726106,-0.0117809,-0.064809,-9.37195e-05,-0.0866931,-0.0582728,-0.017498,0.0720069
1581154256.355477894,-0.00960259,-0.0531492,0.000151849,-0.0706572,-0.0483077,-0.0113891,0.0602686
1581154256.361853063,-0.0114329,-0.0659403,0.000198593,-0.0858746,-0.0622919,-0.012927,0.0756426
1581154256.368704439,-0.00898119,-0.0521828,-7.94821e-05,-0.0699068,-0.0516017,-0.0113126,0.0605282
1581154256.375102736,-0.0110482,-0.0674075,-0.000144614,-0.0890701,-0.0662815,-0.0128799,0.0747055
1581154256.381813021,-0.00857554,-0.0528324,1.76874e-05,-0.0687899,-0.0512057,-0.00919439,0.0580396
1581154256.388042346,-0.00900139,-0.0584314,3.87944e-05,-0.0750568,-0.0548153,-0.00939908,0.0663755
1581154256.394829468,-0.00945725,-0.0619459,5.26394e-05,-0.0809832,-0.0574664,-0.00979939,0.0697977
1581154256.436031716,-0.00890587,-0.0581817,-2.91923e-06,-0.0770377,-0.0532798,-0.0190692,0.0655658
1581154256.442519748,-0.0121431,-0.0691858,-3.51582e-05,-0.0913369,-0.0626451,-0.0282314,0.0793432
1581154256.448824825,-0.0103978,-0.0565722,-9.46428e-06,-0.0744605,-0.0505153,-0.0226232,0.0661082
1581154256.455690984,-0.0121216,-0.0627948,0.000133895,-0.0827981,-0.0556557,-0.0226275,0.0718547
1581154256.461996917,-0.0131339,-0.0675118,8.59077e-05,-0.0877091,-0.0585376,-0.0174387,0.0712821
1581154256.468544657,-0.010758,-0.0536087,-9.97036e-05,-0.0717532,-0.0476651,-0.00984263,0.0575241
1581154256.517055670,-0.010905,-0.0594649,-9.97592e-06,-0.0781483,-0.0533018,-0.0112517,0.0665724
1581154256.523908153,-0.00967112,-0.0562515,6.47171e-05,-0.0718955,-0.0489067,-0.0160692,0.057361
1581154256.530703198,-0.0109252,-0.0623539,-6.18205e-05,-0.0794085,-0.0535148,-0.0190594,0.0639966
1581154256.538730154,-0.0100587,-0.0594035,-5.97459e-05,-0.0771984,-0.0525589,-0.0200874,0.0670502
1581154256.545501538,-0.0103505,-0.0603766,-7.08248e-05,-0.0804047,-0.0560292,-0.0212589,0.0710547
1581154256.551668714,-0.00924591,-0.0561583,-9.49479e-06,-0.0739484,-0.0507074,-0.0193169,0.0622748
1581154256.558438280,-0.00992751,-0.063188,4.44053e-05,-0.0806366,-0.0558356,-0.0222969,0.0646176
1581154256.564878578,-0.00948041,-0.0619439,0,-0.0811336,-0.0549424,-0.0239343,0.0668646
1581154256.571443834,-0.00882393,-0.0556637,1.8684e-05,-0.072704,-0.0492196,-0.0220692,0.063581
1581154256.577749802,-0.009657,-0.0611848,8.91003e-05,-0.0786814,-0.0547064,-0.0216392,0.0706369
1581154256.584635596,-0.00939194,-0.0606087,0.000122878,-0.0763907,-0.0540413,-0.0164754,0.0663667
1581154256.591425662,-0.00855373,-0.0570155,9.44094e-05,-0.0707336,-0.0504539,-0.0129533,0.060877
1581154256.597871033,-0.00907999,-0.0629641,-8.89297e-05,-0.0793365,-0.0553657,-0.0131887,0.0701498
1581154256.638079979,-0.00923009,-0.0604309,-1.6343e-05,-0.0767515,-0.049789,-0.0115525,0.0669107
1581154256.644758405,-0.0103602,-0.0516706,1.73729e-05,-0.0653075,-0.0422334,-0.0112467,0.0551994
1581154256.651450692,-0.013047,-0.0617868,0.000124436,-0.080122,-0.0502258,-0.0170287,0.0671016
1581154256.657928107,-0.0126095,-0.0568662,5.6887e-05,-0.0729837,-0.0474802,-0.0176439,0.062697
1581154256.663995980,-0.0160817,-0.0687593,1.96006e-05,-0.0874199,-0.0582238,-0.0235048,0.0748095
1581154256.670783322,-0.0130455,-0.0523401,-0.000175928,-0.0674088,-0.0446589,-0.0195462,0.0560435
1581154256.677049100,-0.0142595,-0.0569409,-0.000145509,-0.0744208,-0.0497743,-0.0229898,0.0608792
1581154256.683673955,-0.0150573,-0.0629072,-3.60611e-05,-0.0805883,-0.0530884,-0.0260393,0.0675326
1581154256.689843120,-0.0138048,-0.0579703,7.74911e-05,-0.0729279,-0.0488098,-0.0246839,0.0634438
1581154256.696092995,-0.0152016,-0.0669549,6.77918e-05,-0.0860296,-0.0566546,-0.0230542,0.0728032
1581154256.702808449,-0.0118058,-0.0536824,-4.48617e-05,-0.0691304,-0.0451994,-0.012667,0.05597
1581154256.708792358,-0.0117196,-0.0577548,-0.000145409,-0.0744569,-0.0484528,-0.0113125,0.0618164
1581154256.749601359,-0.00910792,-0.0608927,-4.46626e-06,-0.0773027,-0.0535959,-0.0117563,0.0660004
1581154256.756177970,-0.00714613,-0.0531256,0.000114266,-0.0680683,-0.0450179,-0.00825363,0.0551297
1581154256.762538669,-0.009076,-0.0674896,8.7086e-05,-0.0872188,-0.0573434,-0.0110402,0.0628645
1581154256.768776201,-0.00724026,-0.052427,8.96078e-06,-0.0682142,-0.0453639,-0.0116882,0.0490709
1581154256.775438065,-0.00936096,-0.0671319,-4.83594e-05,-0.0859215,-0.056305,-0.0187799,0.0653042
1581154256.781733821,-0.00749252,-0.0546037,-4.4926e-05,-0.0676752,-0.0459397,-0.0173029,0.0559783
1581154256.788003007,-0.00962335,-0.0686832,4.81723e-05,-0.0841827,-0.0586148,-0.0210577,0.0716694
1581154256.794126802,-0.00831574,-0.0597222,0.000117818,-0.0748122,-0.0513829,-0.0172598,0.0599676
1581154256.800762336,-0.00743304,-0.0524109,-2.64844e-05,-0.0676743,-0.0443088,-0.0159078,0.0518989
1581154256.806942066,-0.00833944,-0.0580413,-3.93787e-05,-0.0759608,-0.0489772,-0.0195046,0.0584844
1581154256.813665546,-0.00842579,-0.0631087,1.78221e-05,-0.0799336,-0.0512288,-0.0218001,0.0695641
1581154256.819773971,-0.0078215,-0.0593593,0,-0.0753246,-0.046636,-0.0202324,0.064974
1581154256.860140554,-0.0104343,-0.0612549,-2.97782e-06,-0.0779731,-0.0509025,-0.0154891,0.0651029
1581154256.866497716,-0.0118524,-0.0540246,-2.73736e-05,-0.0700924,-0.0474168,-0.00878665,0.0551925
1581154256.872809794,-0.0127185,-0.0553782,-3.8264e-05,-0.0723426,-0.0479823,-0.00926634,0.0610202
1581154256.879003397,-0.0154552,-0.0662683,3.8772e-05,-0.0867234,-0.0564022,-0.0105909,0.0750472
1581154256.885761168,-0.0124353,-0.0545707,1.78437e-05,-0.0683361,-0.0434923,-0.00844495,0.0586057
1581154256.891838995,-0.0128733,-0.0592035,-3.87411e-05,-0.0731811,-0.0451776,-0.00989954,0.0605693
1581154256.898542886,-0.0137292,-0.0629636,-7.13746e-05,-0.0779863,-0.0492575,-0.0153618,0.064828
1581154256.904653952,-0.0124723,-0.0576428,-3.89103e-05,-0.0745416,-0.0467758,-0.01578,0.0628963
1581154256.911389362,-0.0133527,-0.0657805,9.54418e-05,-0.0862057,-0.0542889,-0.0203679,0.0737883
1581154256.917715616,-0.0106058,-0.0548436,6.38483e-05,-0.0706109,-0.0449108,-0.0168434,0.0592391
1581154256.923847743,-0.0107757,-0.0581354,-9.55635e-06,-0.0740173,-0.0464549,-0.0178291,0.0587176
1581154256.975211829,-0.0105934,-0.0590384,-6.11372e-05,-0.0765415,-0.0484704,-0.0171034,0.0624292
1581154256.981610128,-0.00985271,-0.0614655,0.000205446,-0.0792683,-0.0549394,-0.0110497,0.0638237
1581154256.987998935,-0.00915314,-0.0571665,0.000219977,-0.0730626,-0.0499645,-0.011066,0.0579126
1581154256.994417914,-0.0103643,-0.0668866,5.72105e-05,-0.0852315,-0.0572698,-0.0137492,0.0680594
1581154257.000733288,-0.00854153,-0.0534273,9.01175e-06,-0.0677832,-0.0452476,-0.0102156,0.0569555
1581154257.007692976,-0.009387,-0.0605977,1.7585e-05,-0.0785008,-0.0516453,-0.0104955,0.0639056
1581154257.013777934,-0.00898221,-0.0575231,1.94696e-05,-0.0738527,-0.0481594,-0.00938121,0.0588369
1581154257.020662426,-0.00904733,-0.0596623,-3.45276e-05,-0.0770145,-0.0491318,-0.00895236,0.0611644
1581154257.026998732,-0.00989422,-0.0647905,-4.73479e-05,-0.0834901,-0.0536579,-0.0150828,0.0690512
1581154257.033609843,-0.00838356,-0.0544149,-0.000156438,-0.0701974,-0.0444964,-0.0157548,0.0596972
1581154257.041547269,-0.00915166,-0.058581,-5.21356e-05,-0.0748068,-0.0489081,-0.0172087,0.0625723
1581154257.047715943,-0.00918498,-0.0581359,0.000116762,-0.0723513,-0.0484158,-0.0168327,0.058963
1581154257.054069791,-0.0103634,-0.0668916,0.000113991,-0.0832963,-0.054562,-0.0192164,0.0684685
1581154257.095385193,-0.0109456,-0.0595123,0,-0.0757734,-0.0475489,-0.0181124,0.0591083
1581154257.101664570,-0.0103862,-0.0525802,-2.66777e-05,-0.0663988,-0.0420997,-0.0163707,0.05499
1581154257.107789564,-0.0110489,-0.0580288,-0.000156305,-0.0730831,-0.0469232,-0.0168225,0.0592304
1581154257.114644123,-0.0116329,-0.0626537,4.45431e-05,-0.07809,-0.0513344,-0.0139132,0.0596074
1581154257.120941679,-0.0102437,-0.0574915,0.000113699,-0.0717909,-0.0466375,-0.0110776,0.0538432
1581154257.127614431,-0.0109338,-0.0613749,-8.87692e-06,-0.0773803,-0.0504357,-0.0109249,0.0617479
1581154257.133837354,-0.0100598,-0.0562886,-0.000115744,-0.071547,-0.0464197,-0.00959684,0.0586323
1581154257.141624220,-0.0109463,-0.0616137,0.000155718,-0.0777685,-0.0498765,-0.0102767,0.0623689
1581154257.147968162,-0.0101529,-0.057344,0.000132339,-0.0705881,-0.0456029,-0.00830004,0.0530805
1581154257.154129711,-0.012435,-0.0698588,0,-0.0839068,-0.054448,-0.0105091,0.0687346
1581154257.160581988,-0.00974686,-0.053439,-0.000168661,-0.0657602,-0.0420269,-0.0084597,0.059422
1581154257.201716020,-0.00188755,-0.0101485,-2.1983e-05,-0.0129403,-0.00815984,-0.00172195,0.0118866
1581154257.208452206,-0.0678576,-0.377931,0,-0.47492,-0.302568,-0.122317,0.403017
1581154257.214867190,-0.00803599,-0.0541269,2.67875e-05,-0.0667523,-0.0410443,-0.0189649,0.0506714
1581154257.221450538,-0.0095954,-0.0670917,1.90449e-05,-0.0847403,-0.0518761,-0.0174012,0.0650831
1581154257.227838399,-0.00752346,-0.0538925,-9.03149e-05,-0.0685962,-0.0430634,-0.0104046,0.0553647
1581154257.234096888,-0.00923209,-0.0657102,1.92024e-05,-0.0826084,-0.0537517,-0.012777,0.0699948
1581154257.241721300,-0.00704741,-0.0533389,6.23731e-05,-0.0670595,-0.0456897,-0.0105633,0.0531284
1581154257.248789174,-0.0073887,-0.0584704,0.000166033,-0.0717784,-0.0486293,-0.0117057,0.0555149
1581154257.255057540,-0.00857921,-0.0699573,1.96162e-05,-0.0854391,-0.0565698,-0.0132463,0.0673002
1581154257.261682714,-0.00687081,-0.0535833,-8.98118e-05,-0.0665615,-0.0439157,-0.0108945,0.0541402
1581154257.267989682,-0.00884745,-0.0657089,-0.000134207,-0.08326,-0.0550133,-0.0138032,0.0678848
1581154257.274472746,-0.00773691,-0.056993,3.88255e-05,-0.072661,-0.0463943,-0.0107948,0.0570416
1581154257.315982150,-0.0090346,-0.0585289,1.72971e-05,-0.0728923,-0.0450519,-0.0102122,0.0584308
1581154257.321778281,-0.0095098,-0.058152,9.68631e-06,-0.0723345,-0.0452601,-0.0152757,0.0582101
1581154257.328565830,-0.0101561,-0.0615735,-9.73228e-05,-0.078692,-0.047263,-0.0171008,0.0616531
1581154257.335529878,-0.0100104,-0.0559534,-0.000104863,-0.0715601,-0.0440687,-0.0172656,0.0564873
1581154257.341567468,-0.01124,-0.060971,1.74977e-05,-0.0762203,-0.0478034,-0.0193812,0.0587562
1581154257.347772027,-0.0121984,-0.0678599,0.000165381,-0.0848638,-0.0522335,-0.0220428,0.067286
1581154257.355609535,-0.00950148,-0.0525456,2.26953e-05,-0.0654361,-0.0407414,-0.0176942,0.0541872
1581154257.362205638,-0.0119532,-0.0677024,-4.84008e-05,-0.0840788,-0.0529153,-0.0221642,0.070035
1581154257.368450157,-0.0097296,-0.0532686,-0.000162768,-0.0675375,-0.0432008,-0.0152183,0.0534947
1581154257.375414796,-0.0110331,-0.0601632,-3.45823e-05,-0.0757962,-0.0494863,-0.0135147,0.058944
1581154257.381600660,-0.0109057,-0.057897,0.000135108,-0.0721131,-0.046804,-0.00911065,0.0581286
1581154257.421517917,-0.0114103,-0.0607035,4.58073e-06,-0.0753263,-0.0456813,-0.010172,0.0603875
1581154257.427773484,-0.0101151,-0.0525182,0,-0.066403,-0.038685,-0.00828812,0.0551115
1581154257.433960188,-0.0129617,-0.0674941,-4.86446e-05,-0.0853796,-0.0507568,-0.0100716,0.0690121
1581154257.441570373,-0.0097769,-0.0541318,-1.54383e-05,-0.0676126,-0.0411756,-0.00841878,0.0514078
1581154257.447962218,-0.0115226,-0.0666459,1.90835e-05,-0.083739,-0.0508825,-0.0154048,0.0629545
1581154257.454636659,-0.00895678,-0.0538584,0,-0.0681766,-0.0409494,-0.0143725,0.0542659
1581154257.460884879,-0.00941188,-0.0553896,3.79465e-05,-0.0710065,-0.0423383,-0.015133,0.0566231
1581154257.467630138,-0.0107918,-0.0657449,0,-0.0817106,-0.0494221,-0.0186395,0.0660441
1581154257.473920921,-0.00863452,-0.0533867,-1.77542e-05,-0.0633257,-0.0388331,-0.0144737,0.0486124
1581154257.480014949,-0.011099,-0.0684897,0,-0.0823635,-0.049086,-0.0188469,0.0632724
1581154257.486792639,-0.00893338,-0.0530514,4.42752e-05,-0.0656768,-0.0372422,-0.0154409,0.0523874
1581154257.526970080,-0.00148666,-0.00884806,-4.49154e-06,-0.0110773,-0.00647241,-0.00280413,0.00932415
1581154257.533801880,-0.0664363,-0.353558,0,-0.429941,-0.281208,-0.0809047,0.353148
1581154257.541598017,-0.0122112,-0.0629775,0,-0.0783159,-0.0498546,-0.00975131,0.0626158
1581154257.548066885,-0.00967937,-0.0536162,0,-0.0649648,-0.0403566,-0.00748914,0.0502691
1581154257.554612684,-0.0115011,-0.0627184,-5.3745e-05,-0.0754108,-0.0458896,-0.00915429,0.0621094
1581154257.560954547,-0.0120415,-0.065236,-9.45148e-05,-0.0795176,-0.0481964,-0.00987708,0.0675234
1581154257.567742889,-0.00993105,-0.0526507,4.45806e-05,-0.0638119,-0.039496,-0.00853144,0.0542821
1581154257.573835744,-0.0107776,-0.0574578,6.80857e-05,-0.0686147,-0.0438574,-0.00996052,0.055454
1581154257.580710674,-0.0115693,-0.0615029,0.000165401,-0.0734553,-0.0464236,-0.0127533,0.0573505
1581154257.586984324,-0.0110997,-0.0586699,-1.93439e-05,-0.0716647,-0.0438265,-0.0136233,0.0555372
1581154257.593540785,-0.0127833,-0.0662829,-0.000201983,-0.0832888,-0.0510487,-0.0161403,0.0659847
1581154257.599824154,-0.010294,-0.0524646,-7.16806e-05,-0.0652403,-0.0404092,-0.0132953,0.0535845
1581154257.606543805,-0.0126833,-0.0663707,6.73581e-05,-0.0808632,-0.0498401,-0.0149543,0.0650812
1581154257.647780304,-0.0104967,-0.0584195,3.45059e-05,-0.071504,-0.0435474,-0.0136941,0.056644
1581154257.653865219,-0.0105619,-0.0674553,0,-0.0818211,-0.0542809,-0.0175517,0.065872
1581154257.660616835,-0.00863013,-0.0574373,-0.000184032,-0.0692832,-0.0466627,-0.0160786,0.0569143
1581154257.666849835,-0.00798738,-0.0525933,-0.000187839,-0.06423,-0.0423037,-0.0154828,0.0518062
1581154257.673083937,-0.0084088,-0.0575828,6.78091e-05,-0.0703995,-0.0454617,-0.0158004,0.0540178
1581154257.679674855,-0.00858542,-0.0620407,0.00016115,-0.0755948,-0.0485726,-0.0170008,0.0586835
1581154257.685848559,-0.00809171,-0.0581194,7.82836e-05,-0.0705554,-0.0448204,-0.0155768,0.0562995
1581154257.692568484,-0.00933532,-0.0668697,-0.000134056,-0.0800923,-0.0504778,-0.0151185,0.0675112
1581154257.698805039,-0.00767989,-0.0533621,-0.000108298,-0.0666643,-0.0410364,-0.00929528,0.0540931
1581154257.704801130,-0.00860395,-0.0586267,4.91168e-05,-0.0722006,-0.0436091,-0.010146,0.0566918
1581154257.711545808,-0.00982054,-0.0664791,0.000123707,-0.0813431,-0.0493007,-0.010658,0.0632817
1581154257.751959987,-0.0103086,-0.0592131,8.99421e-06,-0.0723232,-0.0443269,-0.00807356,0.0575522
1581154257.758144068,-0.0094639,-0.0521403,-2.66847e-05,-0.0653756,-0.0391364,-0.0121945,0.0528074
1581154257.764008672,-0.0118771,-0.0669755,-0.000116923,-0.0828278,-0.0489348,-0.0167682,0.0689728
1581154257.770641107,-0.00950403,-0.0541215,-1.80753e-05,-0.0649096,-0.039123,-0.0136276,0.0537236
1581154257.777552792,-0.0112677,-0.0644682,0.000110095,-0.077204,-0.0468326,-0.0159473,0.059495
1581154257.783786948,-0.00976785,-0.0546872,8.1856e-05,-0.0653737,-0.0403374,-0.0150156,0.0498669
1581154257.789944835,-0.0123859,-0.0666599,-1.92966e-05,-0.0812662,-0.0508024,-0.0197904,0.0644685
1581154257.796726569,-0.0101766,-0.0519086,-1.7844e-05,-0.0644933,-0.040899,-0.0166429,0.0524526
1581154257.803044898,-0.0126713,-0.0653177,-2.82851e-05,-0.0791298,-0.0512133,-0.02143,0.0641015
1581154257.809657612,-0.0103955,-0.0535623,-1.79138e-05,-0.0665902,-0.0407152,-0.015929,0.04896
1581154257.815922575,-0.0111007,-0.0584882,0,-0.0722225,-0.0432789,-0.0131296,0.0525476
1581154257.822763443,-0.0116473,-0.0600775,-2.61746e-05,-0.0738885,-0.0451585,-0.00973664,0.0564045
1581154257.828942951,-0.0108284,-0.0565463,-0.000135711,-0.0689937,-0.043368,-0.00831762,0.057855
1581154257.871321900,-0.00218052,-0.0111782,2.85691e-06,-0.01358,-0.00840335,-0.00173785,0.0114781
1581154257.877761029,-0.0619319,-0.357711,0.00014963,-0.43774,-0.264219,-0.0568091,0.346233
1581154257.883891134,-0.00844263,-0.0569758,-8.56663e-05,-0.0696636,-0.0419714,-0.00833794,0.0532923
1581154257.890512023,-0.00934748,-0.0621693,-7.2103e-05,-0.0758255,-0.0464111,-0.00862635,0.0589964
1581154257.904058849,-0.00857837,-0.0570062,3.62678e-05,-0.0710345,-0.0426851,-0.00796174,0.0581397
1581154257.909987847,-0.00883147,-0.0582837,0.000207457,-0.0714914,-0.0435449,-0.0118148,0.057286
1581154257.916641572,-0.00961516,-0.0628436,-1.7928e-05,-0.0773694,-0.0460381,-0.014714,0.053542
1581154257.922801314,-0.00955725,-0.0568819,1.92363e-05,-0.0707563,-0.0432749,-0.0132398,0.0488246
1581154257.929487093,-0.0115765,-0.0655042,-0.000114906,-0.0803937,-0.0512314,-0.016297,0.059491
1581154257.936821954,-0.0100865,-0.053051,6.21727e-05,-0.0639456,-0.0426086,-0.0135988,0.0498106
1581154257.979177762,-0.0112228,-0.058896,-1.42184e-06,-0.0722646,-0.0448788,-0.0158125,0.0551683
1581154257.985579408,-0.0116506,-0.0630165,-1.80666e-05,-0.0765833,-0.0461325,-0.0125635,0.0580543
1581154257.999073212,-0.0110648,-0.0581358,-8.68721e-05,-0.0717107,-0.0447931,-0.00644226,0.0545009
1581154258.005774198,-0.0105924,-0.0555396,1.88034e-05,-0.0685591,-0.0430169,-0.00679193,0.0536488
1581154258.012524666,-0.0115341,-0.0614973,0.00013381,-0.0744676,-0.0449731,-0.00837626,0.0584465
1581154258.018860319,-0.0118088,-0.0650332,-2.83419e-05,-0.0786558,-0.0443783,-0.00973987,0.0608955
1581154258.025676282,-0.0095548,-0.0526791,-7.92589e-05,-0.0635196,-0.035366,-0.00830432,0.0514991
1581154258.031948581,-0.0108447,-0.0622131,-0.000162119,-0.076985,-0.0423125,-0.00970082,0.0644019
1581154258.039807195,-0.00977219,-0.0561518,4.83241e-05,-0.0671808,-0.0379995,-0.0094177,0.0593259
1581154258.046652215,-0.0104012,-0.0619636,0.000106409,-0.0737658,-0.0421934,-0.0102504,0.0630188
1581154258.052877375,-0.0097556,-0.0571537,9.64917e-05,-0.0690226,-0.0388603,-0.00917663,0.0563528
1581154258.059632485,-0.00968379,-0.0601791,-8.71911e-06,-0.0724452,-0.0412896,-0.00904693,0.0588007
1581154258.109672477,-0.00840309,-0.0598296,-1.41649e-05,-0.0712663,-0.0433056,-0.0120681,0.0557219
1581154258.115853301,-0.00813059,-0.0587469,8.77429e-05,-0.0686031,-0.0405087,-0.0126833,0.0556858
1581154258.122059927,-0.00935437,-0.0659219,0,-0.0790948,-0.0467124,-0.0153987,0.0604149
1581154258.128794606,-0.0076534,-0.0519631,2.66988e-05,-0.0633542,-0.0373771,-0.0130998,0.0469794
1581154258.136091318,-0.00758756,-0.0495301,-1.65542e-05,-0.0596827,-0.0343947,-0.0124032,0.0434982
1581154258.142839105,-0.0116381,-0.0716414,3.53859e-05,-0.085004,-0.050401,-0.0195088,0.0666006
1581154258.149550575,-0.0120034,-0.0670671,2.84674e-05,-0.0785961,-0.050177,-0.0190915,0.0621993
1581154258.155851647,-0.00997031,-0.052446,-1.77152e-05,-0.0629653,-0.0399663,-0.0156284,0.0482223
1581154258.162037938,-0.0135239,-0.067117,4.92568e-05,-0.0812614,-0.0514557,-0.01378,0.0582718
1581154258.168659768,-0.0105045,-0.0537154,0,-0.062973,-0.0390827,-0.00805553,0.0485304
1581154258.174971810,-0.0111827,-0.0576441,-9.52092e-06,-0.0676001,-0.0407598,-0.00620942,0.058091
1581154258.181516234,-0.0123325,-0.063703,-6.34727e-05,-0.0754642,-0.04505,-0.00692799,0.0682007
1581154258.223689481,-0.0115458,-0.060236,-7.21275e-06,-0.0713319,-0.0437707,-0.00818667,0.0598596
1581154258.229872924,-0.0100947,-0.0520694,-1.76226e-05,-0.0617321,-0.0422762,-0.00823447,0.0468237
1581154258.237693289,-0.0117096,-0.0611543,1.54595e-05,-0.0714795,-0.0487564,-0.00877058,0.0540079
1581154258.243970822,-0.0124078,-0.0675066,0,-0.078819,-0.0510969,-0.00787529,0.0606416
1581154258.251631232,-0.00978084,-0.0549898,-4.71617e-05,-0.0667913,-0.0414004,-0.00713907,0.0522694
1581154258.257863758,-0.0104972,-0.0577445,-3.89638e-05,-0.0696538,-0.042768,-0.012289,0.055242
1581154258.263948096,-0.0118623,-0.0661925,-9.68585e-06,-0.0794988,-0.0483486,-0.0168728,0.0598834
1581154258.270598814,-0.00934102,-0.0530015,0.000117099,-0.0630812,-0.0377316,-0.0117821,0.0475698
1581154258.276844666,-0.00941348,-0.0572614,0.000142777,-0.0672745,-0.0393977,-0.0116978,0.0507224
1581154258.283121388,-0.0109338,-0.0679831,-4.8387e-05,-0.080407,-0.0474198,-0.0127722,0.0625065
1581154258.289796256,-0.00849096,-0.0528695,-5.36853e-05,-0.0625773,-0.0376215,-0.00992253,0.05074
1581154258.295986123,-0.00902463,-0.0576248,-5.86033e-05,-0.0687786,-0.0420055,-0.0107729,0.0551342
1581154258.340830087,-0.00928374,-0.060428,1.59474e-05,-0.0717769,-0.042861,-0.0134406,0.055834
1581154258.347686833,-0.00906072,-0.0520308,7.04503e-05,-0.061206,-0.0368557,-0.0117023,0.0490106
1581154258.353824269,-0.0122587,-0.066999,-4.81942e-05,-0.0800384,-0.0467837,-0.0153234,0.0632019
1581154258.360580459,-0.010457,-0.0523475,-6.23999e-05,-0.0648104,-0.0387115,-0.0105284,0.0497533
1581154258.367908529,-0.00992477,-0.0497919,-5.04238e-05,-0.0597671,-0.0380251,-0.00776501,0.0455144
1581154258.374583593,-0.0141694,-0.0699118,7.05899e-05,-0.0824049,-0.0536426,-0.00883162,0.0633917
1581154258.380861083,-0.0112484,-0.0565098,-4.78321e-05,-0.0666486,-0.0433867,-0.00640852,0.0523012
1581154258.387629655,-0.0120199,-0.0610061,-4.44589e-05,-0.0715591,-0.0460595,-0.00719236,0.0599926
1581154258.393772790,-0.0109166,-0.0575726,-8.76293e-05,-0.0675251,-0.0423186,-0.00716736,0.0558197
1581154258.400761893,-0.0108259,-0.0602596,-8.70628e-06,-0.0713636,-0.0440755,-0.00722593,0.0568335
1581154258.444252971,-0.00150098,-0.00846737,8.48036e-06,-0.0100842,-0.00606044,-0.000929983,0.00769569
1581154258.450804877,-0.0603535,-0.344423,-1.58068e-05,-0.412321,-0.24354,-0.0518208,0.321569
1581154258.456975916,-0.0106743,-0.0640456,-2.84403e-05,-0.0774026,-0.0466558,-0.0123901,0.063164
1581154258.463665974,-0.00860603,-0.0531053,-2.72064e-05,-0.0641145,-0.0382619,-0.0101839,0.0529965
1581154258.469944711,-0.0086874,-0.0567248,9.50454e-05,-0.0676838,-0.039829,-0.0104933,0.0547668
1581154258.476760737,-0.0103566,-0.0680522,7.72788e-05,-0.0790658,-0.0471612,-0.0122115,0.0606615
1581154258.482805330,-0.0082446,-0.0531875,1.78901e-05,-0.0626482,-0.0374137,-0.00941601,0.0472768
1581154258.488929001,-0.0089937,-0.0573201,-5.89125e-05,-0.0678848,-0.0402635,-0.0106825,0.0532946
1581154258.495707090,-0.0096062,-0.0608453,2.68839e-05,-0.0732204,-0.0429699,-0.012187,0.0596535
1581154258.501892359,-0.00856601,-0.0580478,4.83483e-05,-0.0659467,-0.0399721,-0.0120369,0.0549443
1581154258.508646527,-0.00892434,-0.0616067,-1.74532e-05,-0.0686554,-0.0426693,-0.0131117,0.0554216
1581154258.514868830,-0.00819735,-0.0574872,-9.60973e-05,-0.0645794,-0.0409618,-0.0127141,0.0489246
1581154258.559245475,-0.0013675,-0.00926152,-1.62964e-05,-0.0108259,-0.00680736,-0.00234933,0.0082892
1581154258.566115385,-0.0594099,-0.37974,0.000175764,-0.442894,-0.27621,-0.0606315,0.35972
1581154258.572053347,-0.0126662,-0.0671424,0.000153995,-0.0761127,-0.0473539,-0.00865266,0.066382
1581154258.578964688,-0.0121775,-0.0608961,-3.45664e-05,-0.0701955,-0.0419548,-0.00756231,0.0571279
1581154258.585652151,-0.0113652,-0.0540124,-0.000137045,-0.0638884,-0.0382983,-0.00685203,0.049353
1581154258.592022945,-0.0117267,-0.055248,-8.50988e-05,-0.066152,-0.0405518,-0.00766021,0.0503209
1581154258.598852908,-0.0124252,-0.0598392,7.88491e-05,-0.0689084,-0.0437004,-0.00970886,0.0569301
1581154258.605023412,-0.0135163,-0.0663317,8.65223e-05,-0.0755893,-0.0470359,-0.00952678,0.0646206
1581154258.611724893,-0.0104146,-0.0546766,-5.42443e-05,-0.061475,-0.0385629,-0.00716002,0.0525702
1581154258.617833282,-0.0112288,-0.0580949,-0.000126821,-0.067353,-0.0412703,-0.00698505,0.053022
1581154258.624062585,-0.0125534,-0.0648845,-8.54644e-05,-0.0764788,-0.0464912,-0.00704586,0.0591586
1581154258.630603305,-0.0103958,-0.0534811,4.58034e-05,-0.0620908,-0.0382638,-0.00542229,0.0497532
1581154258.675908003,-0.00198046,-0.0106329,1.47985e-05,-0.0124317,-0.00740305,-0.00147055,0.0100395
1581154258.682081783,-0.0684299,-0.374255,1.76607e-05,-0.430794,-0.277039,-0.0749445,0.350915
1581154258.688681536,-0.0109281,-0.0624578,-3.58549e-05,-0.0722295,-0.0459715,-0.0118156,0.0563707
1581154258.694827044,-0.0101965,-0.0567748,1.91373e-05,-0.0669329,-0.0422948,-0.0104358,0.0511547
1581154258.701397378,-0.0115632,-0.0670841,-3.84115e-05,-0.0777926,-0.0486348,-0.0129174,0.0606878
1581154258.707692728,-0.00940152,-0.0549663,0.000108901,-0.0622534,-0.0391017,-0.0107537,0.0508645
1581154258.713884488,-0.00959244,-0.0583196,0,-0.0671961,-0.0419948,-0.0111519,0.0537588
1581154258.720602429,-0.00987275,-0.0612146,-2.6612e-05,-0.0713358,-0.0436991,-0.011975,0.0559811
1581154258.726967047,-0.00922228,-0.0569686,-4.80902e-05,-0.0663736,-0.0414667,-0.0110014,0.0506024
1581154258.733588822,-0.0104728,-0.0656349,-5.69016e-05,-0.0763448,-0.0457158,-0.0127589,0.0606167
1581154258.740942131,-0.00852007,-0.0543271,-7.75516e-06,-0.0621036,-0.0365836,-0.0101544,0.0511282
1581154258.747909933,-0.00982798,-0.0617197,6.25382e-05,-0.0716013,-0.0428715,-0.0102032,0.0600758
1581154258.791686665,-0.0109739,-0.0600353,8.25442e-06,-0.0701686,-0.0411806,-0.00745901,0.0562136
1581154258.797892919,-0.0103924,-0.054542,-5.41287e-05,-0.0633196,-0.0365754,-0.00760484,0.0461072
1581154258.804626492,-0.0126842,-0.0668882,-9.47263e-05,-0.0776589,-0.0465613,-0.00941608,0.0575006
1581154258.810861470,-0.0100013,-0.0545426,-9.01309e-06,-0.0658425,-0.0397093,-0.00708838,0.0504754
1581154258.817061684,-0.0120506,-0.0662498,4.76759e-05,-0.0806267,-0.0496516,-0.00821805,0.0638473
1581154258.823581265,-0.00926765,-0.053574,-5.51663e-05,-0.0648184,-0.0406747,-0.00689559,0.0530592
1581154258.830050065,-0.0093383,-0.0553071,5.63131e-05,-0.0655276,-0.0405742,-0.00646642,0.0509148
1581154258.837875509,-0.0100611,-0.0632064,0.000109524,-0.0727355,-0.0448759,-0.00613366,0.0542015
1581154258.844146793,-0.0104997,-0.0652572,-2.77777e-05,-0.0760346,-0.0449911,-0.0058887,0.0580259
1581154258.850963551,-0.00851418,-0.0520067,-4.38942e-05,-0.0612231,-0.0358122,-0.0048803,0.0496982
1581154258.857424034,-0.0111734,-0.0652459,2.89476e-05,-0.0774518,-0.0460986,-0.00656125,0.0628626
1581154258.863795921,-0.00890054,-0.0528877,0,-0.0632897,-0.0368613,-0.00779703,0.0491791
1581154258.869877954,-0.00963993,-0.0591191,0,-0.069306,-0.0395052,-0.0105873,0.0495475
1581154258.921030557,-0.0100205,-0.0603159,3.57672e-06,-0.0698785,-0.041853,-0.0116442,0.0553861
1581154258.927469792,-0.00865275,-0.0508513,-6.98423e-05,-0.0592596,-0.0347298,-0.0107832,0.0506592
1581154258.933518753,-0.0110234,-0.066373,4.8508e-05,-0.0745823,-0.0445592,-0.0143323,0.0648883
1581154258.940939238,-0.00977802,-0.0611836,-3.83371e-05,-0.0669124,-0.0407134,-0.0122628,0.0553244
1581154258.947726858,-0.00934207,-0.0573206,-1.93683e-05,-0.0633131,-0.0387236,-0.00722195,0.051212
1581154258.953998679,-0.00855805,-0.0517735,-0.000150601,-0.0583294,-0.0365994,-0.00438534,0.0483804
1581154258.960755013,-0.0102355,-0.0602283,-8.83382e-06,-0.0677061,-0.0431905,-0.00402171,0.058602
1581154258.966914986,-0.00937864,-0.0572116,0.000174384,-0.0638967,-0.0422891,-0.00385609,0.0562136
1581154258.973701537,-0.0102823,-0.0616056,0.000167983,-0.0694036,-0.0460875,-0.00412,0.0570347
1581154258.981180790,-0.00960419,-0.0565634,0,-0.0647331,-0.0408741,-0.00434418,0.0499742
1581154258.987909710,-0.0116352,-0.060945,-0.000106504,-0.0713732,-0.0441055,-0.00488128,0.0547679
1581154258.994056515,-0.0133405,-0.0664887,-4.85358e-05,-0.075761,-0.0475829,-0.00630128,0.0618769
1581154259.051917701,-0.0112264,-0.0583691,1.2458e-05,-0.0666607,-0.0406351,-0.00802893,0.0538885
1581154259.058158064,-0.0122804,-0.0656729,-4.75687e-05,-0.0735491,-0.0484442,-0.00908424,0.0586243
1581154259.064745350,-0.0108935,-0.0580956,-6.84475e-05,-0.0649603,-0.0420878,-0.00694292,0.0543699
1581154259.070995387,-0.00977998,-0.0528785,-1.75327e-05,-0.0596877,-0.0373392,-0.00611687,0.0482076
1581154259.077771631,-0.0114072,-0.0622124,3.54495e-05,-0.0698793,-0.0428281,-0.00751619,0.0565576
1581154259.084822623,-0.0110787,-0.0591496,-1.71797e-05,-0.0665067,-0.0419565,-0.0094715,0.0530644
1581154259.091044726,-0.010375,-0.0569196,-3.81389e-05,-0.0632324,-0.0399133,-0.010089,0.0516939
1581154259.097740681,-0.0116404,-0.0638989,-7.29309e-05,-0.0720572,-0.044206,-0.0106194,0.0590313
1581154259.104287949,-0.0101969,-0.0561946,4.65257e-05,-0.0644842,-0.0396116,-0.0079733,0.0538593
1581154259.110673837,-0.0126089,-0.0678737,0.000107094,-0.0781263,-0.0499136,-0.0093666,0.0638135
1581154259.116943780,-0.00964725,-0.0521935,8.93238e-05,-0.0602596,-0.0406328,-0.00663695,0.0486829
1581154259.123036845,-0.0105166,-0.0566023,-6.82857e-05,-0.0649141,-0.0445326,-0.00713138,0.0523391
1581154259.183079192,-0.00949842,-0.059857,-7.00066e-06,-0.0671411,-0.0425968,-0.00913037,0.0555313
1581154259.189860234,-0.0103868,-0.0606042,1.77753e-05,-0.068163,-0.043852,-0.0115873,0.0556776
1581154259.195866499,-0.0103184,-0.0572406,5.81338e-05,-0.0652144,-0.0416225,-0.0109579,0.050633
1581154259.202244992,-0.0120292,-0.0680535,1.91764e-05,-0.0754531,-0.0466828,-0.0119046,0.0593982
1581154259.208966263,-0.00969398,-0.0530609,-1.76634e-05,-0.0600268,-0.0366147,-0.00811364,0.0501563
1581154259.215732115,-0.0112565,-0.061381,-8.89811e-05,-0.0712849,-0.0421997,-0.00938777,0.0583466
1581154259.221901743,-0.0103651,-0.0565527,-7.74866e-05,-0.0651063,-0.03943,-0.00824365,0.0536078
1581154259.228734951,-0.0104682,-0.059746,2.6106e-05,-0.0671773,-0.0416569,-0.008606,0.051958
1581154259.235984337,-0.00850838,-0.0503003,9.16599e-05,-0.054467,-0.0335469,-0.00655003,0.0434003
1581154259.242634405,-0.0127439,-0.0776316,-3.82942e-05,-0.0851573,-0.0514583,-0.0100056,0.0706804
1581154259.249661317,-0.00797019,-0.0469602,-7.89887e-05,-0.0534453,-0.0324811,-0.0061218,0.0462966
1581154259.255934751,-0.0115689,-0.0677887,-1.96983e-05,-0.0771127,-0.048095,-0.00855605,0.0658294
1581154259.262640188,-0.0110715,-0.0651357,7.55167e-05,-0.0742817,-0.0468456,-0.00927813,0.0593782
1581154259.320314701,-0.0107489,-0.0596315,4.14086e-06,-0.0679443,-0.0425517,-0.00482573,0.0552479
1581154259.326888546,-0.00980357,-0.0529642,-1.77821e-05,-0.059728,-0.0364056,-0.00383076,0.0516754
1581154259.333340106,-0.0121999,-0.0674932,0.000134497,-0.0756777,-0.0460329,-0.00486074,0.0603942
1581154259.339617666,-0.00935796,-0.0532368,7.14261e-05,-0.0596123,-0.037489,-0.00426824,0.0472362
1581154259.345938499,-0.0110354,-0.0659773,-7.51894e-05,-0.0733373,-0.0457357,-0.00965361,0.0588146
1581154259.352748883,-0.00876028,-0.0527473,-0.000238683,-0.0589087,-0.036208,-0.00937905,0.0495296
1581154259.359472015,-0.0102816,-0.0616363,-0.000141814,-0.0693652,-0.0431685,-0.0104766,0.058348
1581154259.365722303,-0.0092597,-0.0583769,6.77974e-05,-0.0653507,-0.0404793,-0.00997647,0.0542216
1581154259.372606823,-0.00985894,-0.0612725,0.000166358,-0.0681545,-0.0425178,-0.0101216,0.0543555
1581154259.379824270,-0.00935402,-0.0580736,0.000142244,-0.0649175,-0.0408297,-0.00896914,0.0526519
1581154259.386069662,-0.0112808,-0.0678215,-7.82113e-05,-0.076287,-0.0472502,-0.0101566,0.0635692
1581154259.432050808,-0.0108051,-0.0587761,-1.44144e-05,-0.0662355,-0.0433242,-0.00968856,0.053639
1581154259.439033963,-0.0109264,-0.0577641,5.72456e-05,-0.0632845,-0.0415201,-0.0038602,0.0509678
1581154259.445609472,-0.0117007,-0.0626738,4.55183e-05,-0.071661,-0.0466789,-0.0032507,0.0564092
1581154259.451889371,-0.010475,-0.0554614,-9.49135e-06,-0.0644265,-0.0410111,-0.00320044,0.0517862
1581154259.457950200,-0.0124498,-0.0693646,-3.95812e-05,-0.0783308,-0.0485325,-0.00403777,0.0663363
1581154259.464709540,-0.00992107,-0.053754,0,-0.0598833,-0.0376858,-0.00313156,0.0513451
1581154259.470939398,-0.0106832,-0.0583279,0,-0.0643885,-0.0408103,-0.00395673,0.0540528
1581154259.477670907,-0.0129155,-0.0665404,-6.70153e-05,-0.0739795,-0.0483763,-0.00504558,0.0603842
1581154259.483890405,-0.0106073,-0.0529188,-2.71758e-05,-0.0597035,-0.0387697,-0.00409437,0.0497574
1581154259.490187740,-0.0130172,-0.066149,4.78823e-05,-0.0745015,-0.0446281,-0.00512449,0.0634479
1581154259.496009819,-0.0114781,-0.0602427,9.91577e-06,-0.0670662,-0.0402635,-0.004615,0.0574697
1581154259.538981648,-0.0109388,-0.0583812,-4.21062e-06,-0.0657412,-0.0397627,-0.00659643,0.0541272
1581154259.545250103,-0.00963932,-0.057576,-4.81558e-05,-0.0636523,-0.0389502,-0.00755932,0.0530019
1581154259.551642176,-0.0102419,-0.0614781,1.79584e-05,-0.0695028,-0.0438901,-0.00730663,0.054342
1581154259.557914101,-0.00893559,-0.0571819,4.86055e-05,-0.0647465,-0.0421596,-0.006884,0.0501326
1581154259.604321789,-0.00894607,-0.0605214,2.24658e-05,-0.0675369,-0.0433217,-0.00630982,0.0555291
1581154259.610741279,-0.00851449,-0.0526238,-1.76708e-05,-0.0594424,-0.0358386,-0.00391278,0.051502
1581154259.617565401,-0.0103773,-0.0589401,-2.5901e-05,-0.0663994,-0.0408601,-0.0041872,0.0564969
1581154259.624125114,-0.0110037,-0.0601831,0,-0.0676765,-0.0417807,-0.00604894,0.0537315
1581154259.631012912,-0.010299,-0.0556387,9.31164e-05,-0.0616542,-0.0384992,-0.00846454,0.0487479
1581154259.638722361,-0.0112238,-0.0620716,1.54863e-05,-0.0678073,-0.0440283,-0.00937382,0.0585574
1581154259.645666494,-0.0109651,-0.0601144,-0.000103204,-0.0649304,-0.0433443,-0.00715525,0.058833
1581154259.651935955,-0.0123214,-0.0654512,-0.000227829,-0.0718967,-0.0464452,-0.0075466,0.0626984
1581154259.658764455,-0.00950629,-0.0528992,-1.76759e-05,-0.0581785,-0.0365608,-0.00648197,0.047222
1581154259.665122358,-0.0111397,-0.0616079,0.000123474,-0.0674997,-0.0420398,-0.00760287,0.0543138
1581154259.671834251,-0.0102977,-0.0571351,0.000162707,-0.0623127,-0.0388021,-0.00665141,0.0530485
1581154259.711931524,-0.0117871,-0.0609313,-1.79005e-05,-0.0671724,-0.0423082,-0.00756122,0.05651
1581154259.718321974,-0.0102832,-0.0526239,-8.87991e-05,-0.0584226,-0.041275,-0.00666902,0.0503683
1581154259.724628241,-0.0130774,-0.0675341,-8.70562e-05,-0.0743727,-0.0528357,-0.00869569,0.0628623
1581154259.730970278,-0.010168,-0.0529135,4.35553e-05,-0.0569999,-0.0398703,-0.00699647,0.0468581
1581154259.738808857,-0.0117887,-0.0621268,7.7467e-05,-0.0674015,-0.0456304,-0.0084581,0.0567747
1581154259.745080286,-0.0123943,-0.066616,0.000115372,-0.0730007,-0.0489697,-0.0102501,0.063116
1581154259.751717110,-0.00962171,-0.0541559,1.8058e-05,-0.0594,-0.0386168,-0.00888158,0.0508163
1581154259.757867800,-0.0096106,-0.058584,-7.75131e-05,-0.0635443,-0.0395895,-0.0093684,0.0525386
1581154259.764087391,-0.0109257,-0.068666,-5.7792e-05,-0.0729149,-0.0457221,-0.00655155,0.060149
1581154259.770672924,-0.00920065,-0.0582284,-2.92712e-05,-0.0630678,-0.0400262,-0.00312216,0.0509597
1581154259.777042456,-0.00949234,-0.0602176,-8.78388e-06,-0.066385,-0.0428542,-0.0030179,0.0569014
1581154259.783136668,-0.00895485,-0.0581085,-9.79178e-06,-0.0637225,-0.0420271,-0.00284126,0.0546697
1581154259.823223456,-0.00980027,-0.0587112,2.10941e-05,-0.0642231,-0.041002,-0.00377606,0.0547001
1581154259.829080268,-0.0133938,-0.0695538,1.95167e-05,-0.072812,-0.0467308,-0.00574574,0.063252
1581154259.836869291,-0.0108541,-0.0539179,-6.90391e-05,-0.0581215,-0.0371634,-0.00420358,0.048464
1581154259.843118547,-0.0133683,-0.0670262,-0.000126298,-0.0732537,-0.0466181,-0.00574177,0.0633343
1581154259.849596834,-0.0106891,-0.0525201,4.49189e-05,-0.0581341,-0.0383872,-0.00442833,0.052071
1581154259.855833826,-0.0114135,-0.0579117,5.82337e-05,-0.0634728,-0.0429674,-0.00406654,0.05698
1581154259.862595873,-0.0127802,-0.0682563,0.000152144,-0.0740378,-0.0512274,-0.00398432,0.0624082
1581154259.868855226,-0.0103395,-0.0541208,-6.28397e-05,-0.0600714,-0.0413006,-0.00356317,0.0471471
1581154259.875296504,-0.0129549,-0.0667574,-4.81137e-05,-0.073591,-0.050326,-0.00487977,0.0585956
1581154259.881749572,-0.0106083,-0.0531853,-4.49952e-05,-0.0578281,-0.0401944,-0.00387799,0.0501081
1581154259.921184931,-0.0111675,-0.0592231,-1.52912e-05,-0.065089,-0.0421928,-0.00559828,0.0553543
1581154259.927283005,-0.0117742,-0.0677936,0.000184274,-0.0742335,-0.0468018,-0.00537306,0.0650003
1581154259.933794833,-0.00930808,-0.0544145,7.12657e-05,-0.0582268,-0.0381801,-0.00383903,0.0507536
1581154259.941029284,-0.00962701,-0.0575383,-0.000157412,-0.0632383,-0.0420871,-0.00425842,0.0507365
1581154259.947804917,-0.0103579,-0.0614947,-0.000125126,-0.0668032,-0.0438837,-0.00671159,0.0547921
1581154259.954062325,-0.00915606,-0.0575551,6.78907e-05,-0.0628799,-0.0405349,-0.00805035,0.0539761
1581154259.960165705,-0.010135,-0.0680369,0.000175083,-0.0741841,-0.0472164,-0.00967788,0.0673561
1581154259.977099064,-0.00301668,-0.0216815,3.57221e-06,-0.023415,-0.0149376,-0.00320254,0.020913
1581154259.983786709,-0.0210609,-0.148877,-0.000176902,-0.163905,-0.105465,-0.016647,0.135228
1581154259.989914717,-0.0081294,-0.0585376,0.000106847,-0.0645011,-0.0409482,-0.00612861,0.0550411
1581154259.996454939,-0.00997272,-0.0658294,0.000226857,-0.0712175,-0.0474304,-0.00608762,0.0649881
1581154260.037148282,-0.0130994,-0.0588473,-7.37093e-06,-0.0622873,-0.0430223,-0.00660428,0.0557877
1581154260.043238871,-0.014303,-0.0565662,-0.000142465,-0.0610015,-0.0402536,-0.00803477,0.0532707
1581154260.049694548,-0.0157705,-0.0624327,-7.21425e-05,-0.0677977,-0.045142,-0.00930538,0.0570676
1581154260.055824552,-0.0142519,-0.0587795,-5.80939e-05,-0.0620617,-0.0411137,-0.00799735,0.0526121
1581154260.062531300,-0.0160767,-0.0682708,5.759e-05,-0.0719469,-0.0465159,-0.00457826,0.063251
1581154260.068868610,-0.0128345,-0.0536815,2.70399e-05,-0.0564214,-0.0374653,-0.00143306,0.0515364
1581154260.075286488,-0.0121175,-0.0571764,-4.80372e-05,-0.0605109,-0.0402214,-0.00153752,0.0550335
1581154260.081630064,-0.0129095,-0.0682386,-0.000174852,-0.0717064,-0.0482109,-0.00196216,0.0621384
1581154260.088049176,-0.00901652,-0.0547886,-9.97726e-05,-0.0583353,-0.0387221,-0.00177791,0.0495728
1581154260.093826920,-0.0106026,-0.0691991,4.87146e-05,-0.0735357,-0.0483975,-0.00258241,0.0640245
1581154260.100784877,-0.00750383,-0.0509864,5.16334e-05,-0.0552202,-0.0384416,-0.00219436,0.0490416
1581154260.141235310,-0.00848449,-0.0610269,3.87959e-05,-0.0648931,-0.0454766,-0.00409452,0.0564549
1581154260.147695130,-0.00743877,-0.0541266,0,-0.0571003,-0.0418317,-0.00452875,0.0496615
1581154260.153898553,-0.00779009,-0.0593609,-1.92713e-05,-0.061482,-0.0454294,-0.00464706,0.0522265
1581154260.160894966,-0.00821933,-0.0625018,5.24495e-05,-0.0661918,-0.047833,-0.00522015,0.0572117
1581154260.167124735,-0.00861298,-0.0669529,0,-0.0723205,-0.0506462,-0.00569124,0.065373
1581154260.173908129,-0.0069327,-0.051938,-3.52318e-05,-0.0569327,-0.0398027,-0.00505637,0.0519292
1581154260.180063019,-0.00946892,-0.0668968,1.951e-05,-0.0727186,-0.0517231,-0.00696273,0.0644101
1581154260.186708322,-0.00956785,-0.0589356,9.67398e-05,-0.0609479,-0.0432324,-0.00583359,0.0531117
1581154260.192940464,-0.0100199,-0.054962,0.000170133,-0.057111,-0.0393563,-0.00514877,0.0503505
1581154260.199121759,-0.0134913,-0.0680281,-9.6917e-05,-0.0732424,-0.0497626,-0.00692008,0.0659927
1581154260.244110577,-0.0142741,-0.0587179,-6.03067e-05,-0.0628576,-0.0431875,-0.00498674,0.055673
1581154260.251107311,-0.0139528,-0.0579803,7.53622e-05,-0.0613386,-0.0399991,-0.00442201,0.055719
1581154260.257680069,-0.0150848,-0.0676472,0.000200882,-0.069809,-0.0455777,-0.00522277,0.0605592
1581154260.263720417,-0.0122522,-0.0555982,5.50676e-05,-0.0592142,-0.0381203,-0.00376284,0.0487425
1581154260.270140304,-0.0137983,-0.0654218,-0.000131853,-0.0702818,-0.0454204,-0.00446443,0.0628411
1581154260.276780544,-0.0110687,-0.0580545,-0.000156586,-0.0616266,-0.0406969,-0.00398316,0.0568605
1581154260.283101718,-0.0091138,-0.0526684,-0.000123169,-0.0553339,-0.0378347,-0.00338689,0.0511553
1581154260.289729297,-0.0105969,-0.067687,0.000125577,-0.0716862,-0.0494742,-0.00320709,0.0609251
1581154260.295906318,-0.00781861,-0.0543044,9.96663e-05,-0.0596768,-0.0415301,-0.00240085,0.0484608
1581154260.302209250,-0.00956441,-0.0663771,7.65061e-05,-0.0729096,-0.0509439,-0.00285977,0.0624461
1581154260.308762487,-0.00765312,-0.0537166,-0.000108558,-0.0579954,-0.040035,-0.00237012,0.0544674
1581154260.352697397,-0.00133371,-0.00948464,-6.81713e-06,-0.0100192,-0.00704986,-0.000441842,0.00947646
1581154260.358996692,-0.0570624,-0.408617,0.00010431,-0.433369,-0.28927,-0.0148228,0.387364
1581154260.365593733,-0.00862913,-0.0628204,0.000180348,-0.0677346,-0.0458922,-0.00668148,0.0573922
1581154260.371905383,-0.00791713,-0.057748,2.88604e-05,-0.060201,-0.0418964,-0.0063491,0.0537942
1581154260.378750678,-0.0106304,-0.0665489,-7.58041e-05,-0.0689175,-0.0482517,-0.00703955,0.0646161
1581154260.385148234,-0.0098637,-0.0530761,2.60952e-05,-0.0550592,-0.0372837,-0.00507101,0.0519192
1581154260.391758220,-0.0127659,-0.0643823,6.34184e-05,-0.067499,-0.0448375,-0.00500128,0.0604683
1581154260.398096756,-0.0127757,-0.0579701,1.93783e-05,-0.0626968,-0.0410217,-0.00444582,0.0537567
1581154260.404270256,-0.0153303,-0.0673526,0,-0.0717506,-0.0465205,-0.00505532,0.0621426
1581154260.410793286,-0.0126636,-0.0540791,-0.00010702,-0.0562997,-0.0377555,-0.00420932,0.0512075
1581154260.417047226,-0.014755,-0.0590682,-0.000106421,-0.0620966,-0.0434386,-0.00444099,0.0558076
1581154260.423814837,-0.0167115,-0.0630435,-8.88572e-05,-0.0669348,-0.0481319,-0.0047798,0.0604759
1581154260.463736563,-0.0144172,-0.0610005,-4.86395e-05,-0.0639994,-0.0495276,-0.00400063,0.0572263
1581154260.469780037,-0.0088848,-0.0535715,-1.81033e-05,-0.0576924,-0.0414877,-0.00369521,0.0492876
1581154260.476099812,-0.0104547,-0.0669482,0.000180581,-0.0715007,-0.0492398,-0.00435296,0.0630324
1581154260.482782436,-0.00796698,-0.055462,7.21722e-05,-0.0583583,-0.0387323,-0.00360905,0.0513928
1581154260.488897654,-0.00839404,-0.0598834,3.91284e-05,-0.0631217,-0.0417785,-0.00413833,0.0557745
1581154260.495255129,-0.00943047,-0.067111,6.68287e-05,-0.070719,-0.0482901,-0.00399935,0.0611358
1581154260.501671586,-0.00758564,-0.0536921,0,-0.0580776,-0.0399851,-0.00336431,0.0514128
1581154260.508107476,-0.00919915,-0.0648361,0.000131678,-0.069746,-0.0496039,-0.00519216,0.065043
1581154260.514780206,-0.00758586,-0.0553136,0.000180611,-0.0573817,-0.0407614,-0.0047231,0.0568488
1581154260.521130956,-0.0093489,-0.0672742,-0.000113306,-0.0709288,-0.048516,-0.0057321,0.0678881
1581154260.528058465,-0.00784233,-0.0534093,-0.000168176,-0.056286,-0.0392293,-0.00465584,0.0523383
1581154260.568998663,-0.00152449,-0.0101109,-1.0273e-05,-0.010827,-0.00753119,-0.000956657,0.00984976
1581154260.575237817,-0.0574362,-0.378456,8.48836e-05,-0.396045,-0.279677,-0.0290387,0.367261
1581154260.581765756,-0.0114765,-0.0630757,0.000377173,-0.0656799,-0.0502307,-0.000924949,0.0625548
1581154260.587857892,-0.0116963,-0.0595801,-7.77891e-05,-0.0611357,-0.046544,-0.000806971,0.0594343
1581154260.594239494,-0.0140623,-0.0667152,-0.000237862,-0.0695125,-0.0520325,-0.00102756,0.0643842
1581154260.600918779,-0.0120717,-0.0531605,-0.00016156,-0.0570737,-0.040841,-0.000870606,0.0498576
1581154260.606943067,-0.0154135,-0.0666069,1.91298e-05,-0.0722101,-0.0507307,-0.00119522,0.0620173
1581154260.613630647,-0.0126277,-0.0538422,0.000179111,-0.0572723,-0.0402653,-0.00104783,0.0535198
1581154260.620616179,-0.0147454,-0.0608214,5.15888e-05,-0.0628505,-0.0439936,-0.00126388,0.0600046
1581154260.627039498,-0.016612,-0.0667137,-0.000113914,-0.0692198,-0.0489816,-0.00178461,0.0652803
1581154260.633691606,-0.0130934,-0.0536223,-0.000171924,-0.0561469,-0.0398865,-0.00149302,0.0489713
1581154260.641177623,-0.0152094,-0.0652466,6.47276e-05,-0.0678273,-0.0471555,-0.00206296,0.0599233
1581154260.681277643,-0.012566,-0.0605066,1.94981e-05,-0.0627954,-0.0449268,-0.00188085,0.0587008
1581154260.688130399,-0.00969322,-0.0527703,7.05678e-05,-0.0537405,-0.0396408,-0.00280478,0.053961
1581154260.693996548,-0.0117808,-0.0680097,-0.000233484,-0.0702278,-0.0508979,-0.00551587,0.0682043
1581154260.700745349,-0.00886961,-0.0536647,-0.000169881,-0.0557659,-0.0398417,-0.00502492,0.0505711
1581154260.706968577,-0.00976505,-0.0581641,1.93816e-05,-0.0614191,-0.0439427,-0.00551222,0.0538628
1581154260.713197715,-0.011158,-0.0687051,0.000163234,-0.0711633,-0.0513152,-0.0060015,0.064941
1581154260.719803492,-0.00928694,-0.0549946,6.36056e-05,-0.0566212,-0.0419457,-0.00451624,0.0546039
1581154260.726132602,-0.0112449,-0.066,8.53352e-05,-0.0686927,-0.0520339,-0.00605861,0.0677636
1581154260.732842169,-0.00919831,-0.0541925,-3.56135e-05,-0.0552789,-0.0416159,-0.00522692,0.0510314
1581154260.740125243,-0.0111592,-0.0665302,5.72235e-05,-0.067969,-0.0495878,-0.00552647,0.0613471
1581154260.746991432,-0.00919777,-0.0554205,-2.69738e-05,-0.0555194,-0.0410277,-0.00420778,0.0522556
1581154260.787326444,-0.0101912,-0.0614249,-2.97003e-06,-0.0630891,-0.0460985,-0.00439863,0.0595218
1581154260.793963870,-0.009565,-0.0537715,-1.80368e-05,-0.0571463,-0.0414796,-0.00310411,0.0527428
1581154260.800005003,-0.0105586,-0.0568215,-1.90996e-05,-0.0598287,-0.0432424,-0.00245349,0.053843
1581154260.806708582,-0.0136185,-0.070221,0,-0.0704357,-0.0526545,-0.00152293,0.0633287
1581154260.813020054,-0.0110668,-0.0546942,5.33358e-05,-0.0555387,-0.0411171,-0.00120002,0.0516453
1581154260.819155740,-0.0144728,-0.0680385,-5.79315e-05,-0.0707902,-0.0509936,-0.00154478,0.0667158
1581154260.825769791,-0.0117917,-0.0545777,-7.30048e-05,-0.0566038,-0.0418514,-0.00150592,0.0539114
1581154260.832117216,-0.0116046,-0.0557285,-1.89681e-05,-0.0587624,-0.0439002,-0.00133679,0.0543348
1581154260.839729627,-0.0134862,-0.0677823,6.68948e-05,-0.0695799,-0.0516373,-0.00142137,0.0643376
1581154260.846062784,-0.0101927,-0.0544256,3.53256e-05,-0.0548407,-0.0417599,-0.0010599,0.0526768
1581154260.852967327,-0.0116414,-0.0620172,-8.77907e-05,-0.0644139,-0.0499087,-0.00125544,0.063536
1581154260.892788389,-0.0117369,-0.0611672,1.52028e-05,-0.0628107,-0.0461181,-0.00120714,0.0609376
1581154260.898858435,-0.0109659,-0.0545738,-0.000109571,-0.0561443,-0.0396488,-0.00106828,0.0511407
1581154260.905313905,-0.0129439,-0.0672247,3.80938e-05,-0.0679485,-0.0484155,-0.0012001,0.0611289
1581154260.911656543,-0.0115425,-0.0598901,-1.95192e-05,-0.0600073,-0.0434201,-0.000751933,0.0566383
1581154260.917979732,-0.0105488,-0.0541131,0,-0.0566005,-0.0397832,-0.00076052,0.0548021
1581154260.924191316,-0.0133044,-0.0668867,-3.84093e-05,-0.0716095,-0.0509138,-0.0010079,0.0695456
1581154260.930919152,-0.0104142,-0.0534299,0,-0.0561385,-0.0411062,-0.000938617,0.0529561
1581154260.938274765,-0.0109278,-0.0589899,5.836e-05,-0.0601568,-0.0439177,-0.00112529,0.0550305
1581154260.944821357,-0.0111746,-0.062777,1.77837e-05,-0.0634354,-0.046734,-0.0011566,0.0597609
1581154260.951240250,-0.0097455,-0.0572832,4.72238e-05,-0.0588225,-0.0425176,-0.00118041,0.0571982
1581154260.957867321,-0.010574,-0.0628588,-0.000125997,-0.0653966,-0.0471842,-0.00124188,0.0633718
1581154260.997272113,-0.0100994,-0.0596881,1.52421e-05,-0.0614986,-0.0468239,-0.00307386,0.0591151
1581154261.003717360,-0.0122098,-0.0637504,-2.68356e-05,-0.0609417,-0.0510361,-0.0030055,0.0595195
1581154261.009938913,-0.011248,-0.058561,0,-0.0569555,-0.0466244,-0.0030175,0.0554177
1581154261.016230052,-0.0132683,-0.0673399,6.78401e-05,-0.0669135,-0.0538254,-0.00362482,0.0693753
1581154261.023053982,-0.010179,-0.0527617,-1.76166e-05,-0.0530611,-0.0406455,-0.0021573,0.0556322
1581154261.029247130,-0.012603,-0.0680504,-1.93186e-05,-0.0684757,-0.0513708,-0.00207795,0.0686207
1581154261.036995982,-0.0100004,-0.0555992,-6.20247e-05,-0.0544906,-0.041118,-0.00131014,0.0525836
1581154261.043042878,-0.0106494,-0.0599568,0,-0.0596621,-0.0439022,-0.00158169,0.0569604
1581154261.049657249,-0.011382,-0.0630595,1.7987e-05,-0.0633562,-0.0476569,-0.00169021,0.0636888
1581154261.056189599,-0.0100852,-0.0567506,2.82772e-05,-0.0560437,-0.0440055,-0.00156463,0.0584189
1581154261.096060326,-0.0113511,-0.0612151,1.66225e-05,-0.0603808,-0.0465806,-0.00126794,0.0602886
1581154261.102260795,-0.0112456,-0.0592366,-1.92297e-05,-0.058189,-0.0443367,-0.00134563,0.0555169
1581154261.148377864,-0.0113466,-0.0610599,-1.82788e-05,-0.0609242,-0.0512693,-0.00135271,0.0594618
1581154261.154992500,-0.0099353,-0.0566617,0,-0.0578132,-0.0467759,-0.00123715,0.0570614
1581154261.161300106,-0.0106247,-0.0626431,6.23901e-05,-0.0630442,-0.0491162,-0.00132809,0.0616092
1581154261.167840844,-0.00979398,-0.0585563,6.60443e-05,-0.0570749,-0.0436445,-0.000962426,0.0545368
1581154261.174688312,-0.0109427,-0.0639607,5.35551e-05,-0.0637822,-0.0481981,-0.00179403,0.062372
1581154261.181183570,-0.0109103,-0.0614094,-8.714e-05,-0.0616534,-0.0479354,-0.00279728,0.0645814
1581154261.187759932,-0.0106443,-0.0581895,-9.70281e-05,-0.0584709,-0.0470717,-0.00267805,0.0612654
1581154261.194172022,-0.0120237,-0.0624202,0.000106644,-0.0618336,-0.0498224,-0.00257715,0.0632288
1581154261.201103217,-0.0111098,-0.0569263,0.000110917,-0.0559096,-0.044395,-0.00208886,0.0550223
1581154261.207729562,-0.0125747,-0.0636321,-3.52846e-05,-0.0653781,-0.0494665,-0.00247791,0.0634822
1581154261.214744495,-0.0125133,-0.0610454,-0.000112341,-0.0641996,-0.0476057,-0.00267894,0.0641046
1581154261.221135085,-0.01157,-0.0569076,-8.47986e-05,-0.0599508,-0.0440939,-0.00241198,0.0597812
1581154261.260328169,-0.0123548,-0.0622355,6.01191e-06,-0.064653,-0.0496995,-0.00314318,0.0620191
1581154261.267130529,-0.0110172,-0.0540049,0.000150672,-0.0545278,-0.0447568,-0.00283631,0.0516207
1581154261.273202069,-0.0121217,-0.0587119,2.88851e-05,-0.0600406,-0.0480479,-0.00311948,0.0576624
1581154261.279941400,-0.0127819,-0.0624391,-0.000150578,-0.0647245,-0.0512481,-0.00353429,0.0650611
1581154261.286106792,-0.0122013,-0.0588657,-6.8123e-05,-0.0602084,-0.046859,-0.00364871,0.0614149
1581154261.292937829,-0.0128993,-0.0632508,0,-0.0630551,-0.0496897,-0.00366516,0.0621922
1581154261.299145213,-0.0117923,-0.0588366,8.66404e-05,-0.0594623,-0.0461144,-0.00347515,0.0558621
1581154261.305779858,-0.0136087,-0.0677546,0.000125291,-0.0702701,-0.0527696,-0.00169626,0.0676775
1581154261.311986968,-0.01043,-0.0542146,-7.11859e-05,-0.0555762,-0.0420617,-3.56091e-05,0.057623
1581154261.318407087,-0.0130779,-0.0680377,-0.000182974,-0.0693281,-0.0537907,0.00017335,0.0719572
1581154261.325108635,-0.00954733,-0.0537245,-1.754e-05,-0.0527251,-0.0422221,6.1366e-05,0.053479
1581154261.366080857,-0.00994138,-0.0622724,1.7485e-05,-0.0617857,-0.0484996,-1.60262e-05,0.0626395
1581154261.372974038,-0.00857407,-0.0532458,1.76662e-05,-0.0520008,-0.0426532,-1.76662e-05,0.0545085
1581154261.379065730,-0.00966589,-0.0590205,1.95158e-05,-0.0567554,-0.0473648,-9.75791e-06,0.0622913
1581154261.385787604,-0.0110857,-0.0644472,0,-0.0597052,-0.0515793,-1.79005e-05,0.0669435
1581154261.392087321,-0.0109348,-0.0602534,-1.94631e-05,-0.0560567,-0.0494802,-3.89438e-05,0.0586663
1581154261.398414215,-0.0131702,-0.0687969,8.6065e-05,-0.0661858,-0.0562694,3.82531e-05,0.0671135
1581154261.404996449,-0.0104314,-0.0535695,1.77765e-05,-0.0530186,-0.044327,-6.21936e-05,0.0553288
1581154261.411228174,-0.0113935,-0.0576917,9.64995e-06,-0.0572572,-0.0473815,0,0.0608683
1581154261.418171776,-0.0121945,-0.0645931,-2.70197e-05,-0.0623236,-0.0508387,0,0.0663134
1581154261.424802193,-0.0120344,-0.06295,-5.22337e-05,-0.0606859,-0.0494335,-3.48277e-05,0.0611039
1581154261.430931977,-0.0111125,-0.059337,-9.60603e-05,-0.0584822,-0.0460405,-1.92156e-05,0.0593946
1581154261.471265438,-0.0117164,-0.0560503,2.09852e-05,-0.0539429,-0.0441975,-7.49256e-06,0.0547358
1581154261.477860451,-0.0119157,-0.045022,-3.75843e-05,-0.0403798,-0.0360251,1.87836e-05,0.0406147
1581154261.483930084,-0.00942302,-0.0317691,5.38312e-05,-0.0275422,-0.0235917,-3.58929e-05,0.0263845
