timestamp,posx,posy,posz,ox,oy,oz, ow
1581151493.814367235,0.71985,0.000240286,0.687206,-0.0001475,0.70698,0.000126258,0.707234
1581151493.821051476,0.719828,0.000245521,0.687182,-0.000119193,0.706987,0.000159127,0.707226
1581151493.827426420,0.719794,0.000253998,0.687158,-0.000105549,0.706997,0.000183486,0.707216
1581151493.833969931,0.719748,0.000260334,0.687127,-9.01344e-05,0.707013,0.000209886,0.7072
1581151493.840292732,0.719678,0.000262318,0.68709,-8.68035e-05,0.707036,0.000223674,0.707178
1581151493.846558937,0.719604,0.00026128,0.687061,-9.96164e-05,0.707054,0.000218069,0.707159
1581151493.853380185,0.719504,0.000258192,0.687026,-0.000109652,0.707075,0.000211436,0.707139
1581151493.861413935,0.719389,0.000251797,0.687002,-0.000104124,0.707084,0.000209379,0.70713
1581151493.867987394,0.719257,0.000244479,0.686993,-0.000112164,0.707086,0.000190347,0.707128
1581151493.875078016,0.719131,0.000237793,0.686989,-0.000114516,0.707088,0.000179998,0.707126
1581151493.881276869,0.718971,0.000232816,0.686989,-0.000110827,0.707091,0.000181521,0.707122
1581151493.888030824,0.718799,0.000230452,0.686998,-0.000117775,0.707092,0.000179643,0.707122
1581151493.894456870,0.718641,0.000231248,0.687008,-0.000122208,0.707091,0.000182315,0.707122
1581151493.901200055,0.71845,0.000232038,0.687031,-0.000138694,0.707078,0.000164439,0.707136
1581151493.909125830,0.718252,0.000233836,0.687065,-0.000155573,0.707053,0.000138876,0.70716
1581151493.915487301,0.718055,0.000234349,0.687092,-0.000165456,0.707031,0.000116267,0.707182
1581151493.922365128,0.717858,0.000234611,0.687127,-0.000173903,0.707003,9.09984e-05,0.707211
1581151493.929241226,0.717659,0.000236967,0.687163,-0.000180512,0.706973,6.89723e-05,0.707241
1581151493.936100189,0.717462,0.000240532,0.687196,-0.000183161,0.706949,5.61511e-05,0.707264
1581151493.942500610,0.717295,0.000247002,0.687214,-0.000179178,0.706942,6.45874e-05,0.707271
1581151493.956464042,0.717077,0.000258922,0.687234,-0.000190443,0.706942,7.30664e-05,0.707272
1581151493.963156814,0.716725,0.00028551,0.687256,-0.000219101,0.706955,9.18298e-05,0.707258
1581151494.003457378,0.715721,0.000278641,0.687262,-0.00023178,0.706976,9.91445e-05,0.707237
1581151494.011355259,0.715529,0.000257015,0.68726,-0.000206389,0.70697,9.51907e-05,0.707243
1581151494.018227561,0.715357,0.00023913,0.687264,-0.00018572,0.706961,8.78048e-05,0.707252
1581151494.024437905,0.715207,0.000226811,0.687266,-0.000166143,0.706955,8.80752e-05,0.707258
1581151494.031273707,0.715038,0.000212453,0.687258,-0.000148064,0.706955,8.60855e-05,0.707259
1581151494.037474856,0.71487,0.000199726,0.687248,-0.000131049,0.70696,9.15205e-05,0.707254
1581151494.044329351,0.714726,0.000192647,0.687238,-0.000131212,0.706968,9.05641e-05,0.707245
1581151494.051137886,0.714554,0.000185222,0.687236,-0.000131572,0.706974,9.2606e-05,0.707239
1581151494.058076839,0.714378,0.000176842,0.687238,-0.00013056,0.706979,9.35735e-05,0.707235
1581151494.064317411,0.714232,0.000170117,0.687228,-0.000123733,0.706989,9.94568e-05,0.707225
1581151494.071087573,0.714062,0.000159149,0.687217,-0.000118397,0.706997,9.88574e-05,0.707216
1581151494.077494743,0.713918,0.000149376,0.68721,-0.000110543,0.707,9.82745e-05,0.707214
1581151494.124196589,0.712764,0.000151109,0.687188,-0.000158889,0.706994,4.03852e-05,0.707219
1581151494.130954982,0.712615,0.000159672,0.687182,-0.0001715,0.707002,4.20067e-05,0.707212
1581151494.137241047,0.712443,0.000170997,0.687174,-0.000181318,0.707014,5.33995e-05,0.7072
1581151494.144075081,0.712269,0.000182045,0.687167,-0.000197382,0.707025,5.72595e-05,0.707189
1581151494.150468237,0.712119,0.000189934,0.687168,-0.000197625,0.707024,6.38463e-05,0.707189
1581151494.157075783,0.711945,0.000194017,0.687166,-0.000191925,0.707016,6.07965e-05,0.707197
1581151494.164051332,0.711771,0.000196656,0.687167,-0.000170079,0.707002,6.58368e-05,0.707212
1581151494.170352966,0.711623,0.000195118,0.687167,-0.000161238,0.706986,5.47911e-05,0.707227
1581151494.177209903,0.711449,0.000192578,0.687174,-0.000148204,0.706967,4.63559e-05,0.707247
1581151494.184122856,0.711275,0.000189273,0.687174,-0.000142883,0.70696,4.10435e-05,0.707254
1581151494.190497717,0.711128,0.000188279,0.687163,-0.000143251,0.706968,4.32778e-05,0.707245
1581151494.239037569,0.709884,0.000198608,0.687121,-0.000146504,0.707051,0.000121536,0.707162
1581151494.246542577,0.709733,0.000193876,0.687127,-0.000134624,0.707038,0.000116373,0.707175
1581151494.253125422,0.709535,0.000186668,0.687124,-0.000122817,0.707027,0.000106876,0.707186
1581151494.260091973,0.709389,0.000181013,0.687119,-0.000112379,0.70702,9.97278e-05,0.707194
1581151494.266128292,0.709215,0.000173484,0.687123,-9.3369e-05,0.707008,9.88425e-05,0.707205
1581151494.272490724,0.709065,0.00017013,0.687124,-9.17678e-05,0.707004,9.12084e-05,0.70721
1581151494.279104579,0.708889,0.000165874,0.687123,-8.51091e-05,0.707003,9.22489e-05,0.70721
1581151494.285358191,0.708739,0.000162793,0.68712,-8.84835e-05,0.707006,8.60068e-05,0.707208
1581151494.292078091,0.708592,0.00016132,0.687113,-8.56882e-05,0.707011,9.06747e-05,0.707202
1581151494.298435219,0.708417,0.000163474,0.687112,-8.43338e-05,0.707015,9.75924e-05,0.707199
1581151494.306215178,0.708264,0.000167061,0.687117,-9.5531e-05,0.707014,9.34004e-05,0.7072
1581151494.347244878,0.707186,0.000215651,0.687125,-0.000138879,0.707,9.02865e-05,0.707213
1581151494.354084668,0.707013,0.000227412,0.687118,-0.000148715,0.70701,9.96148e-05,0.707204
1581151494.360301258,0.706863,0.00023802,0.687113,-0.000164766,0.70702,0.000104873,0.707193
1581151494.367128213,0.706685,0.000250824,0.68711,-0.00017608,0.707035,0.000121241,0.707178
1581151494.373302650,0.706532,0.00025758,0.687109,-0.000181155,0.707045,0.000132452,0.707168
1581151494.379934541,0.706358,0.000261977,0.687098,-0.00018369,0.707062,0.000145213,0.707152
1581151494.386182992,0.706209,0.000263416,0.68709,-0.000185242,0.707074,0.000155339,0.707139
1581151494.393072845,0.706035,0.000263409,0.687091,-0.000196676,0.707074,0.000145466,0.707139
1581151494.399189762,0.705884,0.000261655,0.687095,-0.000193486,0.707066,0.000140141,0.707147
1581151494.407097439,0.705732,0.000259771,0.6871,-0.000189296,0.707055,0.000131806,0.707158
1581151494.447197714,0.704681,0.000237681,0.687105,-0.000166009,0.707018,8.88698e-05,0.707196
1581151494.453478496,0.704531,0.000235188,0.687102,-0.000165055,0.707026,9.37999e-05,0.707188
1581151494.460115875,0.704355,0.000232073,0.687106,-0.000172074,0.707031,9.25861e-05,0.707183
1581151494.467057524,0.704206,0.000230011,0.687104,-0.000167468,0.707036,0.000100925,0.707177
1581151494.473254600,0.704032,0.000225986,0.687102,-0.000173664,0.70704,9.55446e-05,0.707174
1581151494.479410746,0.703884,0.000220818,0.687103,-0.00017262,0.707039,9.18744e-05,0.707174
1581151494.486224218,0.70371,0.000215773,0.687103,-0.000163862,0.707036,9.19214e-05,0.707178
1581151494.492477751,0.703559,0.000211996,0.687107,-0.000157539,0.70703,9.00046e-05,0.707184
1581151494.501012996,0.703336,0.000206661,0.687113,-0.000151782,0.70702,8.46746e-05,0.707194
1581151494.508313697,0.703162,0.000205428,0.687115,-0.000150478,0.707013,7.89739e-05,0.7072
1581151494.515061170,0.703014,0.000207353,0.687113,-0.000139258,0.70701,8.6785e-05,0.707203
1581151494.555388363,0.701988,0.000249993,0.687119,-0.00015254,0.707034,0.000141818,0.70718
1581151494.561562077,0.701836,0.000252777,0.68712,-0.000156636,0.707038,0.000144666,0.707175
1581151494.568236620,0.701663,0.000252762,0.687114,-0.000155226,0.707044,0.000148622,0.70717
1581151494.574492009,0.701515,0.000248651,0.687111,-0.000156045,0.707045,0.000142399,0.707168
1581151494.581301517,0.701338,0.000244556,0.687116,-0.000148229,0.70704,0.000142417,0.707173
1581151494.587491671,0.701185,0.000240249,0.687119,-0.000150869,0.707038,0.000134215,0.707175
1581151494.594371487,0.701009,0.000235742,0.687119,-0.000164833,0.707038,0.000116955,0.707175
1581151494.601396977,0.700835,0.000230554,0.687115,-0.000164863,0.707042,0.000113567,0.707172
1581151494.609164955,0.700636,0.000225872,0.687116,-0.000171032,0.70704,0.000102589,0.707174
1581151494.615531782,0.700483,0.000225263,0.687121,-0.000168552,0.707041,0.000107864,0.707172
1581151494.622374818,0.700305,0.0002232,0.687122,-0.000171739,0.707048,0.000109133,0.707166
1581151494.662097360,0.699301,0.000198942,0.687132,-0.000140083,0.707019,9.1241e-05,0.707194
1581151494.668513511,0.699152,0.000195459,0.68713,-0.000126716,0.707008,8.79401e-05,0.707205
1581151494.675298288,0.698978,0.00019338,0.687136,-0.000117899,0.706992,8.08444e-05,0.707222
1581151494.681497777,0.698826,0.000195176,0.687143,-0.00011354,0.706986,8.43035e-05,0.707227
1581151494.688140866,0.698648,0.000201133,0.687142,-0.000120043,0.706992,8.95025e-05,0.707222
1581151494.694485147,0.698498,0.000206492,0.687136,-0.000128457,0.707003,9.49607e-05,0.707211
1581151494.701143166,0.698324,0.000217407,0.687127,-0.000137143,0.70702,0.000111617,0.707194
1581151494.708439764,0.69815,0.000230107,0.687119,-0.000154725,0.707035,0.000120024,0.707178
1581151494.715256322,0.697972,0.000245863,0.687118,-0.000178063,0.707049,0.000127096,0.707165
1581151494.721463011,0.697821,0.000257075,0.687117,-0.000194428,0.707058,0.000132689,0.707155
1581151494.762321037,0.696798,0.000275764,0.68713,-0.000186059,0.707013,0.000117048,0.7072
1581151494.768466126,0.696647,0.000261684,0.687134,-0.000182204,0.707004,9.90058e-05,0.707209
1581151494.775329901,0.696471,0.000242228,0.687134,-0.000166822,0.707,8.98098e-05,0.707214
1581151494.781400946,0.696321,0.000227129,0.687132,-0.000171406,0.707005,7.56224e-05,0.707209
1581151494.788161322,0.696146,0.000208842,0.687129,-0.000174477,0.707014,6.27219e-05,0.7072
1581151494.794381241,0.695997,0.000192915,0.687122,-0.000163288,0.707023,6.30774e-05,0.70719
1581151494.801052662,0.695821,0.000176804,0.687122,-0.000154451,0.707031,6.16621e-05,0.707182
1581151494.808519394,0.695646,0.000162487,0.687125,-0.000139528,0.707036,6.74549e-05,0.707178
1581151494.815211162,0.695474,0.000147378,0.687123,-0.000123781,0.707039,7.06319e-05,0.707174
1581151494.822205390,0.6953,0.000132693,0.687125,-0.000114873,0.707036,6.20372e-05,0.707178
1581151494.828424741,0.695151,0.000127469,0.68713,-0.000104339,0.707029,6.26509e-05,0.707185
1581151494.868371684,0.694149,0.000147234,0.687167,-8.49129e-05,0.706983,7.44707e-05,0.70723
1581151494.875117929,0.693996,0.000156262,0.687171,-8.64399e-05,0.706991,8.93152e-05,0.707223
1581151494.881196084,0.693822,0.00016753,0.687168,-8.46633e-05,0.707003,0.000112364,0.707211
1581151494.887493578,0.693673,0.000177864,0.687159,-9.18709e-05,0.707018,0.000125644,0.707196
1581151494.894188779,0.693498,0.00019017,0.687158,-0.000107245,0.707027,0.000130612,0.707187
1581151494.900459658,0.693345,0.000202331,0.687161,-0.000113812,0.707032,0.0001426,0.707181
1581151494.908357642,0.693143,0.000217631,0.687165,-0.000127535,0.707037,0.000150161,0.707176
1581151494.914508426,0.692993,0.000227591,0.687165,-0.000137767,0.707035,0.000147512,0.707178
1581151494.921352558,0.69282,0.00023753,0.687167,-0.000140399,0.707023,0.000146444,0.707191
1581151494.927516257,0.692669,0.000246935,0.687174,-0.000146061,0.70701,0.000142152,0.707204
1581151494.934480465,0.69249,0.000258796,0.687181,-0.000155091,0.706999,0.000137532,0.707214
1581151494.976051237,0.691461,0.000267147,0.6872,-0.000174918,0.706982,0.000119059,0.707232
1581151494.982420088,0.691286,0.000258295,0.687199,-0.000167497,0.706988,0.000123333,0.707225
1581151494.989110423,0.691113,0.000250051,0.687198,-0.000167827,0.70699,0.000116283,0.707224
1581151494.996059865,0.69096,0.000245402,0.687202,-0.000163615,0.706986,0.000114627,0.707227
1581151495.003180781,0.690755,0.000240274,0.687211,-0.000148355,0.706977,0.0001183,0.707236
1581151495.011135164,0.690579,0.000236048,0.687213,-0.000143476,0.706967,0.000109958,0.707246
1581151495.017335868,0.690404,0.000232223,0.687212,-0.000133666,0.706957,0.000105588,0.707256
1581151495.024173449,0.690229,0.000230457,0.687214,-0.000131186,0.70695,0.00010145,0.707263
1581151495.031098692,0.690052,0.000230912,0.687219,-0.000135199,0.706952,0.000102431,0.707261
1581151495.037340296,0.689901,0.000231097,0.687217,-0.000137263,0.706958,0.00010627,0.707255
1581151495.078233543,0.688876,0.00025877,0.687186,-0.000195671,0.707034,0.000139691,0.707179
1581151495.084512434,0.688727,0.000261441,0.687187,-0.000201732,0.707029,0.000131677,0.707185
1581151495.091347021,0.688549,0.000264887,0.687191,-0.000201039,0.707019,0.00012622,0.707195
1581151495.097495786,0.688399,0.000267222,0.687197,-0.000195446,0.707004,0.000122453,0.70721
1581151495.104094508,0.688224,0.000271426,0.687203,-0.000202696,0.706987,0.000106286,0.707227
1581151495.112161547,0.688049,0.000276106,0.687203,-0.000206201,0.706973,9.40512e-05,0.70724
1581151495.118184053,0.687873,0.000281942,0.687205,-0.000200233,0.70696,9.38301e-05,0.707254
1581151495.124978926,0.687722,0.00028656,0.68721,-0.000204159,0.706954,9.0452e-05,0.70726
1581151495.131211061,0.687547,0.000289376,0.687204,-0.000221088,0.706964,8.48652e-05,0.707249
1581151495.137365852,0.687398,0.000286651,0.687198,-0.000231329,0.706976,8.19551e-05,0.707237
1581151495.144087953,0.687248,0.000282202,0.687192,-0.000237555,0.706989,8.01108e-05,0.707225
1581151495.183539825,0.686244,0.000183295,0.687175,-0.00016803,0.70703,6.4586e-05,0.707183
1581151495.190158955,0.686067,0.00016269,0.687186,-0.000149827,0.707012,4.78859e-05,0.707202
1581151495.196575908,0.685917,0.000145895,0.68719,-0.000123661,0.706998,4.3582e-05,0.707216
1581151495.203205307,0.685745,0.000131844,0.687193,-9.26264e-05,0.706983,4.62163e-05,0.70723
1581151495.214441056,0.685469,0.000124878,0.687208,-8.23544e-05,0.706956,3.1822e-05,0.707257
1581151495.221398824,0.685291,0.000128625,0.687209,-8.76019e-05,0.70696,3.51337e-05,0.707253
1581151495.228116516,0.685139,0.000135431,0.687204,-9.66265e-05,0.706974,4.25463e-05,0.70724
1581151495.234544043,0.684966,0.000144214,0.687196,-0.0001026,0.706992,5.74188e-05,0.707222
1581151495.241134710,0.684792,0.000154944,0.687186,-9.99586e-05,0.707009,7.95476e-05,0.707204
1581151495.247362687,0.684639,0.000165414,0.687185,-0.00010724,0.70702,9.10657e-05,0.707193
1581151495.254163768,0.68446,0.0001792,0.687182,-0.000123338,0.707034,9.94081e-05,0.70718
1581151495.310348512,0.68307,0.00023916,0.68725,-0.000130417,0.70694,0.000113569,0.707274
1581151495.317523801,0.682891,0.000249227,0.687263,-0.000139398,0.706929,0.000112094,0.707284
1581151495.324199271,0.682739,0.000258291,0.687269,-0.000141024,0.706931,0.000124068,0.707282
1581151495.334534369,0.682565,0.000268544,0.687269,-0.000148737,0.706938,0.00013455,0.707276
1581151495.337326643,0.682393,0.000279154,0.687266,-0.000167521,0.706948,0.000136815,0.707265
1581151495.343468895,0.682244,0.000286329,0.687264,-0.000171897,0.706955,0.000146012,0.707258
1581151495.350228982,0.682068,0.000290803,0.687269,-0.000176827,0.706957,0.000150301,0.707257
1581151495.356409974,0.681917,0.000286276,0.687273,-0.000185095,0.706957,0.00013932,0.707257
1581151495.363272048,0.681744,0.000276714,0.687271,-0.000178968,0.706957,0.000135263,0.707256
1581151495.369491120,0.681597,0.000266063,0.687267,-0.000166638,0.706957,0.000134987,0.707256
1581151495.376138911,0.681423,0.000251931,0.687272,-0.000164973,0.706949,0.000118643,0.707265
1581151495.382401240,0.681273,0.000242161,0.687273,-0.000164643,0.706945,0.000106254,0.707269
1581151495.423378343,0.680249,0.000202693,0.687293,-0.000124922,0.706915,9.21148e-05,0.707299
1581151495.430077764,0.680075,0.000202014,0.68729,-0.000126969,0.706921,9.46315e-05,0.707292
1581151495.436422665,0.679926,0.000199995,0.687287,-0.000125203,0.706927,9.89633e-05,0.707286
1581151495.443304007,0.679776,0.000199444,0.687288,-0.000133854,0.706932,9.51525e-05,0.707281
1581151495.449603544,0.679601,0.000196939,0.687287,-0.000142723,0.706936,8.83902e-05,0.707277
1581151495.456176911,0.679428,0.00019516,0.68728,-0.000149676,0.70694,8.22881e-05,0.707273
1581151495.462589576,0.67928,0.000192328,0.687279,-0.000152337,0.706938,7.51308e-05,0.707275
1581151495.469169840,0.679106,0.000188834,0.687279,-0.0001488,0.706935,7.13617e-05,0.707278
1581151495.475480483,0.678955,0.000186136,0.687277,-0.000137526,0.706935,7.61503e-05,0.707279
1581151495.482116178,0.678803,0.000184308,0.687278,-0.000126975,0.706933,8.08512e-05,0.707281
1581151495.522338909,0.678628,0.000182347,0.687274,-0.000122079,0.706935,8.22109e-05,0.707278
1581151495.528602199,0.677626,0.000194033,0.687274,-0.000125921,0.706951,0.000101928,0.707262
1581151495.535099580,0.677449,0.000196648,0.687275,-0.000148547,0.706955,8.63141e-05,0.707259
1581151495.541552866,0.677297,0.000197737,0.687282,-0.00015707,0.706953,8.19274e-05,0.70726
1581151495.548115702,0.677119,0.00019651,0.687283,-0.000159252,0.706956,8.06157e-05,0.707257
1581151495.554461578,0.676968,0.000190991,0.687282,-0.000161307,0.706956,7.13503e-05,0.707258
1581151495.561110836,0.676794,0.000181384,0.687282,-0.000158154,0.706949,5.87076e-05,0.707265
1581151495.567398046,0.676643,0.000171665,0.687288,-0.000149732,0.706938,5.0091e-05,0.707275
1581151495.574116665,0.676465,0.000160416,0.687294,-0.000144763,0.706927,3.49564e-05,0.707286
1581151495.580416415,0.676313,0.00015264,0.687296,-0.000151866,0.70692,1.42884e-05,0.707294
1581151495.586554601,0.676164,0.000144481,0.6873,-0.000150116,0.706911,3.15993e-06,0.707302
1581151495.627579867,0.675139,0.000168565,0.687283,-0.0001725,0.706953,3.15042e-05,0.707261
1581151495.634404368,0.674963,0.00017519,0.687281,-0.0001804,0.706964,3.97738e-05,0.70725
1581151495.641152425,0.674784,0.000180982,0.687283,-0.000179351,0.70697,5.2384e-05,0.707243
1581151495.647390623,0.674635,0.000183635,0.687277,-0.000179442,0.706977,5.68418e-05,0.707237
1581151495.654246419,0.674463,0.00018382,0.687273,-0.000173673,0.706975,5.86238e-05,0.707238
1581151495.660306072,0.674316,0.000184081,0.687271,-0.000163928,0.706971,6.32306e-05,0.707243
1581151495.674220333,0.67417,0.000184655,0.687269,-0.000156172,0.706964,6.55368e-05,0.70725
1581151495.680488239,0.673846,0.000183887,0.687271,-0.000150591,0.706946,5.63313e-05,0.707268
1581151495.687445558,0.673675,0.000183531,0.687266,-0.000140466,0.706942,5.98591e-05,0.707272
1581151495.694139866,0.673503,0.000183354,0.687259,-0.000134886,0.70694,6.02884e-05,0.707274
1581151495.701110726,0.67333,0.000186751,0.687258,-0.000133927,0.706941,6.47278e-05,0.707272
1581151495.708635022,0.673156,0.00019217,0.68725,-0.000134695,0.706951,7.385e-05,0.707263
1581151495.715572016,0.672981,0.000198467,0.687242,-0.000147165,0.706958,7.1905e-05,0.707255
1581151495.722363881,0.672809,0.000206786,0.687228,-0.000159663,0.706971,7.44258e-05,0.707242
1581151495.729166722,0.672636,0.000216487,0.687222,-0.000162189,0.706978,8.64e-05,0.707236
1581151495.736128983,0.672462,0.000226332,0.687219,-0.000166616,0.706981,9.438e-05,0.707233
1581151495.742435232,0.672314,0.000234291,0.687216,-0.000170913,0.706982,9.8092e-05,0.707232
1581151495.749402344,0.67214,0.000242311,0.687219,-0.000169616,0.706974,0.000103218,0.707239
1581151495.756220595,0.671966,0.000248387,0.687218,-0.000159694,0.706967,0.000113346,0.707247
1581151495.763135651,0.671817,0.000252705,0.687215,-0.000164706,0.706963,0.000108605,0.707251
1581151495.803413107,0.671642,0.000254178,0.687217,-0.000171041,0.706952,9.68948e-05,0.707261
1581151495.811286142,0.670597,0.000268761,0.687184,-0.000192992,0.707012,0.000125399,0.707202
1581151495.817662525,0.670448,0.000273344,0.687176,-0.000209242,0.707028,0.000123314,0.707186
1581151495.824249582,0.670272,0.000278358,0.687176,-0.000213452,0.707039,0.000133572,0.707175
1581151495.831184457,0.670096,0.000282089,0.68718,-0.000212845,0.707039,0.000139979,0.707174
1581151495.838055960,0.669919,0.000284342,0.687181,-0.000215942,0.707033,0.00013435,0.707181
1581151495.844787560,0.669771,0.000284138,0.687181,-0.00021565,0.707025,0.000128182,0.707188
1581151495.851150477,0.669599,0.000282502,0.687178,-0.000208624,0.707016,0.00012645,0.707197
1581151495.857480916,0.669449,0.00028094,0.687184,-0.000200852,0.707,0.000123227,0.707214
1581151495.864225088,0.669271,0.000279851,0.687192,-0.00020234,0.70698,0.000109322,0.707233
1581151495.871043196,0.669094,0.000278384,0.687201,-0.000198477,0.706964,0.000102713,0.70725
1581151495.877359154,0.668944,0.000277677,0.687199,-0.000186746,0.706959,0.000109372,0.707255
1581151495.883991337,0.668771,0.000277256,0.687193,-0.00018381,0.706964,0.000113928,0.707249
1581151495.890520054,0.668622,0.000277635,0.687193,-0.000189341,0.706969,0.000113311,0.707245
1581151495.897137305,0.668444,0.000279267,0.687198,-0.000198733,0.706976,0.000115077,0.707238
1581151495.903638625,0.668292,0.000281281,0.687196,-0.000206256,0.706987,0.000118437,0.707226
1581151495.911333525,0.668091,0.000281977,0.687191,-0.000206024,0.707006,0.000129621,0.707208
1581151495.952501091,0.667064,0.000278389,0.68718,-0.000166267,0.70702,0.000161266,0.707193
1581151495.966169014,0.66671,0.000265246,0.687198,-0.000140809,0.706976,0.000143982,0.707238
1581151495.972628770,0.666559,0.000256166,0.687202,-0.000122612,0.706959,0.00014005,0.707255
1581151495.979227043,0.666385,0.000245262,0.687199,-0.000116183,0.706956,0.000131549,0.707257
1581151495.985450713,0.666237,0.000236587,0.687196,-0.000122302,0.706964,0.000120665,0.707249
1581151495.992239748,0.666064,0.000228206,0.687192,-0.000129622,0.706974,0.000111567,0.70724
1581151495.999162282,0.665887,0.000221781,0.687189,-0.000134437,0.706985,0.000108524,0.707228
1581151496.006355425,0.665736,0.000215183,0.687184,-0.000139886,0.706998,0.000103763,0.707216
1581151496.013213053,0.665537,0.000208159,0.687176,-0.000159578,0.707018,8.92952e-05,0.707196
1581151496.020146738,0.665389,0.00020422,0.687169,-0.000164678,0.707033,8.90187e-05,0.70718
1581151496.060287669,0.66434,0.000152253,0.687158,-0.00015018,0.707031,4.2149e-05,0.707182
1581151496.066621146,0.664191,0.000146499,0.68716,-0.000148633,0.707018,2.79218e-05,0.707195
1581151496.073311110,0.664016,0.000142931,0.687163,-0.000133925,0.707004,2.68051e-05,0.70721
1581151496.079607096,0.663866,0.000143246,0.687162,-0.000121317,0.706993,3.07303e-05,0.70722
1581151496.086348446,0.663692,0.000147556,0.687164,-0.000121221,0.706985,2.98279e-05,0.707228
1581151496.093221943,0.663542,0.000155745,0.687162,-0.000137389,0.706989,2.56764e-05,0.707224
1581151496.099469712,0.663367,0.000165294,0.687158,-0.000152107,0.706999,2.91469e-05,0.707215
1581151496.107173237,0.663219,0.000174605,0.687151,-0.000159166,0.707012,4.04881e-05,0.707201
1581151496.113267365,0.66302,0.000190497,0.687142,-0.00017372,0.70703,5.35447e-05,0.707183
1581151496.120119544,0.662845,0.000205447,0.687134,-0.000184322,0.707047,6.68319e-05,0.707166
1581151496.160227728,0.661843,0.000286997,0.687136,-0.000196999,0.707048,0.000137357,0.707165
1581151496.166629579,0.661692,0.000295345,0.687138,-0.000197218,0.707037,0.00013708,0.707177
1581151496.173141813,0.661519,0.000295182,0.687147,-0.000187681,0.707015,0.000133681,0.707199
1581151496.179566034,0.661371,0.000291282,0.687156,-0.000175585,0.706997,0.000131947,0.707216
1581151496.186150864,0.661194,0.000282441,0.687166,-0.000164187,0.706982,0.000126336,0.707231
1581151496.192609954,0.661042,0.000274019,0.687174,-0.000165616,0.706978,0.000116474,0.707236
1581151496.199281031,0.660866,0.000261665,0.687175,-0.000169475,0.706983,0.00010543,0.70723
1581151496.205605332,0.660718,0.000250781,0.687177,-0.000166218,0.706989,0.000103102,0.707224
1581151496.212389552,0.660546,0.000238563,0.687173,-0.000164772,0.707001,0.000100295,0.707212
1581151496.219090880,0.660394,0.000229477,0.687175,-0.000167465,0.707011,9.58251e-05,0.707203
1581151496.226441617,0.660191,0.000220503,0.687177,-0.000166115,0.707027,9.92945e-05,0.707186
1581151496.266559338,0.659193,0.000152915,0.687195,-0.000110772,0.707011,7.88941e-05,0.707203
1581151496.273119517,0.659019,0.0001409,0.687197,-0.00010826,0.706999,6.10239e-05,0.707214
1581151496.279523421,0.658871,0.00013734,0.687199,-0.000100316,0.706991,5.98153e-05,0.707222
1581151496.286138244,0.658696,0.000135413,0.687206,-8.31059e-05,0.706978,6.71858e-05,0.707235
1581151496.292323169,0.658544,0.000137537,0.687212,-7.6197e-05,0.706967,6.95282e-05,0.707247
1581151496.299200273,0.658368,0.000142025,0.687213,-8.33256e-05,0.706959,6.25093e-05,0.707254
1581151496.306459942,0.658219,0.000148289,0.687215,-9.1392e-05,0.706956,6.0705e-05,0.707258
1581151496.313311255,0.658022,0.000160716,0.687217,-9.81543e-05,0.706959,7.12394e-05,0.707255
1581151496.319536588,0.657871,0.000173266,0.687214,-0.000108404,0.706968,8.00725e-05,0.707246
1581151496.326187242,0.657694,0.000189855,0.687214,-0.000134549,0.706978,7.95285e-05,0.707236
1581151496.338314477,0.657544,0.000203416,0.687207,-0.000152112,0.706993,8.48045e-05,0.707221
1581151496.376308329,0.656449,0.000292531,0.687198,-0.000198674,0.707006,0.000143463,0.707207
1581151496.383118918,0.656299,0.000294289,0.687204,-0.000197169,0.706991,0.000138571,0.707222
1581151496.389319612,0.656124,0.000288928,0.687211,-0.000186623,0.706973,0.000133627,0.707241
1581151496.395585964,0.655975,0.000280599,0.687217,-0.000171519,0.70696,0.000133358,0.707254
1581151496.402235633,0.655799,0.000267437,0.687224,-0.000161958,0.706946,0.000123237,0.707268
1581151496.410091285,0.655624,0.000255125,0.687222,-0.000168497,0.706946,0.000105628,0.707268
1581151496.416285794,0.655447,0.000244533,0.687221,-0.00017114,0.706952,9.71948e-05,0.707261
1581151496.423133602,0.65527,0.000233392,0.687222,-0.000172039,0.706961,9.16791e-05,0.707253
1581151496.429333867,0.655121,0.000224105,0.687211,-0.000172926,0.706976,8.85155e-05,0.707238
1581151496.435659404,0.654971,0.000215951,0.687205,-0.000173565,0.706989,8.48911e-05,0.707225
1581151496.442285226,0.654796,0.000206345,0.687198,-0.000166228,0.707005,8.89553e-05,0.707208
1581151496.486260712,0.65369,0.000159872,0.687205,-0.000148991,0.707005,5.95809e-05,0.707208
1581151496.492594107,0.65354,0.000155258,0.687207,-0.000140302,0.706995,5.59488e-05,0.707218
1581151496.499469039,0.653367,0.000151272,0.687213,-0.000121569,0.706979,6.05769e-05,0.707234
1581151496.507196604,0.653217,0.000152626,0.68722,-0.000111186,0.706965,6.48098e-05,0.707249
1581151496.513370703,0.653014,0.00015983,0.687225,-0.000117363,0.706952,5.96167e-05,0.707261
1581151496.520056788,0.652835,0.000168935,0.68723,-0.000123229,0.706949,6.26754e-05,0.707264
1581151496.526265582,0.652683,0.000178035,0.68723,-0.000122371,0.706954,7.57538e-05,0.70726
1581151496.532524860,0.652534,0.000187583,0.687225,-0.00012686,0.70696,8.40375e-05,0.707253
1581151496.539304927,0.65236,0.000201114,0.687216,-0.000147834,0.706972,8.10739e-05,0.707241
1581151496.545500239,0.652208,0.000213928,0.687217,-0.000173082,0.706979,7.28669e-05,0.707235
1581151496.585596736,0.651204,0.000285484,0.687196,-0.000259535,0.707031,8.83701e-05,0.707183
1581151496.592174556,0.651028,0.000290115,0.687196,-0.000245935,0.707025,0.000101673,0.707188
1581151496.598474525,0.650879,0.000289216,0.687201,-0.000233641,0.707014,0.000105843,0.707199
1581151496.606531014,0.650706,0.000281602,0.687208,-0.000223726,0.706995,9.63289e-05,0.707218
1581151496.613371258,0.650505,0.000270331,0.687217,-0.000202723,0.706972,9.13795e-05,0.707241
1581151496.619634094,0.650352,0.00026166,0.687225,-0.000180642,0.706956,9.49093e-05,0.707257
1581151496.626326136,0.650177,0.000250456,0.687225,-0.000170053,0.70695,9.01759e-05,0.707264
1581151496.632574550,0.650029,0.000242216,0.687218,-0.000175039,0.706956,7.98199e-05,0.707257
1581151496.639213756,0.649856,0.000232973,0.687215,-0.000175311,0.706966,7.56692e-05,0.707248
1581151496.645556986,0.649706,0.000225962,0.687216,-0.000168489,0.706972,7.97902e-05,0.707241
1581151496.652280542,0.649529,0.000218886,0.687216,-0.000157041,0.70698,8.77055e-05,0.707234
1581151496.692554150,0.648529,0.000177806,0.687175,-0.000115484,0.707053,0.000110344,0.70716
1581151496.699276972,0.648357,0.000171352,0.687176,-0.000106623,0.707046,0.000107576,0.707168
1581151496.707096569,0.648209,0.000165559,0.687177,-9.41175e-05,0.707036,0.000107503,0.707177
1581151496.713317358,0.648008,0.000161128,0.687182,-8.12495e-05,0.707023,0.00010692,0.707191
1581151496.720178391,0.647859,0.000157778,0.687182,-7.52506e-05,0.707015,0.000102856,0.707199
1581151496.726226246,0.647685,0.000155994,0.687186,-6.26944e-05,0.707001,0.000104526,0.707213
1581151496.732591679,0.647535,0.000154972,0.687185,-5.81309e-05,0.70699,0.000101052,0.707224
1581151496.739331926,0.64736,0.000157331,0.687189,-6.39755e-05,0.706976,9.2796e-05,0.707237
1581151496.745555587,0.647209,0.000161259,0.687196,-7.70083e-05,0.70697,8.50563e-05,0.707244
1581151496.752217173,0.647058,0.000166559,0.687201,-8.9969e-05,0.70697,8.22452e-05,0.707243
1581151496.758512667,0.646884,0.000172332,0.687194,-9.80953e-05,0.706983,8.7448e-05,0.707231
1581151496.798669576,0.645881,0.000189224,0.687162,-0.000130475,0.707058,0.000112656,0.707155
1581151496.806420966,0.645704,0.000182146,0.687167,-0.000130495,0.707053,0.000103757,0.707161
1581151496.813213149,0.645502,0.000171692,0.68717,-0.000115573,0.707046,0.000102661,0.707168
1581151496.819629687,0.645351,0.000164579,0.687171,-0.000103178,0.707039,0.000102498,0.707175
1581151496.826284795,0.645178,0.000155729,0.687172,-0.000105401,0.707029,8.48234e-05,0.707185
1581151496.832436465,0.64503,0.000153912,0.687175,-0.000117487,0.707015,6.29203e-05,0.707198
1581151496.839273950,0.644853,0.000156181,0.687187,-0.00012803,0.706993,4.39624e-05,0.707221
1581151496.845348640,0.644701,0.000161651,0.6872,-0.000130715,0.706972,3.85316e-05,0.707241
1581151496.852330173,0.644524,0.000168821,0.687214,-0.000132444,0.706956,3.96718e-05,0.707257
1581151496.858438644,0.644374,0.000175431,0.687215,-0.000142779,0.706956,3.78876e-05,0.707257
1581151496.865255977,0.644201,0.000185189,0.68721,-0.00016611,0.706966,3.12014e-05,0.707248
1581151496.871562422,0.644051,0.00019361,0.687211,-0.000183602,0.706973,2.84902e-05,0.707241
1581151496.912201579,0.643021,0.000243295,0.687206,-0.000195645,0.707031,0.00010508,0.707182
1581151496.918375114,0.64287,0.000251952,0.687205,-0.000194255,0.707037,0.000119673,0.707176
1581151496.925157224,0.642696,0.000261262,0.687202,-0.00019789,0.707037,0.000125579,0.707177
1581151496.931426600,0.642546,0.000269839,0.687201,-0.000197976,0.707033,0.000132784,0.707181
1581151496.938359014,0.642396,0.00027712,0.687206,-0.000189265,0.707022,0.000145168,0.707192
1581151496.944693864,0.642218,0.000286984,0.687216,-0.000184612,0.707008,0.000155346,0.707206
1581151496.951437797,0.642041,0.00029496,0.687222,-0.00019832,0.706995,0.000144885,0.707218
1581151496.958153307,0.641892,0.000297257,0.687225,-0.000210115,0.706984,0.000129816,0.70723
1581151496.964358255,0.641718,0.000296283,0.687228,-0.00021291,0.706968,0.000118561,0.707246
1581151496.970664317,0.641569,0.000293753,0.687231,-0.000213761,0.706953,0.000109838,0.70726
1581151496.977268221,0.641394,0.000290262,0.687236,-0.000222542,0.706948,9.81619e-05,0.707266
1581151497.017499216,0.640391,0.000233896,0.687227,-0.000183087,0.706986,8.16939e-05,0.707228
1581151497.024093115,0.64024,0.000217915,0.687222,-0.000172251,0.706996,7.82007e-05,0.707217
1581151497.030364885,0.640066,0.000199937,0.687213,-0.00016131,0.707012,7.51257e-05,0.707201
1581151497.036544045,0.639916,0.000185312,0.687208,-0.000155454,0.707024,6.99084e-05,0.70719
1581151497.043492167,0.63974,0.000169083,0.687204,-0.000152747,0.707034,5.91907e-05,0.707179
1581151497.049533535,0.639591,0.000157089,0.687203,-0.000151775,0.707037,4.85464e-05,0.707176
1581151497.056297518,0.639415,0.00014892,0.687207,-0.000140478,0.707032,4.79197e-05,0.707181
1581151497.062616102,0.639265,0.000146083,0.687205,-0.000136276,0.707029,4.56418e-05,0.707185
1581151497.069386391,0.639089,0.000147599,0.687205,-0.000134887,0.707019,4.2192e-05,0.707195
1581151497.076190760,0.638938,0.000151754,0.68721,-0.000135136,0.707005,3.95705e-05,0.707208
1581151497.082488499,0.638764,0.000156805,0.687217,-0.000128894,0.706987,4.18046e-05,0.707227
1581151497.122530919,0.637762,0.000217503,0.687223,-0.000159671,0.706976,7.78903e-05,0.707238
1581151497.129248508,0.637587,0.000228283,0.68722,-0.00016752,0.706986,8.65474e-05,0.707227
1581151497.135520044,0.637436,0.000237056,0.687217,-0.000180822,0.706993,8.52997e-05,0.70722
1581151497.142327043,0.637259,0.000247421,0.687218,-0.000190131,0.706999,8.9928e-05,0.707215
1581151497.148511958,0.637109,0.000255526,0.687218,-0.000191006,0.707006,0.000102041,0.707207
1581151497.155217718,0.636936,0.000264996,0.687213,-0.000195678,0.707018,0.000115036,0.707195
1581151497.201599561,0.635808,0.000293667,0.687226,-0.000215547,0.707009,0.00011994,0.707205
1581151497.208398378,0.635632,0.000286045,0.687244,-0.000206679,0.70699,0.000114069,0.707224
1581151497.215225042,0.635457,0.000276546,0.687257,-0.000189601,0.706972,0.000114248,0.707241
1581151497.221699447,0.635309,0.000266893,0.687264,-0.000178867,0.706959,0.000110191,0.707254
1581151497.228315033,0.635138,0.000253713,0.68727,-0.000179187,0.706944,9.19403e-05,0.707269
1581151497.235218989,0.634965,0.000237936,0.687284,-0.000178874,0.706926,7.06863e-05,0.707287
1581151497.242440275,0.634787,0.000222723,0.687297,-0.000166786,0.706913,6.20716e-05,0.707301
1581151497.249393938,0.634611,0.000209736,0.687298,-0.000152402,0.706916,6.40513e-05,0.707297
1581151497.256153268,0.634436,0.000197038,0.687304,-0.000141552,0.70692,6.36058e-05,0.707294
1581151497.263269403,0.634264,0.000187555,0.68731,-0.000134142,0.706925,6.37074e-05,0.707289
1581151497.269566224,0.634113,0.000181633,0.687312,-0.00012637,0.706931,6.72804e-05,0.707282
1581151497.276298641,0.633934,0.000177274,0.687315,-0.000115835,0.70694,7.64683e-05,0.707274
1581151497.282565872,0.633786,0.000173657,0.687306,-0.000107995,0.706955,8.55536e-05,0.707259
1581151497.289230589,0.633616,0.00016904,0.687292,-0.00010591,0.706973,8.89403e-05,0.70724
1581151497.337358438,0.632616,0.000164464,0.68726,-0.000106546,0.706974,7.97987e-05,0.70724
1581151497.337832813,0.632445,0.000169497,0.687259,-0.000107601,0.706964,8.1133e-05,0.707249
1581151497.344467875,0.632273,0.000173053,0.68726,-0.000112265,0.706952,7.69533e-05,0.707262
1581151497.351345735,0.6321,0.000175727,0.687265,-0.000124188,0.706934,6.32793e-05,0.70728
1581151497.358157759,0.631928,0.000178729,0.687266,-0.000137821,0.706922,5.03346e-05,0.707291
1581151497.364547493,0.63178,0.000182386,0.687267,-0.000145426,0.706921,4.90159e-05,0.707292
1581151497.371342007,0.631607,0.000187822,0.687265,-0.000153965,0.706927,5.19494e-05,0.707286
1581151497.377541641,0.63146,0.000192404,0.687257,-0.000159708,0.706938,5.61397e-05,0.707275
1581151497.384195873,0.631287,0.000197529,0.687248,-0.00017045,0.70695,5.59185e-05,0.707264
1581151497.390663635,0.631139,0.000202017,0.687243,-0.00017681,0.706958,5.81943e-05,0.707256
1581151497.397387651,0.630968,0.000207235,0.687237,-0.000177458,0.706964,6.61068e-05,0.707249
1581151497.404212061,0.630794,0.000212495,0.687234,-0.000176826,0.706972,7.64704e-05,0.707241
1581151497.455582669,0.629503,0.000205303,0.687182,-0.000185407,0.707026,7.60735e-05,0.707188
1581151497.462382591,0.629324,0.000200235,0.68719,-0.00017498,0.707016,7.65253e-05,0.707198
1581151497.468591152,0.62917,0.000197101,0.687198,-0.000162287,0.707006,8.15746e-05,0.707208
1581151497.475348113,0.628989,0.000194268,0.687206,-0.00015979,0.706994,7.62356e-05,0.707219
1581151497.481464442,0.628836,0.000192335,0.687209,-0.000166439,0.706987,6.47826e-05,0.707227
1581151497.488373924,0.62866,0.000191493,0.687213,-0.000173352,0.706978,5.42544e-05,0.707235
1581151497.494588525,0.628508,0.000190911,0.687222,-0.000170247,0.706968,5.39006e-05,0.707246
1581151497.501327604,0.628328,0.000190725,0.687232,-0.000166379,0.706956,5.31623e-05,0.707258
1581151497.509254837,0.628147,0.00018958,0.687243,-0.000170107,0.706945,4.45531e-05,0.707269
1581151497.515444864,0.627967,0.000187294,0.68725,-0.000180344,0.706942,3.14368e-05,0.707271
1581151497.522291349,0.627791,0.000184054,0.687255,-0.000184626,0.706944,2.58508e-05,0.707269
1581151497.562518485,0.627639,0.000182502,0.687256,-0.000178896,0.706948,3.18849e-05,0.707266
1581151497.569281721,0.626597,0.000177314,0.687245,-0.000166428,0.707004,5.7014e-05,0.707209
1581151497.575419813,0.626444,0.00017696,0.687249,-0.000162111,0.707008,6.16594e-05,0.707206
1581151497.582179990,0.626292,0.000178187,0.68725,-0.000159167,0.707009,6.42477e-05,0.707204
1581151497.588403590,0.626117,0.000179243,0.687246,-0.000151206,0.707005,6.81209e-05,0.707209
1581151497.595362825,0.625942,0.00018256,0.687249,-0.000141552,0.706994,7.57522e-05,0.70722
1581151497.601483557,0.62579,0.000187293,0.687256,-0.000133155,0.706982,8.47989e-05,0.707232
1581151497.610241793,0.62556,0.00019462,0.687272,-0.000142094,0.706958,7.68338e-05,0.707256
1581151497.616412381,0.625409,0.000197797,0.687279,-0.000150399,0.706942,6.6794e-05,0.707272
1581151497.622711435,0.625258,0.000200982,0.687284,-0.000151971,0.706927,6.35267e-05,0.707286
1581151497.629337920,0.625084,0.000205889,0.687289,-0.000151151,0.706915,6.64093e-05,0.707298
1581151497.670412716,0.624057,0.000211808,0.687271,-0.000168993,0.706958,7.4128e-05,0.707256
1581151497.676573493,0.623906,0.0002119,0.68727,-0.000174385,0.706961,7.07365e-05,0.707252
1581151497.683347382,0.62373,0.000213487,0.687265,-0.000183641,0.70697,6.72217e-05,0.707244
1581151497.690258420,0.623555,0.000215267,0.687256,-0.000186273,0.706982,7.0505e-05,0.707232
1581151497.696386056,0.623405,0.000218546,0.687252,-0.000189619,0.706992,7.49303e-05,0.707222
1581151497.703310961,0.623228,0.000222626,0.687249,-0.000199436,0.707,7.37113e-05,0.707213
1581151497.710273482,0.623053,0.000226373,0.687244,-0.000207898,0.70701,7.30748e-05,0.707204
1581151497.717244496,0.622876,0.000228138,0.687243,-0.000209096,0.707014,7.54175e-05,0.7072
1581151497.723466130,0.622728,0.000228384,0.687237,-0.000201575,0.707017,8.3414e-05,0.707196
1581151497.730268885,0.62258,0.000227835,0.687238,-0.000199561,0.707012,8.40148e-05,0.707201
1581151497.736361229,0.622405,0.000227065,0.687237,-0.000200914,0.707009,8.00489e-05,0.707205
1581151497.777303721,0.621387,0.000207018,0.68724,-0.00012543,0.706956,9.28132e-05,0.707258
1581151497.783572328,0.621239,0.000202581,0.687242,-0.000110251,0.706953,9.92093e-05,0.707261
1581151497.790226688,0.621063,0.00020083,0.687241,-9.33345e-05,0.706959,0.000113427,0.707255
1581151497.796500386,0.620911,0.000201771,0.687234,-8.09178e-05,0.706971,0.000128095,0.707243
1581151497.803206174,0.620733,0.000206076,0.687231,-8.41222e-05,0.706982,0.000132033,0.707232
1581151497.811125303,0.620559,0.000210216,0.687224,-9.8642e-05,0.706994,0.000127206,0.70722
1581151497.817270037,0.620388,0.000214214,0.687217,-0.000107882,0.707002,0.000126825,0.707211
1581151497.824215985,0.620238,0.000217962,0.687212,-0.00010899,0.707008,0.000131974,0.707206
1581151497.830324789,0.620062,0.000223268,0.687211,-0.00011156,0.707014,0.000138235,0.707199
1581151497.836585555,0.619911,0.000226989,0.687218,-0.000121561,0.707016,0.000134859,0.707198
1581151497.843461192,0.619737,0.000229873,0.687217,-0.00013143,0.707025,0.000131593,0.707188
1581151497.884551158,0.618715,0.000218721,0.687235,-0.000158117,0.706997,9.41792e-05,0.707216
1581151497.890654780,0.618569,0.000214962,0.687239,-0.000157582,0.706989,9.07216e-05,0.707225
1581151497.897264315,0.618393,0.000211327,0.687245,-0.00015379,0.706976,8.84152e-05,0.707238
1581151497.903636724,0.618241,0.000209205,0.68725,-0.000156261,0.706964,7.97416e-05,0.70725
1581151497.911466418,0.61804,0.000205091,0.687252,-0.000157453,0.706947,6.71e-05,0.707266
1581151497.918130889,0.617892,0.000202582,0.687255,-0.000151117,0.706938,6.67704e-05,0.707276
1581151497.924291714,0.617721,0.000200162,0.687255,-0.000140406,0.70694,7.54677e-05,0.707273
1581151497.930593678,0.617571,0.00019933,0.687256,-0.000130986,0.706946,8.60718e-05,0.707268
1581151497.937195629,0.617393,0.000197037,0.687263,-0.000132793,0.706949,8.43629e-05,0.707265
1581151497.944370834,0.617219,0.000193031,0.687259,-0.000138376,0.706958,7.81018e-05,0.707255
1581151497.950469365,0.61707,0.000189702,0.68725,-0.000141929,0.706969,7.42647e-05,0.707244
1581151497.957297123,0.616897,0.000186166,0.687238,-0.000142501,0.706982,7.35491e-05,0.707231
1581151498.004685174,0.615725,0.000176942,0.687216,-0.00012866,0.707031,8.91862e-05,0.707183
1581151498.012245399,0.61555,0.000180122,0.687213,-0.000139585,0.707027,8.06724e-05,0.707186
1581151498.018584887,0.615377,0.000184873,0.687208,-0.000147886,0.707027,7.88414e-05,0.707186
1581151498.025287748,0.615204,0.000191179,0.687212,-0.000155282,0.707021,7.96267e-05,0.707192
1581151498.031548597,0.615054,0.000198052,0.687215,-0.000162089,0.707018,8.1225e-05,0.707195
1581151498.038413088,0.614881,0.000206947,0.687214,-0.000173235,0.707016,7.9975e-05,0.707197
1581151498.044598350,0.614731,0.00021397,0.687215,-0.000180175,0.707012,8.04334e-05,0.707201
1581151498.051297556,0.614556,0.000221666,0.687218,-0.000183353,0.707006,8.46632e-05,0.707207
1581151498.057540576,0.614407,0.000227587,0.68722,-0.000178002,0.707002,9.49622e-05,0.707212
1581151498.064397166,0.614229,0.000234956,0.687219,-0.000179498,0.706998,9.95356e-05,0.707216
1581151498.070689913,0.614078,0.000240045,0.68722,-0.000181747,0.706991,0.000100062,0.707222
1581151498.077685750,0.613904,0.000241257,0.687221,-0.000179804,0.706982,9.8826e-05,0.707231
1581151498.118514831,0.612878,0.000232741,0.687217,-0.000183535,0.706987,8.37187e-05,0.707227
1581151498.125297353,0.612701,0.000232984,0.687215,-0.000180161,0.706994,8.86598e-05,0.707219
1581151498.131730070,0.612549,0.000233039,0.687215,-0.00017432,0.707,9.62371e-05,0.707213
1581151498.138329261,0.612372,0.000233278,0.687213,-0.000175745,0.707011,9.7549e-05,0.707203
1581151498.144579760,0.612223,0.000231431,0.687209,-0.000182793,0.707021,9.1757e-05,0.707193
1581151498.151236474,0.61205,0.000228986,0.687201,-0.000193016,0.707036,8.40632e-05,0.707178
1581151498.157473946,0.6119,0.000225453,0.687202,-0.000193988,0.707042,8.28529e-05,0.707171
1581151498.164111886,0.611723,0.000221546,0.687207,-0.000196341,0.707041,7.7928e-05,0.707172
1581151498.170392160,0.611571,0.000217248,0.687207,-0.000196921,0.707034,7.01365e-05,0.707179
1581151498.176611825,0.61142,0.0002132,0.687204,-0.000203745,0.707032,5.68436e-05,0.707182
1581151498.183431520,0.611247,0.00020767,0.6872,-0.000210289,0.707029,4.25303e-05,0.707184
1581151498.189643296,0.611099,0.000204044,0.687203,-0.000209397,0.707023,3.75012e-05,0.707191
1581151498.232287496,0.610044,0.000193744,0.68723,-0.000189035,0.706958,2.41607e-05,0.707256
1581151498.238341762,0.609867,0.00019975,0.687228,-0.000185744,0.706967,3.68519e-05,0.707246
1581151498.245211538,0.609692,0.00020626,0.687221,-0.000191279,0.706979,4.24221e-05,0.707235
1581151498.252443628,0.609519,0.000212587,0.687215,-0.000198969,0.706987,4.46496e-05,0.707227
1581151498.259184987,0.609371,0.000218935,0.687214,-0.000199849,0.706991,5.24651e-05,0.707222
1581151498.265484942,0.609196,0.00022631,0.68722,-0.000196881,0.706991,6.49766e-05,0.707223
1581151498.271737413,0.609045,0.000231399,0.687224,-0.00019315,0.706991,7.55833e-05,0.707223
1581151498.278539531,0.608871,0.000234386,0.687221,-0.000198099,0.706998,7.68358e-05,0.707216
1581151498.284759835,0.608698,0.000234981,0.687217,-0.000208047,0.707004,7.07457e-05,0.70721
1581151498.291495958,0.608549,0.000234062,0.687218,-0.00021645,0.707005,6.41999e-05,0.707208
1581151498.297665322,0.608401,0.000231946,0.687222,-0.000222254,0.707006,5.99967e-05,0.707207
1581151498.339486293,0.607377,0.000205926,0.687228,-0.000171389,0.70702,7.80851e-05,0.707193
1581151498.346416057,0.607177,0.000200451,0.687227,-0.000160302,0.707016,7.78129e-05,0.707197
1581151498.353186457,0.607004,0.000194817,0.687228,-0.000152277,0.70701,7.46754e-05,0.707204
1581151498.359563733,0.606855,0.000190506,0.687231,-0.000145507,0.707004,7.35872e-05,0.70721
1581151498.366377988,0.60668,0.000186426,0.687234,-0.000137915,0.706997,7.38658e-05,0.707217
1581151498.372498764,0.606531,0.000183298,0.687234,-0.000132597,0.706991,7.30553e-05,0.707222
1581151498.379273633,0.606356,0.000179525,0.687243,-0.000132013,0.706978,6.55322e-05,0.707236
1581151498.385647123,0.606206,0.000176894,0.687245,-0.000132501,0.706968,5.81341e-05,0.707246
1581151498.392302788,0.60603,0.000175896,0.68725,-0.000128021,0.706954,5.6085e-05,0.70726
1581151498.398641263,0.605879,0.000176184,0.687254,-0.00012103,0.706943,5.92043e-05,0.707271
1581151498.406397535,0.605704,0.000177416,0.687255,-0.000113652,0.706944,6.83382e-05,0.707269
1581151498.449199678,0.604628,0.000216737,0.687246,-0.000143982,0.706987,0.000100771,0.707227
1581151498.455597585,0.604452,0.00022771,0.687245,-0.000163774,0.706991,9.60075e-05,0.707222
1581151498.461692822,0.604301,0.000237438,0.68725,-0.000177289,0.70699,9.50739e-05,0.707224
1581151498.468384736,0.604125,0.000248402,0.687253,-0.00018078,0.706991,0.000105615,0.707222
1581151498.474698717,0.603976,0.000255978,0.687251,-0.000177716,0.706997,0.000118867,0.707217
1581151498.481482675,0.603804,0.000263792,0.68725,-0.000175874,0.707003,0.000131608,0.707211
1581151498.488128930,0.603629,0.000271353,0.687251,-0.000182789,0.707008,0.000134888,0.707205
1581151498.494432046,0.603476,0.000276794,0.687252,-0.000191657,0.707013,0.000133162,0.707201
1581151498.501232644,0.603298,0.000279426,0.687253,-0.000192284,0.70701,0.000134007,0.707203
1581151498.509279726,0.603097,0.000276965,0.687255,-0.000187223,0.707002,0.000132982,0.707212
1581151498.515631887,0.602949,0.000272953,0.687254,-0.000185226,0.706999,0.000130207,0.707214
1581151498.564526390,0.602773,0.000267449,0.687255,-0.000192794,0.706996,0.000115927,0.707218
1581151498.570671295,0.601567,0.000228396,0.687278,-0.000141186,0.706937,9.48092e-05,0.707276
1581151498.577324848,0.601393,0.000221451,0.687281,-0.000133788,0.706926,9.18457e-05,0.707287
1581151498.583546392,0.601245,0.000216921,0.687278,-0.000132486,0.706929,9.10936e-05,0.707285
1581151498.590289335,0.601072,0.000213601,0.687277,-0.00014337,0.706936,8.27025e-05,0.707278
1581151498.596605711,0.60092,0.000211988,0.687282,-0.000158019,0.706939,7.17029e-05,0.707275
1581151498.603302642,0.600742,0.000208979,0.687285,-0.000170727,0.706943,6.06504e-05,0.70727
1581151498.611527034,0.600542,0.00020711,0.687272,-0.000173113,0.70696,6.11789e-05,0.707254
1581151498.617714838,0.600393,0.000205987,0.687261,-0.000169729,0.706972,6.68333e-05,0.707242
1581151498.624319827,0.600219,0.000206553,0.687254,-0.000170461,0.706982,7.00081e-05,0.707231
1581151498.630606727,0.600069,0.000207127,0.687252,-0.000171512,0.706989,7.06249e-05,0.707224
1581151498.671471434,0.599045,0.000233564,0.687228,-0.000192924,0.707027,8.78643e-05,0.707186
1581151498.677798395,0.598896,0.00023728,0.687223,-0.000194502,0.707032,9.12368e-05,0.707182
1581151498.684473798,0.598723,0.000241092,0.687225,-0.000191582,0.707027,9.66969e-05,0.707187
1581151498.691279328,0.598549,0.000244532,0.687227,-0.000188184,0.707019,0.000100995,0.707194
1581151498.697655683,0.598399,0.000247345,0.687231,-0.000188806,0.707015,0.000101707,0.707199
1581151498.704209227,0.598225,0.000247413,0.68723,-0.000188578,0.707014,9.98426e-05,0.7072
1581151498.752373366,0.597053,0.000210603,0.687221,-0.000182838,0.707012,6.62609e-05,0.707202
1581151498.759316786,0.596878,0.000209455,0.687229,-0.000181394,0.707,6.48087e-05,0.707214
1581151498.765435001,0.596725,0.000209362,0.687236,-0.000182261,0.70699,6.17559e-05,0.707224
1581151498.772291905,0.59655,0.000208979,0.687239,-0.000182891,0.706982,5.8021e-05,0.707232
1581151498.778528495,0.5964,0.000208411,0.687235,-0.000179325,0.70698,5.92994e-05,0.707233
1581151498.785598041,0.596223,0.000207414,0.687236,-0.000170679,0.706975,6.44657e-05,0.707239
1581151498.791731370,0.596072,0.000206096,0.687243,-0.000161905,0.706966,6.89083e-05,0.707248
1581151498.798489480,0.595894,0.000205997,0.687248,-0.000158158,0.706958,6.88298e-05,0.707256
1581151498.806365868,0.595718,0.0002068,0.687244,-0.000168483,0.706958,5.89831e-05,0.707255
1581151498.812737076,0.595545,0.000208841,0.687239,-0.000179591,0.706966,5.35447e-05,0.707247
1581151498.819542426,0.595371,0.000212279,0.687236,-0.000177516,0.706974,6.17076e-05,0.70724
1581151498.826356818,0.595194,0.000217881,0.687236,-0.000172724,0.70698,7.4438e-05,0.707234
1581151498.867337789,0.594163,0.000254111,0.687218,-0.000194793,0.707036,0.000107358,0.707178
1581151498.873524479,0.593988,0.000261603,0.687222,-0.000207322,0.707034,0.000103834,0.70718
1581151498.880249191,0.593816,0.000267497,0.687226,-0.000221219,0.707024,9.59443e-05,0.707189
1581151498.886532424,0.593667,0.000273691,0.687226,-0.000230356,0.70702,9.44722e-05,0.707193
1581151498.893489247,0.593487,0.00028263,0.687226,-0.000232189,0.707018,0.000102972,0.707196
1581151498.900189215,0.593335,0.000288396,0.687224,-0.000230085,0.707017,0.000111388,0.707196
1581151498.907689158,0.593135,0.000294029,0.687222,-0.000233283,0.707017,0.000114237,0.707196
1581151498.914344271,0.592963,0.000294396,0.687223,-0.000239656,0.707013,0.000107306,0.7072
1581151498.920529954,0.592815,0.000290616,0.687225,-0.000239526,0.707008,0.000102289,0.707205
1581151498.927334863,0.592638,0.000282656,0.687234,-0.000229906,0.706997,0.000100536,0.707216
1581151498.933552685,0.592486,0.000272777,0.687242,-0.000212368,0.706987,0.000102915,0.707226
1581151498.975612874,0.592312,0.000256986,0.687243,-0.000195623,0.706981,9.77929e-05,0.707233
1581151498.981732913,0.591292,0.000191757,0.687247,-0.000149002,0.70697,6.44995e-05,0.707243
1581151498.988418857,0.591118,0.00018575,0.687245,-0.00014947,0.706976,5.81332e-05,0.707237
1581151498.994624363,0.590968,0.000180363,0.687244,-0.00014584,0.70698,5.63335e-05,0.707233
1581151499.001367311,0.590792,0.00017497,0.687239,-0.000141486,0.706988,5.55554e-05,0.707226
1581151499.009286486,0.590592,0.000170055,0.687232,-0.000134325,0.706995,5.79633e-05,0.707218
1581151499.015614430,0.590444,0.000169864,0.687231,-0.000139239,0.706998,5.45798e-05,0.707216
1581151499.022246377,0.590271,0.000173868,0.687235,-0.000150781,0.706997,5.03356e-05,0.707217
1581151499.028552826,0.590121,0.000179066,0.687238,-0.000158756,0.706995,5.05558e-05,0.707219
1581151499.035298568,0.589947,0.000184723,0.687236,-0.00016688,0.706997,5.21649e-05,0.707216
1581151499.041378630,0.589798,0.000189425,0.687238,-0.000172276,0.706998,5.42359e-05,0.707216
1581151499.082580963,0.589648,0.000193672,0.687235,-0.000180838,0.707003,5.29585e-05,0.707211
1581151499.088743392,0.58862,0.000238432,0.687226,-0.000223833,0.707023,6.77749e-05,0.707191
1581151499.096248172,0.588442,0.000247272,0.68723,-0.000230323,0.707014,6.99104e-05,0.707199
1581151499.102320867,0.588268,0.000255324,0.687231,-0.000229604,0.707009,7.90368e-05,0.707205
1581151499.110299712,0.58807,0.00026276,0.687229,-0.000229485,0.707006,8.83371e-05,0.707207
1581151499.116527348,0.587918,0.000268004,0.687232,-0.000233702,0.707002,8.95646e-05,0.707211
1581151499.122783124,0.587767,0.000272217,0.687237,-0.000236775,0.706996,8.94945e-05,0.707218
1581151499.129324818,0.587589,0.000275193,0.687243,-0.00023722,0.706989,9.08251e-05,0.707224
1581151499.135588717,0.587441,0.000275174,0.687244,-0.000232146,0.706986,9.52325e-05,0.707227
1581151499.142248309,0.587268,0.000272321,0.687239,-0.00022179,0.706985,0.000101414,0.707228
1581151499.148544895,0.587119,0.000269475,0.687239,-0.000216336,0.706981,0.000101893,0.707232
1581151499.155353434,0.586967,0.000265772,0.687244,-0.000217329,0.706974,9.39501e-05,0.707239
1581151499.195781104,0.585934,0.000270203,0.687249,-0.000209845,0.706966,9.93768e-05,0.707248
1581151499.202413160,0.585759,0.000274547,0.687245,-0.000208537,0.706973,0.000104088,0.707241
1581151499.213688128,0.585488,0.000279591,0.687237,-0.000189966,0.706983,0.000125419,0.70723
1581151499.220466444,0.585313,0.000283691,0.687242,-0.000178702,0.706983,0.000138686,0.70723
1581151499.226763842,0.585159,0.000287289,0.687244,-0.000177483,0.706986,0.000141563,0.707228
1581151499.233296356,0.584981,0.000291063,0.687238,-0.000177304,0.706994,0.000143771,0.707219
1581151499.239637273,0.584831,0.000291024,0.687233,-0.000176988,0.706999,0.000143608,0.707214
1581151499.246185647,0.584683,0.000288771,0.687234,-0.000172921,0.706999,0.00014607,0.707214
1581151499.252552578,0.584511,0.000285658,0.687238,-0.000168831,0.706997,0.000149456,0.707216
1581151499.258741601,0.58436,0.000283947,0.687249,-0.000172914,0.706992,0.000145285,0.707222
1581151499.265418378,0.584183,0.000280272,0.687257,-0.000179675,0.70699,0.000135325,0.707224
1581151499.308338328,0.583135,0.000267489,0.687254,-0.00016756,0.707012,0.000137187,0.707201
1581151499.314749636,0.582963,0.000265705,0.687257,-0.000165893,0.707007,0.000136306,0.707207
1581151499.321286864,0.582788,0.000265305,0.687265,-0.000166713,0.706997,0.0001354,0.707216
1581151499.328187951,0.582614,0.000264227,0.687272,-0.00016668,0.706988,0.000135132,0.707225
1581151499.334776993,0.582463,0.000262995,0.687274,-0.00017564,0.706984,0.000125703,0.70723
1581151499.340707042,0.582289,0.000257119,0.68727,-0.000182477,0.706982,0.000112586,0.707232
1581151499.348212539,0.582114,0.000249273,0.687268,-0.000181818,0.706978,0.000102914,0.707235
1581151499.354403033,0.581963,0.00024118,0.68727,-0.000175537,0.706973,9.79287e-05,0.707241
1581151499.360709466,0.581814,0.000232307,0.687274,-0.000163965,0.706965,9.65304e-05,0.707248
1581151499.367402427,0.58164,0.000222484,0.687276,-0.000149126,0.706957,9.589e-05,0.707257
1581151499.373583805,0.58149,0.000214927,0.687278,-0.000142335,0.706949,8.95317e-05,0.707264
1581151499.414518614,0.581316,0.000207196,0.687278,-0.000131072,0.706941,8.66691e-05,0.707273
1581151499.421336599,0.580295,0.000188062,0.687259,-0.000113155,0.706982,8.63913e-05,0.707232
1581151499.428298612,0.580119,0.00018481,0.687259,-0.000114444,0.706988,8.36557e-05,0.707225
1581151499.434578583,0.57997,0.000181222,0.687253,-0.000115526,0.706997,8.04419e-05,0.707216
1581151499.441315317,0.579797,0.000178004,0.68725,-0.000121759,0.707003,7.24387e-05,0.70721
1581151499.447632838,0.579646,0.000175192,0.687253,-0.000123984,0.707004,6.74965e-05,0.70721
1581151499.454265804,0.57947,0.0001724,0.687259,-0.000124795,0.707001,6.34879e-05,0.707212
1581151499.460473423,0.579318,0.000172446,0.687258,-0.000121474,0.707002,6.73782e-05,0.707212
1581151499.466723000,0.579168,0.00017599,0.68725,-0.000124455,0.707007,7.05625e-05,0.707207
1581151499.473332623,0.578995,0.000181466,0.687243,-0.000136755,0.707011,6.87909e-05,0.707202
1581151499.479662018,0.578845,0.000187722,0.687243,-0.000153414,0.707012,6.32447e-05,0.707202
1581151499.485745626,0.578695,0.000195094,0.687246,-0.000165523,0.707011,6.24218e-05,0.707203
1581151499.527467145,0.57764,0.000259292,0.687245,-0.000219879,0.707017,9.12496e-05,0.707197
1581151499.533451534,0.577489,0.00026704,0.687245,-0.000217715,0.707014,0.000101731,0.707199
1581151499.540343366,0.577317,0.000274421,0.687247,-0.000211843,0.707009,0.000115322,0.707205
1581151499.546495256,0.57717,0.000279614,0.687249,-0.000216385,0.707005,0.000117322,0.707208
1581151499.553223869,0.577019,0.000284896,0.687257,-0.000228589,0.706999,0.000111899,0.707214
1581151499.559481221,0.57684,0.000288381,0.68726,-0.000240461,0.706999,0.000104166,0.707215
1581151499.565740711,0.57669,0.000289862,0.687259,-0.000239815,0.707,0.000106738,0.707213
1581151499.572376778,0.576516,0.000290206,0.687254,-0.000234407,0.707005,0.000112712,0.707209
1581151499.578662091,0.576368,0.000291279,0.687246,-0.000229843,0.707013,0.000119284,0.707201
1581151499.585321945,0.576194,0.00029373,0.687241,-0.000237246,0.707018,0.000115413,0.707195
1581151499.591534671,0.576042,0.00029572,0.687243,-0.000242258,0.70702,0.000111889,0.707194
1581151499.640497316,0.575867,0.000293201,0.687246,-0.000239845,0.707017,0.000109903,0.707197
1581151499.646856449,0.574671,0.000259982,0.687255,-0.000206028,0.706967,9.5073e-05,0.707246
1581151499.653287562,0.574496,0.000255121,0.687261,-0.000199802,0.706956,9.33652e-05,0.707257
1581151499.659615890,0.574345,0.000250994,0.687264,-0.000201062,0.70695,8.61778e-05,0.707263
1581151499.666349035,0.574194,0.000247623,0.687263,-0.000204717,0.706951,7.82405e-05,0.707263
1581151499.672642251,0.574021,0.000241544,0.687257,-0.000199298,0.706959,7.76577e-05,0.707254
1581151499.679404206,0.573847,0.000236026,0.68725,-0.000187895,0.70697,8.33077e-05,0.707244
1581151499.685630397,0.573697,0.000231913,0.687248,-0.000177127,0.706976,8.96406e-05,0.707238
1581151499.692491036,0.573523,0.000229403,0.687241,-0.00017917,0.706986,8.64514e-05,0.707228
1581151499.699288021,0.573372,0.000228402,0.687237,-0.000181795,0.706993,8.3305e-05,0.707221
1581151499.706634515,0.573197,0.000228164,0.687233,-0.000183698,0.707,8.19227e-05,0.707214
1581151499.712805114,0.572998,0.000228246,0.687233,-0.000181953,0.707005,8.52368e-05,0.707208
1581151499.754328759,0.571996,0.000233112,0.68723,-0.00017802,0.707022,9.72813e-05,0.707191
1581151499.760403710,0.571819,0.000229965,0.687225,-0.000182641,0.707027,9.00164e-05,0.707186
1581151499.767268275,0.571645,0.000225274,0.68722,-0.00019241,0.707033,7.78142e-05,0.707181
1581151499.773321268,0.571496,0.000220508,0.68722,-0.000202841,0.707036,6.46439e-05,0.707178
1581151499.779706789,0.571345,0.000216269,0.687221,-0.00020661,0.707036,5.80862e-05,0.707177
1581151499.786197074,0.571194,0.000211904,0.687223,-0.000209701,0.707035,5.0834e-05,0.707179
1581151499.792468708,0.571017,0.000209256,0.687224,-0.000213761,0.70703,4.36381e-05,0.707183
1581151499.798756243,0.570868,0.000206178,0.687225,-0.000216231,0.707027,3.68422e-05,0.707187
1581151499.806540700,0.570696,0.000202756,0.687223,-0.000206551,0.707023,3.93115e-05,0.707191
1581151499.812744395,0.570519,0.00019898,0.687226,-0.000192413,0.707017,4.43187e-05,0.707197
1581151499.819452197,0.570342,0.000195923,0.687227,-0.00017366,0.707015,5.56777e-05,0.707199
1581151499.860335281,0.569337,0.000178515,0.687244,-0.000119112,0.706994,7.56757e-05,0.70722
1581151499.866526994,0.569163,0.000183724,0.687242,-0.000121731,0.706993,7.82082e-05,0.707221
1581151499.872700234,0.569015,0.000188332,0.687234,-0.000130134,0.706995,7.46832e-05,0.707219
1581151499.879431439,0.568841,0.000194005,0.687232,-0.000137155,0.706991,7.29749e-05,0.707222
1581151499.885684567,0.568688,0.000200487,0.687238,-0.00013587,0.706982,7.96515e-05,0.707231
1581151499.892426787,0.568511,0.000206986,0.687248,-0.000129169,0.706968,9.05873e-05,0.707246
1581151499.898743964,0.568362,0.000213694,0.687254,-0.000125358,0.706957,0.000100294,0.707257
1581151499.906677776,0.568189,0.000222816,0.687259,-0.000133371,0.706952,0.000103319,0.707262
1581151499.913535984,0.567992,0.000235339,0.687261,-0.000153764,0.706955,0.000101268,0.707259
1581151499.919769534,0.567839,0.000247233,0.687262,-0.000170621,0.70696,0.000102382,0.707253
1581151499.926977773,0.567662,0.000260468,0.687257,-0.00018567,0.706971,0.000107811,0.707242
1581151499.932686356,0.567512,0.000271307,0.687248,-0.000194334,0.706982,0.00011516,0.707231
1581151499.974342007,0.567338,0.000284549,0.687241,-0.000210707,0.706992,0.000117897,0.707221
1581151499.980642916,0.566318,0.000277957,0.687232,-0.000195037,0.707021,0.000127016,0.707192
1581151499.987308293,0.566167,0.000266541,0.687229,-0.000192189,0.707025,0.000115215,0.707188
1581151499.993797368,0.565992,0.000253596,0.687227,-0.000183867,0.707028,0.000107932,0.707186
1581151500.000387025,0.565818,0.00024013,0.687222,-0.000170998,0.707032,0.000105296,0.707182
1581151500.007777670,0.565645,0.000227518,0.687222,-0.000156347,0.707033,0.000104498,0.707181
1581151500.014265479,0.565471,0.000216719,0.687227,-0.000148646,0.707031,9.81089e-05,0.707183
1581151500.020766245,0.565322,0.000208809,0.687225,-0.000145484,0.707033,9.11416e-05,0.707181
1581151500.027100904,0.565172,0.000199866,0.687224,-0.000135654,0.707036,8.89347e-05,0.707178
1581151500.033662837,0.564997,0.000187666,0.687225,-0.000117458,0.707036,9.01659e-05,0.707178
1581151500.040390611,0.564823,0.00017437,0.687227,-9.3819e-05,0.707031,9.38949e-05,0.707183
1581151500.080562795,0.564672,0.000165698,0.687229,-8.88152e-05,0.707027,8.64888e-05,0.707187
1581151500.086782546,0.56367,0.00019498,0.687224,-0.00017306,0.707024,5.47655e-05,0.70719
1581151500.093579613,0.563495,0.000204739,0.68722,-0.000188069,0.70703,5.4862e-05,0.707184
1581151500.100231810,0.563346,0.000212874,0.687218,-0.000196985,0.707033,5.77667e-05,0.707181
1581151500.107667710,0.563146,0.000224125,0.687218,-0.000201996,0.707037,6.73593e-05,0.707177
1581151500.114368870,0.562969,0.00023537,0.687218,-0.000207933,0.70704,7.4677e-05,0.707173
1581151500.120553288,0.562817,0.000245334,0.687216,-0.000213724,0.707042,7.99478e-05,0.707171
1581151500.127392434,0.562643,0.000257004,0.687217,-0.000223749,0.707039,8.32507e-05,0.707175
1581151500.133549396,0.562496,0.000267167,0.687215,-0.000227922,0.707037,9.19287e-05,0.707176
1581151500.140281568,0.562347,0.000278465,0.687218,-0.000235464,0.707034,9.87516e-05,0.70718
1581151500.146410144,0.56217,0.000292003,0.687221,-0.000245868,0.70703,0.000105128,0.707183
1581151500.152767135,0.562017,0.000302379,0.687223,-0.000256973,0.707027,0.000106192,0.707186
1581151500.193252441,0.561015,0.000256939,0.687234,-0.000203238,0.707007,9.29702e-05,0.707207
1581151500.199671799,0.560843,0.000242022,0.687234,-0.000189894,0.707004,8.70301e-05,0.70721
1581151500.206230421,0.560696,0.000230251,0.687235,-0.000179451,0.707,8.32473e-05,0.707214
1581151500.213396431,0.560494,0.000218786,0.687247,-0.000171356,0.706989,7.77906e-05,0.707225
1581151500.219683388,0.560342,0.000211164,0.687249,-0.00017519,0.706984,6.55689e-05,0.70723
1581151500.227572779,0.560141,0.000200693,0.687246,-0.000184937,0.706983,4.3886e-05,0.707231
1581151500.233802281,0.559993,0.000191146,0.687242,-0.000188714,0.706982,2.92251e-05,0.707232
1581151500.247426390,0.559669,0.000175246,0.687248,-0.000173516,0.706965,2.35874e-05,0.707248
1581151500.253677092,0.559517,0.000173454,0.687249,-0.000165479,0.706962,2.80497e-05,0.707252
1581151500.260585592,0.559342,0.000176283,0.687245,-0.000169522,0.706968,2.77255e-05,0.707246
1581151500.266767036,0.559169,0.000181252,0.687238,-0.000178704,0.706979,2.60182e-05,0.707235
1581151500.308341060,0.558125,0.000233003,0.687226,-0.000211592,0.707021,6.31461e-05,0.707193
1581151500.314700747,0.557977,0.000242483,0.687233,-0.000208429,0.707018,7.81296e-05,0.707195
1581151500.321402996,0.557802,0.000255216,0.687238,-0.000204618,0.707018,9.71812e-05,0.707195
1581151500.327685632,0.557653,0.000266621,0.68724,-0.000208631,0.707018,0.000107465,0.707195
1581151500.334633438,0.55748,0.000279086,0.687242,-0.000221498,0.707019,0.000110387,0.707195
1581151500.340627986,0.557331,0.000289968,0.687246,-0.000231264,0.707017,0.000114048,0.707196
1581151500.347556127,0.557157,0.000301095,0.687252,-0.000233539,0.707014,0.000125886,0.707199
1581151500.354299620,0.557008,0.000304607,0.687246,-0.00022944,0.707019,0.00013522,0.707195
1581151500.360376894,0.556831,0.000303724,0.687245,-0.000226763,0.707021,0.000137855,0.707193
1581151500.366645589,0.556682,0.000296945,0.687244,-0.000229404,0.707023,0.00012837,0.70719
1581151500.373290162,0.556507,0.000284211,0.68725,-0.000229952,0.707019,0.000112316,0.707194
1581151500.379714106,0.556357,0.000270921,0.687256,-0.000222227,0.707012,0.000102611,0.707201
1581151500.420298944,0.555334,0.000170538,0.687265,-0.000142542,0.706997,4.94678e-05,0.707216
1581151500.426694287,0.555185,0.000163769,0.687263,-0.000132633,0.707001,5.06856e-05,0.707213
1581151500.433345506,0.55501,0.000159831,0.687269,-0.000128592,0.707,4.94941e-05,0.707213
1581151500.439788608,0.55486,0.000161386,0.687272,-0.000132717,0.707001,4.7189e-05,0.707213
1581151500.446408670,0.554684,0.000167094,0.687275,-0.000135731,0.707003,5.0781e-05,0.70721
1581151500.452697552,0.554534,0.000174543,0.687272,-0.000138923,0.707006,5.75778e-05,0.707207
1581151500.458827467,0.554386,0.00018327,0.687268,-0.000142352,0.707006,6.52826e-05,0.707208
1581151500.465498864,0.554212,0.000193449,0.687269,-0.000148192,0.707,7.13534e-05,0.707214
1581151500.472413207,0.554061,0.000203804,0.687274,-0.000157936,0.706991,7.32017e-05,0.707223
1581151500.478677541,0.553883,0.000215296,0.687279,-0.000170195,0.706982,7.34777e-05,0.707231
1581151500.485364071,0.553706,0.000225951,0.68728,-0.000178127,0.706979,7.87821e-05,0.707235
1581151500.491501378,0.553558,0.000234062,0.687281,-0.000185694,0.706975,8.24325e-05,0.707238
1581151500.532269058,0.552559,0.000299983,0.687296,-0.000251117,0.706954,0.000108072,0.70726
1581151500.538571289,0.552383,0.000305686,0.687293,-0.000258515,0.706953,0.000107737,0.707261
1581151500.545373037,0.552203,0.000306426,0.687298,-0.000261587,0.706946,0.000103765,0.707267
1581151500.551590952,0.552053,0.000302628,0.6873,-0.00025537,0.706941,0.000104105,0.707272
1581151500.557821256,0.551904,0.000294956,0.687299,-0.000241863,0.706937,0.000106717,0.707277
1581151500.564440311,0.551731,0.000283567,0.687297,-0.00022873,0.706931,0.000105043,0.707283
1581151500.570720670,0.551583,0.000272014,0.687298,-0.00022694,0.706927,9.30783e-05,0.707286
1581151500.577469693,0.551405,0.000257577,0.687299,-0.000232081,0.70693,7.05496e-05,0.707283
1581151500.583702812,0.551254,0.000243359,0.687296,-0.00023326,0.706938,5.32602e-05,0.707276
1581151500.589817936,0.551105,0.000227623,0.68729,-0.000223499,0.706947,4.50606e-05,0.707266
1581151500.596740303,0.550931,0.000210339,0.687283,-0.000209004,0.706958,3.93329e-05,0.707255
1581151500.602754436,0.550782,0.000198718,0.687278,-0.000198236,0.706967,3.66284e-05,0.707247
1581151500.643449156,0.549759,0.000182469,0.687271,-0.000209939,0.706993,1.00087e-05,0.70722
1581151500.649570815,0.549609,0.000190797,0.687273,-0.000218197,0.706994,1.10381e-05,0.707219
1581151500.656295702,0.54946,0.000198234,0.687269,-0.000218655,0.706998,1.82045e-05,0.707215
1581151500.662500506,0.549286,0.000206902,0.687259,-0.000208681,0.707005,3.69635e-05,0.707208
1581151500.669373947,0.549111,0.000216597,0.687253,-0.000196088,0.707009,5.91013e-05,0.707205
1581151500.675662998,0.548961,0.000226121,0.687254,-0.000191136,0.707008,7.34522e-05,0.707205
1581151500.682412175,0.548788,0.000236428,0.687251,-0.000190866,0.70701,8.34346e-05,0.707203
1581151500.688582516,0.548638,0.000244393,0.687252,-0.000191219,0.70701,9.03879e-05,0.707204
1581151500.695424766,0.548464,0.000252872,0.687249,-0.000182519,0.707012,0.000106988,0.707202
1581151500.701540213,0.548313,0.00026064,0.687249,-0.00017175,0.707012,0.000124535,0.707201
1581151500.709331308,0.548111,0.000271814,0.687252,-0.00016776,0.707009,0.000140352,0.707204
1581151500.757528782,0.546914,0.000274372,0.687255,-0.00019831,0.706993,0.000118358,0.70722
1581151500.764353607,0.546763,0.000263173,0.687254,-0.000187142,0.706992,0.000113102,0.707221
1581151500.770423391,0.546586,0.000247793,0.687256,-0.00017251,0.706991,0.000106274,0.707223
1581151500.776678900,0.546434,0.000232237,0.687255,-0.000158878,0.706992,9.92225e-05,0.707221
1581151500.782865271,0.546285,0.000214979,0.68725,-0.000151056,0.706997,8.55513e-05,0.707217
1581151500.789696875,0.546113,0.000195549,0.687247,-0.000147852,0.707,6.62353e-05,0.707214
1581151500.796450372,0.545938,0.000178619,0.687248,-0.000145586,0.706999,4.93859e-05,0.707214
1581151500.802783927,0.545787,0.000168493,0.687254,-0.000143794,0.706995,3.93698e-05,0.707219
1581151500.810449056,0.545585,0.000162788,0.687259,-0.000146634,0.70699,3.00235e-05,0.707223
1581151500.816661144,0.545435,0.000162695,0.687259,-0.000151721,0.70699,2.52872e-05,0.707224
1581151500.823621049,0.545263,0.000166775,0.687255,-0.000158935,0.706992,2.38103e-05,0.707221
1581151500.829811393,0.545113,0.000173083,0.687257,-0.000159682,0.706992,3.01589e-05,0.707222
1581151500.870569837,0.544083,0.000230146,0.68725,-0.000166186,0.707009,8.91081e-05,0.707204
1581151500.876713558,0.543932,0.000238359,0.687248,-0.000170065,0.707013,9.64024e-05,0.7072
1581151500.883488151,0.543757,0.000246446,0.687244,-0.000179946,0.707019,9.85986e-05,0.707194
1581151500.889640882,0.543609,0.000253576,0.687239,-0.000186913,0.707025,0.000102065,0.707188
1581151500.896483434,0.543436,0.00026189,0.687235,-0.00018774,0.707031,0.000112759,0.707183
1581151500.902540739,0.543285,0.000270127,0.687235,-0.000187043,0.707034,0.000124278,0.70718
1581151500.910401640,0.543082,0.000280263,0.687236,-0.000188309,0.707034,0.000135705,0.707179
1581151500.916775776,0.542932,0.000285952,0.687235,-0.000196825,0.707032,0.000134491,0.707181
1581151500.923681097,0.542759,0.000292546,0.687236,-0.000215386,0.707028,0.000126099,0.707185
1581151500.930435783,0.542587,0.000294557,0.687238,-0.000229184,0.707024,0.000118304,0.70719
1581151500.936639509,0.542436,0.000294593,0.68724,-0.000234623,0.707021,0.000115658,0.707192
1581151500.943410236,0.542259,0.000291264,0.687241,-0.000232335,0.707019,0.000115252,0.707194
1581151500.983769663,0.541262,0.000229418,0.687224,-0.000199262,0.707032,6.93421e-05,0.707181
1581151500.990588395,0.541089,0.000215875,0.687222,-0.00019589,0.707035,5.45946e-05,0.707179
1581151500.997296469,0.540914,0.000206036,0.687223,-0.000193312,0.707034,4.39973e-05,0.707179
1581151501.003626420,0.540765,0.000199785,0.687222,-0.000185812,0.707035,4.36551e-05,0.707179
1581151501.011389263,0.540591,0.000195381,0.687218,-0.000173418,0.707037,5.05318e-05,0.707177
1581151501.017725569,0.540416,0.000190391,0.687219,-0.000166118,0.707036,5.03044e-05,0.707178
1581151501.024381369,0.540267,0.000186167,0.687218,-0.000166188,0.707036,4.40249e-05,0.707177
1581151501.030703167,0.54009,0.00018349,0.687218,-0.000169497,0.707036,3.63924e-05,0.707177
1581151501.037536746,0.539914,0.000181289,0.687215,-0.000162219,0.707038,4.02503e-05,0.707175
1581151501.044260750,0.539765,0.000179536,0.687211,-0.000150599,0.70704,4.92042e-05,0.707173
1581151501.050434992,0.539591,0.000177628,0.687216,-0.000144019,0.707037,5.27882e-05,0.707176
1581151501.090803787,0.539442,0.000178836,0.687219,-0.000147644,0.707034,5.07749e-05,0.707179
1581151501.097601659,0.53841,0.000199308,0.687217,-0.000172021,0.707036,5.36993e-05,0.707178
1581151501.103588679,0.538259,0.000202868,0.687218,-0.000173949,0.707035,5.57622e-05,0.707179
1581151501.111529220,0.538061,0.000207623,0.687219,-0.000171321,0.707032,6.45001e-05,0.707181
1581151501.117665199,0.537914,0.000210594,0.687219,-0.000170054,0.707031,6.96584e-05,0.707182
1581151501.125211501,0.537738,0.000214236,0.687222,-0.000174405,0.707027,6.8516e-05,0.707186
1581151501.130726024,0.537586,0.000217068,0.687225,-0.000176173,0.707022,6.88087e-05,0.707191
1581151501.137509436,0.537409,0.000221683,0.687229,-0.000178112,0.707017,7.2148e-05,0.707197
1581151501.144415804,0.537259,0.000224064,0.687228,-0.000179392,0.707015,7.42362e-05,0.707198
1581151501.150557175,0.537086,0.000225532,0.687225,-0.000180788,0.707014,7.48172e-05,0.707199
1581151501.156838027,0.536934,0.000223831,0.687228,-0.000185771,0.707008,6.70813e-05,0.707205
1581151501.163375020,0.536755,0.000220592,0.687231,-0.000192107,0.707002,5.55707e-05,0.707212
1581151501.203453729,0.535775,0.000200331,0.687237,-0.000183517,0.70698,3.73523e-05,0.707233
1581151501.209695415,0.5356,0.000200939,0.687235,-0.000179034,0.706987,4.54969e-05,0.707227
1581151501.216468068,0.535427,0.000201085,0.68723,-0.00018042,0.706994,4.72489e-05,0.707219
1581151501.222831974,0.535279,0.000200659,0.687231,-0.000184948,0.706997,4.40365e-05,0.707217
1581151501.229400041,0.535102,0.00020082,0.687241,-0.000188237,0.706995,4.21944e-05,0.707219
1581151501.235736765,0.534952,0.000200109,0.687248,-0.00018396,0.706993,4.62001e-05,0.70722
1581151501.243445125,0.534779,0.00019784,0.687256,-0.000174757,0.706992,5.34602e-05,0.707222
1581151501.249730643,0.534607,0.000194492,0.687259,-0.000173544,0.706993,5.15222e-05,0.70722
1581151501.256692844,0.534434,0.000193607,0.687261,-0.000180631,0.706995,4.37586e-05,0.707218
1581151501.262782380,0.534283,0.000193364,0.687266,-0.000187188,0.706995,3.74334e-05,0.707219
1581151501.269622577,0.534107,0.000192443,0.687271,-0.000184799,0.706995,3.9771e-05,0.707219
1581151501.310374222,0.533089,0.000199205,0.687273,-0.000190895,0.707011,4.7388e-05,0.707202
1581151501.316926057,0.532941,0.000203384,0.687274,-0.000195337,0.70701,4.90193e-05,0.707204
1581151501.323490304,0.532765,0.000209528,0.687277,-0.000208825,0.707003,4.33782e-05,0.70721
1581151501.334495703,0.532617,0.000215076,0.687279,-0.000221857,0.706998,3.92223e-05,0.707215
1581151501.336838636,0.532443,0.000220972,0.687284,-0.000225466,0.706992,4.50758e-05,0.707222
1581151501.342694752,0.532294,0.00022336,0.687285,-0.00021749,0.706989,5.55767e-05,0.707225
1581151501.350310790,0.532095,0.000223289,0.687287,-0.000204236,0.706986,6.5244e-05,0.707227
1581151501.356531241,0.531944,0.000222374,0.687286,-0.000201175,0.706986,6.41787e-05,0.707227
1581151501.363354383,0.531794,0.000220714,0.687287,-0.000193809,0.706984,6.60816e-05,0.707229
1581151501.369430173,0.531621,0.000218466,0.687289,-0.000175215,0.706983,7.83933e-05,0.707231
1581151501.375777490,0.531473,0.000216374,0.687292,-0.000154851,0.706981,9.2807e-05,0.707233
1581151501.382326633,0.5313,0.000215485,0.687293,-0.000139568,0.706979,0.000102561,0.707234
1581151501.422486160,0.530298,0.000225884,0.687291,-0.000145245,0.706976,0.000108367,0.707238
1581151501.429394469,0.530148,0.000225566,0.687292,-0.000152331,0.706974,0.000101726,0.707239
1581151501.435734531,0.529976,0.000225385,0.687295,-0.000154739,0.706971,0.000100106,0.707242
1581151501.442438039,0.529829,0.000223727,0.687293,-0.000150506,0.70697,0.000102781,0.707243
1581151501.448694411,0.529654,0.000223721,0.687295,-0.000146871,0.706967,0.000105076,0.707247
1581151501.455532357,0.529504,0.000223401,0.687299,-0.000150287,0.706963,0.000100514,0.707251
1581151501.461722316,0.529327,0.000223525,0.687301,-0.000152767,0.70696,9.8031e-05,0.707254
1581151501.468333169,0.529177,0.000222292,0.6873,-0.00015187,0.70696,9.77435e-05,0.707253
1581151501.474783513,0.529005,0.000220304,0.687292,-0.000156006,0.706965,9.4069e-05,0.707248
1581151501.481406737,0.528854,0.000220103,0.687291,-0.000167599,0.706966,8.47897e-05,0.707248
1581151501.487580519,0.528677,0.000221957,0.687294,-0.000183392,0.706963,7.29873e-05,0.70725
1581151501.494484147,0.5285,0.000225467,0.687298,-0.000193142,0.70696,6.82613e-05,0.707253
1581151501.500672644,0.528352,0.000227688,0.687295,-0.000193333,0.706962,7.16226e-05,0.707251
1581151501.541622885,0.527332,0.000241273,0.687282,-0.000164728,0.706967,0.000110066,0.707246
1581151501.548356560,0.527183,0.000240281,0.68728,-0.000164805,0.706969,0.000108619,0.707245
1581151501.554786511,0.527006,0.000237864,0.687286,-0.000161486,0.706965,0.000107074,0.707249
1581151501.561446208,0.52683,0.000234549,0.687289,-0.000151898,0.706963,0.000110902,0.70725
1581151501.567670628,0.526681,0.000230922,0.687288,-0.00013974,0.706964,0.00011769,0.70725
1581151501.574323505,0.526532,0.000228119,0.687284,-0.000136847,0.706966,0.000117853,0.707248
1581151501.580651783,0.526359,0.000226414,0.687283,-0.000149044,0.706967,0.000105485,0.707247
1581151501.587407963,0.526208,0.000225806,0.687284,-0.000160907,0.706966,9.40217e-05,0.707248
1581151501.593633198,0.526031,0.000226301,0.687286,-0.000166578,0.706965,9.05715e-05,0.707249
1581151501.600364306,0.525883,0.000224563,0.687285,-0.000169201,0.706966,8.86466e-05,0.707247
1581151501.607674073,0.525684,0.000223142,0.687276,-0.000179311,0.706973,8.21153e-05,0.707241
1581151501.618725991,0.525534,0.000221716,0.687272,-0.000194296,0.706975,6.8668e-05,0.707238
1581151501.658780408,0.524411,0.000204332,0.687264,-0.000215969,0.706988,3.1383e-05,0.707226
1581151501.665517443,0.524235,0.000203933,0.687264,-0.000206774,0.706989,4.01033e-05,0.707225
1581151501.671766705,0.524086,0.000204859,0.687259,-0.000206034,0.706993,4.31873e-05,0.70722
1581151501.678447643,0.523909,0.000208229,0.687257,-0.000211728,0.706996,4.15952e-05,0.707218
1581151501.684859968,0.523757,0.000212698,0.687258,-0.000219644,0.706996,3.85414e-05,0.707218
1581151501.691480323,0.523584,0.00021876,0.687259,-0.000218888,0.706997,4.75204e-05,0.707217
1581151501.697708015,0.523435,0.000224951,0.687262,-0.000214076,0.706995,5.99758e-05,0.707218
1581151501.704351536,0.523261,0.000232874,0.687262,-0.000214154,0.706996,7.04828e-05,0.707217
1581151501.711893670,0.523084,0.000240899,0.687263,-0.000221292,0.706997,7.30307e-05,0.707217
1581151501.718479700,0.522906,0.000249861,0.687263,-0.000231299,0.706998,7.41924e-05,0.707216
1581151501.730649559,0.522757,0.000255649,0.687259,-0.000231632,0.707001,8.16653e-05,0.707212
1581151501.772462647,0.521609,0.000261523,0.687257,-0.000241891,0.707008,8.24826e-05,0.707206
1581151501.778536354,0.521431,0.000261809,0.68726,-0.000243025,0.707007,7.96816e-05,0.707206
1581151501.785482367,0.521254,0.000261193,0.68726,-0.000236094,0.707008,8.30362e-05,0.707206
1581151501.791849938,0.521104,0.000260264,0.687257,-0.000232079,0.70701,8.50794e-05,0.707203
1581151501.798626359,0.520934,0.000256621,0.687247,-0.000229029,0.707018,8.38154e-05,0.707195
1581151501.806479191,0.52079,0.000254217,0.687245,-0.000231494,0.70702,7.73797e-05,0.707194
